date,value,cash,rf,portfolio_drift,max_abs_drift,growth_weight,n_out_of_band,drift_reasons,triggered,reason,traded,note,run,risk,mode
2021-09-27,100000.0,100000.0,0.0020569493304460895,0.5,0.300003,0.0,7,"7 holding(s) outside tolerance band: AGBP.L, INXG.L, ISF.L, SLXX.L, VERX.L, VFEM.L, VUSA.L; portfolio drift 50.0% exceeds 3%; growth weight 0.0% outside policy range 25%–35%",True,initial,True,,Risk 3 (bands),3,bands
2021-10-11,99102.1815640537,8.185452315956354e-12,0.0021055516074988123,0.0045650000000000005,0.002756,0.3039392071899236,0,,False,,False,,Risk 3 (bands),3,bands
2021-10-25,101119.67073010125,8.185452315956354e-12,0.0020556882660895948,0.008576499999999999,0.004683,0.3044713068548818,0,,False,,False,,Risk 3 (bands),3,bands
2021-11-08,103806.29252013536,8.185452315956354e-12,0.001063562665438278,0.0139495,0.009804,0.3088561080845243,0,,False,,False,,Risk 3 (bands),3,bands
2021-11-22,103527.04204425639,8.185452315956354e-12,0.0009140505292295487,0.015924,0.012162,0.31261062958568187,0,,False,,False,,Risk 3 (bands),3,bands
2021-12-06,104249.50043546413,8.185452315956354e-12,0.002844703108543678,0.016411,0.01087,0.3048138302019991,0,,False,,False,,Risk 3 (bands),3,bands
2021-12-20,102975.74297571562,8.185452315956354e-12,0.0026583432841948973,0.011711000000000001,0.007717,0.3065288219849096,0,,False,,False,,Risk 3 (bands),3,bands
2022-01-06,101638.59034899344,8.185452315956354e-12,0.0007135075807427338,0.015620499999999999,0.013093,0.315156243981292,0,,False,,False,,Risk 3 (bands),3,bands
2022-01-20,100478.80509586216,8.185452315956354e-12,0.0007135075807427338,0.012307,0.008954,0.3123057660796753,0,,False,,False,,Risk 3 (bands),3,bands
2022-02-03,99104.3367944311,8.185452315956354e-12,0.0,0.0121335,0.00913,0.3118907403091123,0,,False,,False,,Risk 3 (bands),3,bands
2022-02-17,98038.09216737143,8.185452315956354e-12,0.0,0.011463000000000001,0.007184,0.3100454488113599,0,,False,,False,,Risk 3 (bands),3,bands
2022-03-03,98330.70651767742,8.185452315956354e-12,0.0,0.0153335,0.007654,0.3056868507841604,0,,False,,False,,Risk 3 (bands),3,bands
2022-03-17,97227.65418453989,8.185452315956354e-12,0.0,0.0172495,0.013979,0.31641280720057435,0,,False,,False,,Risk 3 (bands),3,bands
2022-03-31,98511.93078783946,8.185452315956354e-12,0.0,0.0255735,0.022008,0.3247961446089502,0,,False,,False,,Risk 3 (bands),3,bands
2022-04-14,95765.05683459756,8.185452315956354e-12,0.0008631147924713645,0.027077,0.021995,0.3268993579166649,0,,False,,False,,Risk 3 (bands),3,bands
2022-05-03,94501.80755003341,8.185452315956354e-12,0.0,0.0278395,0.022207,0.32783873486819,0,,False,,False,,Risk 3 (bands),3,bands
2022-05-17,94203.87567508701,8.185452315956354e-12,0.00016621143855055642,0.021897,0.016637,0.3214481655782761,0,,False,,False,,Risk 3 (bands),3,bands
2022-05-31,92589.361007805,8.185452315956354e-12,0.0005151721281426713,0.0299525,0.021506,0.32995108423803937,0,,False,,False,,Risk 3 (bands),3,bands
2022-06-16,87883.46461436032,8.185452315956354e-12,0.0005405362223929178,0.023286499999999998,0.01756,0.3185137412703896,0,,False,,False,,Risk 3 (bands),3,bands
2022-06-30,89197.7847602375,8.185452315956354e-12,0.0017405359748439153,0.0299615,0.022443,0.3253954987526085,0,,False,,False,,Risk 3 (bands),3,bands
2022-07-14,89702.88374792578,8.185452315956354e-12,0.00029248226182954085,0.0315615,0.024037,0.3267124516826859,0,portfolio drift 3.2% exceeds 3%,True,portfolio drift 3.2% exceeds 3%,True,,Risk 3 (bands),3,bands
2022-07-28,92721.12165107598,63.65522052155666,0.0017917368173772097,0.0050135,0.003746,0.30411937774802245,0,,False,,False,,Risk 3 (bands),3,bands
2022-08-11,93579.942392767,63.65522052155666,0.002242392889505007,0.012143,0.009634,0.31180097088184,0,,False,,False,,Risk 3 (bands),3,bands
2022-08-25,92132.55257959168,63.65522052155666,0.0020425610392771354,0.02035,0.016882,0.3200027887491009,0,,False,,False,,Risk 3 (bands),3,bands
2022-09-09,89635.44285573976,63.65522052155666,0.004690116126510713,0.0276205,0.022075,0.3272636893142572,0,,False,,False,,Risk 3 (bands),3,bands
2022-09-26,83568.90635955553,63.65522052155666,0.002991334760450215,0.0490305,0.035958,0.3396378372793714,0,portfolio drift 4.9% exceeds 3%,True,portfolio drift 4.9% exceeds 3%,True,,Risk 3 (bands),3,bands
2022-10-10,80950.19452199458,2.2737367544323206e-13,0.003191368817840212,0.556711,0.350001,0.3057159697247363,6,"6 holding(s) outside tolerance band: AGBP.L, ERNS.L, INXG.L, SLXX.L, VUAG.L, VUSA.L; portfolio drift 55.7% exceeds 3%",True,re-optimisation,True,,Risk 3 (bands),3,bands
2022-10-24,83318.4894163149,0.0,0.006088465220061234,0.0201065,0.013089,0.2992704410813334,0,,False,,False,,Risk 3 (bands),3,bands
2022-11-07,83487.62311696174,0.0,0.008337738800678896,0.0218945,0.0121,0.2999810820573082,0,,False,,False,,Risk 3 (bands),3,bands
2022-11-21,85121.46632661013,0.0,0.008137827377937557,0.0289005,0.018651,0.2991525381618515,1,1 holding(s) outside tolerance band: INXG.L,True,1 holding(s) outside tolerance band: INXG.L,True,,Risk 3 (bands),3,bands
2022-12-05,85178.26830015468,-1.1368683772161603e-13,0.010580754643290557,0.0059885,0.002941,0.30057163449706814,0,,False,,False,,Risk 3 (bands),3,bands
2022-12-19,83814.71412569201,-1.1368683772161603e-13,0.012452407313744418,0.012121,0.009333,0.2935007418097004,0,,False,,False,,Risk 3 (bands),3,bands
2023-01-05,84479.7998761608,-1.1368683772161603e-13,0.015022488802435952,0.01166,0.007531,0.2989795799097442,0,,False,,False,,Risk 3 (bands),3,bands
2023-01-19,84993.18441484247,-1.1368683772161603e-13,0.014014337235380703,0.0144245,0.011852,0.29535453767905573,0,,False,,False,,Risk 3 (bands),3,bands
2023-02-02,87238.20515269837,-1.1368683772161603e-13,0.017393745651838044,0.0109665,0.007021,0.30637917678782617,0,,False,,False,,Risk 3 (bands),3,bands
2023-02-16,86497.45351391826,-1.1368683772161603e-13,0.01769636592704882,0.011693,0.004581,0.3116894541890727,0,,False,,False,,Risk 3 (bands),3,bands
2023-03-02,85126.76013956801,-1.1368683772161603e-13,0.01769227175386412,0.011572,0.005687,0.3074176233456232,0,,False,,False,,Risk 3 (bands),3,bands
2023-03-16,85105.75673599068,-1.1368683772161603e-13,0.0188512956607223,0.008485,0.005132,0.2992524328952036,0,,False,,False,,Risk 3 (bands),3,bands
2023-03-30,85758.91959682999,-1.1368683772161603e-13,0.021068612278393628,0.0082795,0.005246,0.30169808386440217,0,,False,,False,,Risk 3 (bands),3,bands
2023-04-17,86238.90651087719,-1.1368683772161603e-13,0.024149541088575255,0.0090715,0.0045,0.3069748956830861,0,,False,,False,,Risk 3 (bands),3,bands
2023-05-02,86065.02617636969,-1.1368683772161603e-13,0.025956766578066226,0.0096765,0.004892,0.3027601204460097,0,,False,,False,,Risk 3 (bands),3,bands
2023-05-17,85875.89984881438,-1.1368683772161603e-13,0.02731740666509963,0.010696,0.006226,0.3046178255456856,0,,False,,False,,Risk 3 (bands),3,bands
2023-06-01,85722.24989471829,-1.1368683772161603e-13,0.028578123341973294,0.010605,0.007376,0.30592214746341484,0,,False,,False,,Risk 3 (bands),3,bands
2023-06-15,86368.83634555498,-1.1368683772161603e-13,0.030026041339723752,0.0133,0.006881,0.31201163543751465,0,,False,,False,,Risk 3 (bands),3,bands
2023-06-29,86402.49247378315,-1.1368683772161603e-13,0.03141209387083532,0.0138715,0.006737,0.31224718363475573,0,,False,,False,,Risk 3 (bands),3,bands
2023-07-13,86286.02430698744,-1.1368683772161603e-13,0.0326378551496489,0.0128405,0.007482,0.30979538651744426,0,,False,,False,,Risk 3 (bands),3,bands
2023-07-27,87520.94324532153,-1.1368683772161603e-13,0.03412429431881514,0.0162245,0.009402,0.3162223110278711,0,,False,,False,,Risk 3 (bands),3,bands
2023-08-10,87308.21671971351,-1.1368683772161603e-13,0.03683801458854319,0.0149895,0.007916,0.3145361876897018,0,,False,,False,,Risk 3 (bands),3,bands
2023-08-24,86645.13755903064,-1.1368683772161603e-13,0.038375146974412244,0.014809,0.007948,0.31114899440528604,0,,False,,False,,Risk 3 (bands),3,bands
2023-09-08,87318.79337689337,-1.1368683772161603e-13,0.04053030207727648,0.016961,0.011152,0.31539037772115475,0,,False,,False,,Risk 3 (bands),3,bands
2023-09-22,87431.35255542761,-1.1368683772161603e-13,0.04252915033942206,0.016492,0.009202,0.31469869159146235,0,,False,,False,,Risk 3 (bands),3,bands
2023-10-06,86307.81900401057,-1.1368683772161603e-13,0.04079231114554949,0.071783,0.066852,0.31269025185456706,2,"2 holding(s) outside tolerance band: INXG.L, SLXX.L; portfolio drift 7.2% exceeds 3%",True,re-optimisation,True,,Risk 3 (bands),3,bands
2023-10-20,86064.81643539366,51.1326054112609,0.042222104915298875,0.0036275,0.003144,0.30138159716978075,0,,False,,False,,Risk 3 (bands),3,bands
2023-11-03,87317.28030308169,51.1326054112609,0.04233242938246384,0.003134,0.002468,0.3011999704144722,0,,False,,False,,Risk 3 (bands),3,bands
2023-11-17,88613.47675000125,51.1326054112609,0.04492868732279143,0.0076125,0.006698,0.30530412208092644,0,,False,,False,,Risk 3 (bands),3,bands
2023-12-01,88840.4953985885,51.1326054112609,0.041609344174142526,0.00759,0.006975,0.30381007503558277,0,,False,,False,,Risk 3 (bands),3,bands
2023-12-15,90478.3388400271,51.1326054112609,0.04307831888115676,0.0136715,0.01271,0.3063229543229738,0,,False,,False,,Risk 3 (bands),3,bands
2024-01-03,90701.83539554602,51.1326054112609,0.045521747425057546,0.0129105,0.012317,0.3065946056129988,0,,False,,False,,Risk 3 (bands),3,bands
2024-01-17,90137.7594701324,51.1326054112609,0.047494161581610905,0.0110755,0.009563,0.3069801432872675,0,,False,,False,,Risk 3 (bands),3,bands
2024-01-31,91512.55420409037,51.1326054112609,0.05133515778103148,0.014564500000000001,0.013448,0.3108248133801634,0,,False,,False,,Risk 3 (bands),3,bands
2024-02-14,91969.23615233546,51.1326054112609,0.05153275533601409,0.018529,0.014584,0.3163875548071845,0,,False,,False,,Risk 3 (bands),3,bands
2024-02-28,92332.37963202059,51.1326054112609,0.05246529469373806,0.021312,0.016446,0.3193803327601484,0,,False,,False,,Risk 3 (bands),3,bands
2024-03-13,93202.31323186427,51.1326054112609,0.05120242284342602,0.0217955,0.017722,0.3203777752663971,0,,False,,False,,Risk 3 (bands),3,bands
2024-03-27,93998.61247411785,51.1326054112609,0.05347340844082238,0.025334,0.019825,0.3243690224091913,0,,False,,False,,Risk 3 (bands),3,bands
2024-04-12,93736.73868821535,51.1326054112609,0.052002590308874996,0.025712000000000002,0.020535,0.32520016344315844,0,,False,,False,,Risk 3 (bands),3,bands
2024-04-26,93493.3910631178,51.1326054112609,0.055445703914053235,0.025236,0.018618,0.3249487437159635,0,,False,,False,,Risk 3 (bands),3,bands
2024-05-13,94654.83186724005,51.1326054112609,0.05428886947290934,0.0282365,0.019584,0.3279534678495251,0,,False,,False,,Risk 3 (bands),3,bands
2024-05-28,94442.6610339584,51.1326054112609,0.05587687287151022,0.027731,0.019948,0.3274465848765959,0,,False,,False,,Risk 3 (bands),3,bands
2024-06-11,94618.51807249823,51.1326054112609,0.053686340926178744,0.0289265,0.022452,0.32864230623075297,0,,False,,False,,Risk 3 (bands),3,bands
2024-06-25,95704.81177646175,51.1326054112609,0.05679625722001713,0.0316145,0.025593,0.3313337301688307,0,portfolio drift 3.2% exceeds 3%,True,portfolio drift 3.2% exceeds 3%,True,,Risk 3 (bands),3,bands
2024-07-09,96014.27662637384,7.963137112839547,0.054748099984960996,0.0030235,0.00205,0.30230461330144814,0,,False,,False,,Risk 3 (bands),3,bands
2024-07-23,96020.07565226438,7.963137112839547,0.05689074765712787,0.0010775,0.000624,0.30006420055475813,0,,False,,False,,Risk 3 (bands),3,bands
2024-08-06,95224.0209340954,7.963137112839547,0.052043810374899246,0.009639,0.007646,0.29063297679175004,0,,False,,False,,Risk 3 (bands),3,bands
2024-08-20,96686.9102693621,7.963137112839547,0.05464209100279138,0.0046235,0.002476,0.2980573214407654,0,,False,,False,,Risk 3 (bands),3,bands
2024-09-04,96383.97415494516,7.963137112839547,0.053657375388712625,0.006786,0.006,0.294050515402386,0,,False,,False,,Risk 3 (bands),3,bands
2024-09-18,96868.24496114338,7.963137112839547,0.05541776678440624,0.006018,0.004148,0.2953906875411514,0,,False,,False,,Risk 3 (bands),3,bands
2024-10-02,97190.21196664577,7.963137112839547,0.05190912855466712,0.010271,0.008397,0.2980264228303684,0,,True,re-optimisation,True,,Risk 3 (bands),3,bands
2024-10-16,98184.07424101298,74.21487848348488,0.05489751614146732,0.007941,0.006079,0.30595681578746897,0,,False,,False,,Risk 3 (bands),3,bands
2024-10-30,97775.438688585,74.21487848348488,0.05582490610684321,0.0090765,0.007659,0.3063042724901978,0,,False,,False,,Risk 3 (bands),3,bands
2024-11-13,98516.75346858532,74.21487848348488,0.053356199848418884,0.0178335,0.01656,0.31284971816840623,0,,False,,False,,Risk 3 (bands),3,bands
2024-11-27,99129.60839852897,74.21487848348488,0.05540829431429395,0.0173725,0.016234,0.3131994108849763,0,,False,,False,,Risk 3 (bands),3,bands
2024-12-11,99720.37336624331,74.21487848348488,0.05105630370722758,0.0182745,0.016847,0.31461094386853516,0,,False,,False,,Risk 3 (bands),3,bands
2024-12-27,99241.2309655206,74.21487848348488,0.05466885834074997,0.017988999999999998,0.016565,0.31332908482282634,0,,False,,False,,Risk 3 (bands),3,bands
2025-01-13,99084.02511384759,74.21487848348488,0.050555732479343085,0.0193705,0.018171,0.31605339299591767,0,,False,,False,,Risk 3 (bands),3,bands
2025-01-27,100284.97744354277,74.21487848348488,0.05368117810837103,0.0185355,0.0169,0.3170783103884166,0,,False,,False,,Risk 3 (bands),3,bands
2025-02-10,101326.72200327189,74.21487848348488,0.05254418164383834,0.0219445,0.019136,0.32071037245800926,0,,False,,False,,Risk 3 (bands),3,bands
2025-02-24,100753.87804346997,74.21487848348488,0.053945648130302226,0.0172295,0.014542,0.3168588143687754,0,,False,,False,,Risk 3 (bands),3,bands
2025-03-10,98929.58297181607,74.21487848348488,0.05095650258973872,0.0051955,0.003202,0.30434228254661844,0,,False,,False,,Risk 3 (bands),3,bands
2025-03-24,99158.25630380513,74.21487848348488,0.050336781273096376,0.0085305,0.004368,0.3081541004635014,0,,False,,False,,Risk 3 (bands),3,bands
2025-04-07,95584.5335159617,74.21487848348488,0.04717785228876159,0.018099,0.014705,0.2816794845603245,0,,False,,False,,Risk 3 (bands),3,bands
2025-04-23,97526.61311995561,74.21487848348488,0.05067046192552316,0.010778,0.011158,0.2913426185920577,0,,False,,False,,Risk 3 (bands),3,bands
2025-05-08,98922.15824819238,74.21487848348488,0.047625089610583204,0.0070945,0.004167,0.2995683678920942,0,,False,,False,,Risk 3 (bands),3,bands
2025-05-22,99368.0076721343,74.21487848348488,0.04926068536214068,0.007975,0.004037,0.3046817441140925,0,,False,,False,,Risk 3 (bands),3,bands
2025-06-06,100230.36903527455,74.21487848348488,0.048046601449027726,0.006934,0.004096,0.3065611559532618,0,,False,,False,,Risk 3 (bands),3,bands
2025-06-20,100516.37142856016,74.21487848348488,0.05064697859679046,0.0055895,0.003653,0.30521786126523076,0,,False,,False,,Risk 3 (bands),3,bands
2025-07-04,101520.79773385945,74.21487848348488,0.0485721014085807,0.0103955,0.0051,0.31002785796603416,0,,False,,False,,Risk 3 (bands),3,bands
2025-07-18,102133.25860923101,74.21487848348488,0.0503389300172139,0.0154015,0.008955,0.31503588840024066,0,,False,,False,,Risk 3 (bands),3,bands
2025-08-01,102493.81815905892,74.21487848348488,0.04693151837330212,0.01414,0.009036,0.3137751663912578,0,,False,,False,,Risk 3 (bands),3,bands
2025-08-15,102923.08873207778,74.21487848348488,0.04889673811324591,0.0175615,0.010559,0.3171985718347434,0,,False,,False,,Risk 3 (bands),3,bands
2025-09-01,103082.69166383646,74.21487848348488,0.04628122795615042,0.0183905,0.011475,0.3180283017451934,0,,False,,False,,Risk 3 (bands),3,bands
2025-09-15,104034.56184458875,74.21487848348488,0.04751718617919187,0.020833499999999998,0.01334,0.32047429435907243,0,,False,,False,,Risk 3 (bands),3,bands
2025-09-29,104649.11841665764,74.21487848348488,0.049422752745222454,0.0335175,0.022912,0.32387801078981915,0,portfolio drift 3.4% exceeds 3%,True,re-optimisation,True,,Risk 3 (bands),3,bands
2025-10-13,105215.0887321809,0.0,0.047276143890623734,0.0015765,0.001282,0.3015685122532568,0,,False,,False,,Risk 3 (bands),3,bands
2025-10-28,106800.61630547905,0.0,0.05035428673513942,0.007275,0.005449,0.3071715643467872,0,,False,,False,,Risk 3 (bands),3,bands
2025-11-11,107004.88237741904,0.0,0.04744659550746966,0.007919,0.00567,0.3078887975847867,0,,False,,False,,Risk 3 (bands),3,bands
2025-11-25,106342.85182517224,0.0,0.048775036293011054,0.004608,0.003087,0.3045329729082931,0,,False,,False,,Risk 3 (bands),3,bands
2025-12-09,106799.32354491619,0.0,0.044106876086209335,0.0067865,0.004132,0.3066783912486321,0,,False,,False,,Risk 3 (bands),3,bands
2025-12-23,107099.48755840665,0.0,0.0477731030049815,0.0067355,0.00389,0.30621012174927714,0,,False,,False,,Risk 3 (bands),3,bands
2026-01-09,107999.28912680502,0.0,0.04327308022262977,0.010095999999999999,0.006604,0.3093820747418188,0,,False,,False,,Risk 3 (bands),3,bands
2026-01-23,107560.32250559771,0.0,0.04358322706381634,0.0082,0.0051,0.3080317835225068,0,,False,,False,,Risk 3 (bands),3,bands
2026-02-06,107798.42030124065,0.0,0.04256577602962608,0.0089085,0.004975,0.30780109149887147,0,,False,,False,,Risk 3 (bands),3,bands
2026-02-20,108692.13637029973,0.0,0.044729272266946785,0.011316,0.007102,0.310288014622943,0,,False,,False,,Risk 3 (bands),3,bands
2026-03-06,107952.29865620393,0.0,0.04208314547480785,0.0087885,0.004275,0.308781193690339,0,,False,,False,,Risk 3 (bands),3,bands
2026-03-20,105769.99218499592,0.0,0.04369943770044249,0.0069445,0.002832,0.3015908977624533,0,,False,,False,,Risk 3 (bands),3,bands
2026-04-07,106648.52713178171,0.0,0.041640191468633514,0.0076805,0.003933,0.3043127418009533,0,,False,,False,,Risk 3 (bands),3,bands
2026-04-21,108731.05462146628,0.0,0.04299572160799836,0.0138285,0.005459,0.3138209854704963,0,,False,,False,,Risk 3 (bands),3,bands
2026-05-06,109472.26616348694,0.0,0.04080685318816779,0.0181155,0.009304,0.3181079882798341,0,,False,,False,,Risk 3 (bands),3,bands
2026-05-20,109951.7861888157,0.0,0.04232603283116054,0.0207695,0.012923,0.32076191624756484,0,,False,,False,,Risk 3 (bands),3,bands
2026-06-04,110930.35867904367,0.0,0.040178196183912496,0.0235485,0.015892,0.3235404933986985,0,,False,,False,,Risk 3 (bands),3,bands
2026-06-18,111511.675838394,0.0,0.04185929225855278,0.023906,0.015517,0.3238979744953963,0,,False,,False,,Risk 3 (bands),3,bands
2026-07-02,111331.30082968852,0.0,0.039695167908885276,0.022779,0.013885,0.3227714788301235,0,,False,,False,,Risk 3 (bands),3,bands
2026-07-16,110981.4293628485,0.0,0.04128632442843916,0.022785,0.014998,0.3225859756450593,0,,False,,False,,Risk 3 (bands),3,bands
2026-07-30,110657.09559063798,0.0,0.04287748094799393,0.0210365,0.011085,0.32102846482367825,0,,False,,False,,Risk 3 (bands),3,bands
2026-08-13,112281.8759113812,0.0,0.041021574928013615,0.028448,0.018553,0.3284412658462212,0,,False,,False,,Risk 3 (bands),3,bands
2026-08-27,111948.10885314358,0.0,0.042690815006467764,0.026432999999999998,0.016054,0.3264249951674873,0,,False,,False,,Risk 3 (bands),3,bands
2026-09-11,111360.07561749779,0.0,0.04074844074844042,0.026005,0.016999,0.3259960285125686,0,,False,,False,,Risk 3 (bands),3,bands
2021-09-27,100000.0,100000.0,0.0020569493304460895,0.5,0.300003,0.0,7,"7 holding(s) outside tolerance band: AGBP.L, INXG.L, ISF.L, SLXX.L, VERX.L, VFEM.L, VUSA.L; portfolio drift 50.0% exceeds 3%; growth weight 0.0% outside policy range 25%–35%",True,initial,True,,Risk 3 (calendar),3,calendar
2021-10-11,99102.1815640537,8.185452315956354e-12,0.0021055516074988123,0.0045650000000000005,0.002756,0.3039392071899236,0,,True,calendar,True,,Risk 3 (calendar),3,calendar
2021-10-25,101110.49549854141,270.2976300806072,0.0020556882660895948,0.007195,0.004657,0.30173490184042207,0,,True,calendar,True,,Risk 3 (calendar),3,calendar
2021-11-08,103779.52748187866,0.0,0.001063562665438278,0.0071155,0.006092,0.3061126080034199,0,,True,calendar,True,,Risk 3 (calendar),3,calendar
2021-11-22,103480.09408189509,0.0,0.0009140505292295487,0.0049695,0.004276,0.30476739573105155,0,,True,calendar,True,,Risk 3 (calendar),3,calendar
2021-12-06,104213.96033370153,437.40102626817077,0.002844703108543678,0.007849,0.00575,0.29297575415367166,0,,True,calendar,True,,Risk 3 (calendar),3,calendar
2021-12-20,102967.87721716298,475.7162587583184,0.0026583432841948973,0.0042325,0.005534,0.29982167794843345,0,,True,calendar,True,,Risk 3 (calendar),3,calendar
2022-01-06,101630.5754321871,5.684341886080802e-14,0.0007135075807427338,0.0095725,0.007148,0.30827625986958374,0,,True,calendar,True,,Risk 3 (calendar),3,calendar
2022-01-20,100501.54519422284,0.0,0.0007135075807427338,0.0062175,0.003955,0.2993752076510502,0,,True,calendar,True,,Risk 3 (calendar),3,calendar
2022-02-03,99130.87597297283,0.45931225701292533,0.0,0.005988,0.004928,0.30187391659629,0,,True,calendar,True,,Risk 3 (calendar),3,calendar
2022-02-17,98077.14789560607,0.0,0.0,0.0049825,0.003343,0.2974463436783855,0,,True,calendar,True,,Risk 3 (calendar),3,calendar
2022-03-03,98380.7457035932,5.30754212506821,0.0,0.006572,0.004422,0.2957761900677173,0,,True,calendar,True,,Risk 3 (calendar),3,calendar
2022-03-17,97308.61568371633,108.89002824461113,0.0,0.0109135,0.007427,0.3099411469864061,0,,True,calendar,True,,Risk 3 (calendar),3,calendar
2022-03-31,98527.66548914736,6.815702547570083,0.0,0.008587,0.007665,0.3082359331712735,0,,True,calendar,True,,Risk 3 (calendar),3,calendar
2022-04-14,95779.5655376791,211.5176854714266,0.0008631147924713645,0.0072525,0.008272,0.30256751562888223,0,,True,calendar,True,,Risk 3 (calendar),3,calendar
2022-05-03,94509.7078350413,0.0,0.0,0.0072205,0.005962,0.30348699109969246,0,,True,calendar,True,,Risk 3 (calendar),3,calendar
2022-05-17,94289.13949500071,0.0,0.00016621143855055642,0.0053365,0.005005,0.29738947928050047,0,,True,calendar,False,,Risk 3 (calendar),3,calendar
2022-05-31,92584.0559375785,0.0,0.0005151721281426713,0.013021,0.012612,0.30564178644363865,0,,True,calendar,True,,Risk 3 (calendar),3,calendar
2022-06-16,87982.81416235147,0.0,0.0005405362223929178,0.0106815,0.008435,0.2917854439343826,0,,True,calendar,True,,Risk 3 (calendar),3,calendar
2022-06-30,89211.55182982134,113.80141588879565,0.0017405359748439153,0.0084605,0.006635,0.30692579930581615,0,,True,calendar,True,,Risk 3 (calendar),3,calendar
2022-07-14,89671.00265224677,74.12077024950895,0.00029248226182954085,0.004298,0.002996,0.3020996884714147,0,,True,calendar,True,,Risk 3 (calendar),3,calendar
2022-07-28,92621.38284408058,348.5399176708633,0.0017917368173772097,0.0064125,0.003603,0.3035738114682125,0,,True,calendar,True,,Risk 3 (calendar),3,calendar
2022-08-11,93465.33176920937,347.7205356811552,0.002242392889505007,0.010061,0.00615,0.3076293850801194,0,,True,calendar,True,,Risk 3 (calendar),3,calendar
2022-08-25,91986.18877993012,6.095656055349195,0.0020425610392771354,0.009476,0.007003,0.309441032753194,0,,True,calendar,True,,Risk 3 (calendar),3,calendar
2022-09-09,89438.5174252069,-2.842170943040401e-14,0.004690116126510713,0.013039,0.009611,0.30949711526982526,0,,True,calendar,True,,Risk 3 (calendar),3,calendar
2022-09-26,83225.46617644689,2.119334158485657,0.002991334760450215,0.030662,0.027687,0.31666868828466954,0,portfolio drift 3.1% exceeds 3%,True,calendar,True,,Risk 3 (calendar),3,calendar
2022-10-10,80506.90473053689,1.7053025658242404e-13,0.003191368817840212,0.5567115,0.350001,0.3049566267972807,6,"6 holding(s) outside tolerance band: AGBP.L, ERNS.L, INXG.L, SLXX.L, VUAG.L, VUSA.L; portfolio drift 55.7% exceeds 3%",True,re-optimisation,True,,Risk 3 (calendar),3,calendar
2022-10-24,82863.14843013334,3.637978807091713e-12,0.006088465220061234,0.0216365,0.013408,0.30063092607731823,0,,True,calendar,True,,Risk 3 (calendar),3,calendar
2022-11-07,83060.3378493552,1.1368683772161603e-13,0.008337738800678896,0.0084015,0.005371,0.301330946894376,0,,True,calendar,True,,Risk 3 (calendar),3,calendar
2022-11-21,84597.15957222745,0.23567008173424142,0.008137827377937557,0.011244500000000001,0.007155,0.3007846628405204,0,,True,calendar,True,,Risk 3 (calendar),3,calendar
2022-12-05,84672.33493998913,2.1787986609361667,0.010580754643290557,0.0070905000000000004,0.003772,0.2994148394244962,0,,True,calendar,True,,Risk 3 (calendar),3,calendar
2022-12-19,83313.29094845103,0.36742521845991405,0.012452407313744418,0.0095405,0.00733,0.29518628693644605,0,,True,calendar,True,,Risk 3 (calendar),3,calendar
2023-01-05,83980.62120940337,0.0,0.015022488802435952,0.0070420000000000005,0.003565,0.3049274480376396,0,,True,calendar,False,,Risk 3 (calendar),3,calendar
2023-01-19,84482.03994371065,0.0,0.014014337235380703,0.011724,0.005688,0.30119348416072433,0,,True,calendar,True,,Risk 3 (calendar),3,calendar
2023-02-02,86758.58620877178,2.842170943040401e-14,0.017393745651838044,0.0143795,0.010805,0.31437635683423687,0,,True,calendar,True,,Risk 3 (calendar),3,calendar
2023-02-16,86038.86331245287,11.854664363541474,0.01769636592704882,0.011841,0.004135,0.3093152800595895,0,,True,calendar,True,,Risk 3 (calendar),3,calendar
2023-03-02,84682.33586545916,1.4210854715202004e-14,0.01769227175386412,0.0144455,0.008331,0.30150384110874834,0,,True,calendar,True,,Risk 3 (calendar),3,calendar
2023-03-16,84687.21722544408,0.3838979910178466,0.0188512956607223,0.0056735,0.004392,0.29649570540428716,0,,True,calendar,True,,Risk 3 (calendar),3,calendar
2023-03-30,85336.1985716027,0.0,0.021068612278393628,0.006392,0.0045,0.29883722919823835,0,,True,calendar,False,,Risk 3 (calendar),3,calendar
2023-04-17,85791.41885339076,0.0,0.024149541088575255,0.0055065,0.002523,0.3041176211357516,0,,True,calendar,False,,Risk 3 (calendar),3,calendar
2023-05-02,85616.4086840933,0.0,0.025956766578066226,0.005366,0.004087,0.2999252314350947,0,,True,calendar,False,,Risk 3 (calendar),3,calendar
2023-05-17,85417.23930512584,0.0,0.02731740666509963,0.005138,0.002172,0.30183872293689734,0,,True,calendar,False,,Risk 3 (calendar),3,calendar
2023-06-01,85263.30965713559,0.0,0.028578123341973294,0.006392999999999999,0.00311,0.3032539003463263,0,,True,calendar,False,,Risk 3 (calendar),3,calendar
2023-06-15,85908.97400652283,0.0,0.030026041339723752,0.009314,0.005934,0.3093106819381304,0,,True,calendar,True,,Risk 3 (calendar),3,calendar
2023-06-29,85942.12986276874,2.842170943040401e-14,0.03141209387083532,0.0036755,0.001997,0.30359754064893585,0,,True,calendar,False,,Risk 3 (calendar),3,calendar
2023-07-13,85823.31126806054,2.842170943040401e-14,0.0326378551496489,0.0034945,0.001326,0.3012101251576844,0,,True,calendar,False,,Risk 3 (calendar),3,calendar
2023-07-27,87043.9490926566,2.842170943040401e-14,0.03412429431881514,0.007514,0.004261,0.3075111839894404,0,,True,calendar,True,,Risk 3 (calendar),3,calendar
2023-08-10,86830.89523784205,-2.842170943040401e-14,0.03683801458854319,0.0041095,0.001718,0.3016326174376529,0,,True,calendar,False,,Risk 3 (calendar),3,calendar
2023-08-24,86181.98268297351,-2.842170943040401e-14,0.038375146974412244,0.0055475,0.004224,0.2983365479348141,0,,True,calendar,True,,Risk 3 (calendar),3,calendar
2023-09-08,86829.94791779571,363.9548463633507,0.04053030207727648,0.005611,0.002182,0.30248966739461947,0,,True,calendar,False,,Risk 3 (calendar),3,calendar
2023-09-22,86951.27276678132,363.9548463633507,0.04252915033942206,0.0057145,0.002963,0.301824895391324,0,,True,calendar,True,,Risk 3 (calendar),3,calendar
2023-10-06,85811.76858261104,106.30767700636329,0.04079231114554949,0.0695925,0.062435,0.29997760730026574,2,"2 holding(s) outside tolerance band: INXG.L, SLXX.L; portfolio drift 7.0% exceeds 3%",True,re-optimisation,True,,Risk 3 (calendar),3,calendar
2023-10-20,85575.60882385721,185.86443578928902,0.042222104915298875,0.0030875,0.001981,0.2974483600012765,0,,True,calendar,False,,Risk 3 (calendar),3,calendar
2023-11-03,86819.98345660804,185.86443578928902,0.04233242938246384,0.0047834999999999996,0.002577,0.29724140507691427,0,,True,calendar,True,,Risk 3 (calendar),3,calendar
2023-11-17,88093.00428085517,408.49117166293667,0.04492868732279143,0.0056335000000000005,0.006655,0.30129344425543414,0,,True,calendar,True,,Risk 3 (calendar),3,calendar
2023-12-01,88319.43365509898,0.0,0.041609344174142526,0.0034195,0.002303,0.2998092405798979,0,,True,calendar,False,,Risk 3 (calendar),3,calendar
2023-12-15,89936.8097069593,0.0,0.04307831888115676,0.0091395,0.008074,0.3023071419042461,0,,True,calendar,True,,Risk 3 (calendar),3,calendar
2024-01-03,90163.21620179652,2.036209081242646,0.045521747425057546,0.0018705,0.001291,0.2996836704714752,0,,True,calendar,False,,Risk 3 (calendar),3,calendar
2024-01-17,89615.42888586636,2.036209081242646,0.047494161581610905,0.0056755,0.00343,0.300014000168316,0,,True,calendar,True,,Risk 3 (calendar),3,calendar
2024-01-31,90959.33083571018,0.0,0.05133515778103148,0.005578,0.004737,0.3038253877169138,0,,True,calendar,True,,Risk 3 (calendar),3,calendar
2024-02-14,91386.04494028722,198.37350230955388,0.05153275533601409,0.007269,0.005606,0.3045089420474261,0,,True,calendar,True,,Risk 3 (calendar),3,calendar
2024-02-28,91726.9996069398,460.44677533328195,0.05246529469373806,0.005742,0.003624,0.3017754735546549,0,,True,calendar,True,,Risk 3 (calendar),3,calendar
2024-03-13,92579.8515096163,128.00397991636692,0.05120242284342602,0.005977,0.003306,0.3027884556356111,0,,True,calendar,True,,Risk 3 (calendar),3,calendar
2024-03-27,93338.7197504057,0.0,0.05347340844082238,0.0076385,0.004746,0.3066514045673222,0,,True,calendar,True,,Risk 3 (calendar),3,calendar
2024-04-12,93084.14209036189,2.4122495081702766,0.052002590308874996,0.003341,0.002084,0.30269453413812697,0,,True,calendar,False,,Risk 3 (calendar),3,calendar
2024-04-26,92862.224468217,2.4122495081702766,0.055445703914053235,0.0060065,0.002776,0.3025056220626825,0,,True,calendar,True,,Risk 3 (calendar),3,calendar
2024-05-13,93986.55879456479,0.0,0.05428886947290934,0.005479,0.003463,0.3054652423938725,0,,True,calendar,True,,Risk 3 (calendar),3,calendar
2024-05-28,93781.43879986265,0.4991214776432855,0.05587687287151022,0.003011,0.002274,0.3022460556917172,0,,True,calendar,False,,Risk 3 (calendar),3,calendar
2024-06-11,93940.19680279808,0.4991214776432855,0.053686340926178744,0.0044075,0.003527,0.3033405867364302,0,,True,calendar,True,,Risk 3 (calendar),3,calendar
2024-06-25,94981.03606700712,1.845633293674922,0.05679625722001713,0.004463,0.002916,0.30319537394637064,0,,True,calendar,True,,Risk 3 (calendar),3,calendar
2024-07-09,95285.83104127561,41.625960672155315,0.054748099984960996,0.0034035000000000003,0.002056,0.3014233561115105,0,,True,calendar,False,,Risk 3 (calendar),3,calendar
2024-07-23,95291.59660194803,41.625960672155315,0.05689074765712787,0.0016385,0.001815,0.2991831168939282,0,,True,calendar,False,,Risk 3 (calendar),3,calendar
2024-08-06,94504.51281051202,41.625960672155315,0.052043810374899246,0.0104175,0.007647,0.2897694063785136,0,,True,calendar,True,,Risk 3 (calendar),3,calendar
2024-08-20,95974.50872231144,1.1368683772161603e-13,0.05464209100279138,0.007462,0.004975,0.3074480306604196,0,,True,calendar,True,,Risk 3 (calendar),3,calendar
2024-09-04,95664.7930431293,44.00641176781278,0.053657375388712625,0.0043105,0.003548,0.2984385563974915,0,,True,calendar,True,,Risk 3 (calendar),3,calendar
2024-09-18,96146.56766565528,0.0,0.05541776678440624,0.002377,0.001208,0.3002538187044852,0,,True,calendar,False,,Risk 3 (calendar),3,calendar
2024-10-02,96471.85952017554,0.0,0.05190912855466712,0.008922,0.008922,0.30290017539848824,0,,True,re-optimisation,True,,Risk 3 (calendar),3,calendar
2024-10-16,97464.11980533565,1.1719310577954047,0.05489751614146732,0.0082415,0.006417,0.3081954982904406,0,,True,calendar,True,,Risk 3 (calendar),3,calendar
2024-10-30,97055.70506505575,87.96695902867975,0.05582490610684321,0.0031295,0.002008,0.30206752906156586,0,,True,calendar,False,,Risk 3 (calendar),3,calendar
2024-11-13,97757.40628206171,87.96695902867975,0.053356199848418884,0.011711000000000001,0.010264,0.30840859170219237,0,,True,calendar,True,,Risk 3 (calendar),3,calendar
2024-11-27,98362.54213765712,617.4195337941446,0.05540829431429395,0.0048845,0.003836,0.2985290355835418,0,,True,calendar,True,,Risk 3 (calendar),3,calendar
2024-12-11,98942.70447661613,240.14815834896126,0.05105630370722758,0.0034225,0.001786,0.29993690247098553,0,,True,calendar,False,,Risk 3 (calendar),3,calendar
2024-12-27,98469.29451093983,240.14815834896126,0.05466885834074997,0.0039629999999999995,0.00266,0.29864675461985224,0,,True,calendar,True,,Risk 3 (calendar),3,calendar
2025-01-13,98295.62909601776,0.0,0.050555732479343085,0.004976,0.002504,0.30134155513449945,0,,True,calendar,True,,Risk 3 (calendar),3,calendar
2025-01-27,99503.12882996621,245.99748851735276,0.05368117810837103,0.0037115,0.003219,0.30247301714203245,0,,True,calendar,True,,Risk 3 (calendar),3,calendar
2025-02-10,100514.87616005272,0.0,0.05254418164383834,0.006025,0.003427,0.30602250802524666,0,,True,calendar,False,,Risk 3 (calendar),3,calendar
2025-02-24,99991.95582261188,0.0,0.053945648130302226,0.0043095,0.001899,0.30240821153053843,0,,True,calendar,False,,Risk 3 (calendar),3,calendar
2025-03-10,98311.89897761193,0.0,0.05095650258973872,0.0150245,0.015025,0.2905778516682171,0,,True,calendar,True,,Risk 3 (calendar),3,calendar
2025-03-24,98529.38868582851,0.0,0.050336781273096376,0.004265,0.003168,0.30003983026805064,0,,True,calendar,False,,Risk 3 (calendar),3,calendar
2025-04-07,95076.02688043893,0.0,0.04717785228876159,0.026227,0.021516,0.2740046534936551,0,,True,calendar,True,,Risk 3 (calendar),3,calendar
2025-04-23,96994.87699368745,49.997866492022695,0.05067046192552316,0.008995,0.00578,0.3087345161362649,0,,True,calendar,True,,Risk 3 (calendar),3,calendar
2025-05-08,98436.3292736328,2.9473066674832467,0.047625089610583204,0.0110145,0.007275,0.31099715146176454,0,,True,calendar,True,,Risk 3 (calendar),3,calendar
2025-05-22,98883.64801506628,2.842170943040401e-14,0.04926068536214068,0.0088935,0.003887,0.30889091290934817,0,,True,calendar,True,,Risk 3 (calendar),3,calendar
2025-06-06,99737.41293839068,-5.684341886080802e-14,0.048046601449027726,0.004904,0.004527,0.3048004251803103,0,,True,calendar,False,,Risk 3 (calendar),3,calendar
2025-06-20,100028.05930370442,-5.684341886080802e-14,0.05064697859679046,0.004849,0.004677,0.30346905348878134,0,,True,calendar,False,,Risk 3 (calendar),3,calendar
2025-07-04,101030.26992347691,-5.684341886080802e-14,0.0485721014085807,0.008628,0.007304,0.30830016752031264,0,,True,calendar,True,,Risk 3 (calendar),3,calendar
2025-07-18,101618.82235716983,0.0,0.0503389300172139,0.0071585,0.003805,0.3071568296330819,0,,True,calendar,True,,Risk 3 (calendar),3,calendar
2025-08-01,101978.17609041625,116.05020340954684,0.04693151837330212,0.002649,0.001976,0.30207710011353184,0,,True,calendar,False,,Risk 3 (calendar),3,calendar
2025-08-15,102389.62466126033,116.05020340954684,0.04889673811324591,0.0060235,0.002789,0.3054546188376889,0,,True,calendar,True,,Risk 3 (calendar),3,calendar
2025-09-01,102542.41270427234,0.0,0.04628122795615042,0.0062555,0.003471,0.30625275039726063,0,,True,calendar,False,,Risk 3 (calendar),3,calendar
2025-09-15,103479.08712535982,0.0,0.04751718617919187,0.0086565,0.004267,0.3086543245549488,0,,True,calendar,True,,Risk 3 (calendar),3,calendar
2025-09-29,104059.88723940022,0.0,0.049422752745222454,0.0179625,0.00944,0.3077002755465128,0,,True,re-optimisation,True,,Risk 3 (calendar),3,calendar
2025-10-13,104620.11209156035,5.684341886080802e-14,0.047276143890623734,0.0036135,0.002252,0.301881714142064,0,,True,calendar,False,,Risk 3 (calendar),3,calendar
2025-10-28,106206.15179681624,5.684341886080802e-14,0.05035428673513942,0.0088575,0.005925,0.3075524569757888,0,,True,calendar,True,,Risk 3 (calendar),3,calendar
2025-11-11,106404.98891313924,197.7577920626536,0.04744659550746966,0.0030085,0.001278,0.30047118684880547,0,,True,calendar,False,,Risk 3 (calendar),3,calendar
2025-11-25,105757.05221710657,197.7577920626536,0.048775036293011054,0.0037275,0.002372,0.29712507064749444,0,,True,calendar,False,,Risk 3 (calendar),3,calendar
2025-12-09,106202.86847519537,197.7577920626536,0.044106876086209335,0.0032975,0.001592,0.29924982536119277,0,,True,calendar,False,,Risk 3 (calendar),3,calendar
2025-12-23,106497.32799684108,197.7577920626536,0.0477731030049815,0.0047895,0.002879,0.2987587102824871,0,,True,calendar,True,,Risk 3 (calendar),3,calendar
2026-01-09,107381.96682602589,0.0,0.04327308022262977,0.004171,0.002609,0.3037718869523445,0,,True,calendar,True,,Risk 3 (calendar),3,calendar
2026-01-23,106936.30803431584,10.674733895750649,0.04358322706381634,0.003188,0.002508,0.29971652997691245,0,,True,calendar,True,,Risk 3 (calendar),3,calendar
2026-02-06,107173.28688640172,0.0,0.04256577602962608,0.0046255,0.003874,0.29958062278847686,0,,True,calendar,False,,Risk 3 (calendar),3,calendar
2026-02-20,108044.0177042614,0.0,0.044729272266946785,0.0063525000000000005,0.003837,0.30198812824408927,0,,True,calendar,True,,Risk 3 (calendar),3,calendar
2026-03-06,107338.8095134725,0.0,0.04208314547480785,0.0045435,0.002818,0.30061386159051406,0,,True,calendar,False,,Risk 3 (calendar),3,calendar
2026-03-20,105214.74594881877,0.0,0.04369943770044249,0.010015,0.007884,0.2935944027595317,0,,True,calendar,True,,Risk 3 (calendar),3,calendar
2026-04-07,106058.61955042502,181.91728256890713,0.041640191468633514,0.00273,0.002093,0.2987086638300963,0,,True,calendar,False,,Risk 3 (calendar),3,calendar
2026-04-21,108132.93335948927,181.91728256890713,0.04299572160799836,0.009592,0.00793,0.30830168306708905,0,,True,calendar,True,,Risk 3 (calendar),3,calendar
2026-05-06,108859.2811915307,204.26527471768873,0.04080685318816779,0.006664,0.004287,0.30465492702461155,0,,True,calendar,True,,Risk 3 (calendar),3,calendar
2026-05-20,109318.9054983782,355.0374725940352,0.04232603283116054,0.0059915,0.00349,0.30297787437665025,0,,True,calendar,True,,Risk 3 (calendar),3,calendar
2026-06-04,110270.71303136996,110.22973567607005,0.040178196183912496,0.0047625,0.002828,0.3022188168996081,0,,True,calendar,True,,Risk 3 (calendar),3,calendar
2026-06-18,110848.86116899415,419.8655432266521,0.04185929225855278,0.004781,0.003434,0.2997939996357057,0,,True,calendar,True,,Risk 3 (calendar),3,calendar
2026-07-02,110679.17639235166,39.16109873913115,0.039695167908885276,0.0037555,0.001877,0.298691253990474,0,,True,calendar,False,,Risk 3 (calendar),3,calendar
2026-07-16,110334.74953759577,39.16109873913115,0.04128632442843916,0.004099,0.002327,0.2985188029128416,0,,True,calendar,False,,Risk 3 (calendar),3,calendar
2026-07-30,110025.09814865857,39.16109873913115,0.04287748094799393,0.006794,0.0045,0.2969898639753436,0,,True,calendar,True,,Risk 3 (calendar),3,calendar
2026-08-13,111569.58739927471,0.2016274614388749,0.041021574928013615,0.0095215,0.006721,0.3082369357959734,0,,True,calendar,True,,Risk 3 (calendar),3,calendar
2026-08-27,111256.65296239172,312.496420458212,0.042690815006467764,0.0053165,0.002321,0.29957371282335515,0,,True,calendar,False,,Risk 3 (calendar),3,calendar
2026-09-11,110681.5914434792,312.496420458212,0.04074844074844042,0.0071875,0.003886,0.2991768342735189,0,,True,calendar,True,,Risk 3 (calendar),3,calendar
2021-09-27,100000.0,100000.0,0.0020569493304460895,0.5000005,0.344492,0.0,9,"9 holding(s) outside tolerance band: AGBP.L, IGLT.L, INXG.L, ISF.L, SLXX.L, VAPX.L, VERX.L, VFEM.L, VUSA.L; portfolio drift 50.0% exceeds 3%; growth weight 0.0% outside policy range 45%–55%",True,initial,True,,Risk 5 (bands),5,bands
2021-10-11,99325.8204263467,7.73070496506989e-12,0.0021055516074988123,0.00554,0.003808,0.5054174859595648,0,,False,,False,,Risk 5 (bands),5,bands
2021-10-25,101740.07882423047,7.73070496506989e-12,0.0020556882660895948,0.0072185,0.003385,0.5043505473656339,0,,False,,False,,Risk 5 (bands),5,bands
2021-11-08,105147.22177907235,7.73070496506989e-12,0.001063562665438278,0.0117275,0.008388,0.5081878821040688,0,,False,,False,,Risk 5 (bands),5,bands
2021-11-22,105183.9478948929,7.73070496506989e-12,0.0009140505292295487,0.014523,0.014523,0.5128026616124046,0,,False,,False,,Risk 5 (bands),5,bands
2021-12-06,105484.49758066853,7.73070496506989e-12,0.002844703108543678,0.0141195,0.007462,0.5020676921699433,0,,False,,False,,Risk 5 (bands),5,bands
2021-12-20,104070.66241239372,7.73070496506989e-12,0.0026583432841948973,0.010837,0.00882,0.5054988700955837,0,,False,,False,,Risk 5 (bands),5,bands
2022-01-06,103236.74479833359,7.73070496506989e-12,0.0007135075807427338,0.0183625,0.016151,0.5171209158182336,0,,False,,False,,Risk 5 (bands),5,bands
2022-01-20,101755.16390514161,7.73070496506989e-12,0.0007135075807427338,0.0140925,0.010415,0.513972661663115,0,,False,,False,,Risk 5 (bands),5,bands
2022-02-03,100397.94465680627,7.73070496506989e-12,0.0,0.014273,0.010581,0.5131117054968697,0,,False,,False,,Risk 5 (bands),5,bands
2022-02-17,99167.383867532,7.73070496506989e-12,0.0,0.011777,0.006877,0.5108501209928196,0,,False,,False,,Risk 5 (bands),5,bands
2022-03-03,99225.75966137664,7.73070496506989e-12,0.0,0.01607,0.009534,0.5048751490103798,0,,False,,False,,Risk 5 (bands),5,bands
2022-03-17,98855.26712684528,7.73070496506989e-12,0.0,0.021606999999999998,0.017241,0.5186646389103795,0,,False,,False,,Risk 5 (bands),5,bands
2022-03-31,100961.93682372717,7.73070496506989e-12,0.0,0.031761,0.02743,0.5281832470027116,0,portfolio drift 3.2% exceeds 3%,True,portfolio drift 3.2% exceeds 3%,True,,Risk 5 (bands),5,bands
2022-04-14,97996.248234433,23.82361782657472,0.0008631147924713645,0.0066960000000000006,0.006244,0.5034753340876029,0,,False,,False,,Risk 5 (bands),5,bands
2022-05-03,96863.61381427642,23.82361782657472,0.0,0.006854,0.006505,0.5041235879786634,0,,False,,False,,Risk 5 (bands),5,bands
2022-05-17,96181.47679541848,23.82361782657472,0.00016621143855055642,0.0087015,0.006813,0.4963252334641127,0,,False,,False,,Risk 5 (bands),5,bands
2022-05-31,94587.59805280506,23.82361782657472,0.0005151721281426713,0.0159615,0.016087,0.5093003075633197,0,,False,,False,,Risk 5 (bands),5,bands
2022-06-16,88928.45699599397,23.82361782657472,0.0005405362223929178,0.021216,0.011854,0.496370743468405,0,,False,,False,,Risk 5 (bands),5,bands
2022-06-30,90641.9511043574,23.82361782657472,0.0017405359748439153,0.018724499999999998,0.017664,0.504780587863005,0,,False,,False,,Risk 5 (bands),5,bands
2022-07-14,91200.49153020461,23.82361782657472,0.00029248226182954085,0.0195315,0.019391,0.5063537622085158,0,,False,,False,,Risk 5 (bands),5,bands
2022-07-28,94638.46216922655,23.82361782657472,0.0017917368173772097,0.0198965,0.019904,0.5115501624288623,0,,False,,False,,Risk 5 (bands),5,bands
2022-08-11,96222.11910077039,23.82361782657472,0.002242392889505007,0.023629,0.022112,0.5206064261900093,0,,False,,False,,Risk 5 (bands),5,bands
2022-08-25,95315.37206891469,23.82361782657472,0.0020425610392771354,0.0330685,0.025713,0.5309985906938328,0,portfolio drift 3.3% exceeds 3%,True,portfolio drift 3.3% exceeds 3%,True,,Risk 5 (bands),5,bands
2022-09-09,92818.10596750642,-1.1368683772161603e-13,0.004690116126510713,0.0164835,0.012595,0.5129608265414365,0,,False,,False,,Risk 5 (bands),5,bands
2022-09-26,86484.30742440959,-1.1368683772161603e-13,0.002991334760450215,0.0422615,0.036048,0.5326430161882958,0,portfolio drift 4.2% exceeds 3%,True,portfolio drift 4.2% exceeds 3%,True,,Risk 5 (bands),5,bands
2022-10-10,83467.0476454218,-8.526512829121202e-14,0.003191368817840212,0.665537,0.344589,0.5078407614985956,7,"7 holding(s) outside tolerance band: AGBP.L, ERNS.L, IGLT.L, INXG.L, SLXX.L, VUAG.L, VUSA.L; portfolio drift 66.6% exceeds 3%",True,re-optimisation,True,,Risk 5 (bands),5,bands
2022-10-24,85073.03461492373,2.7284841053187847e-12,0.006088465220061234,0.0144885,0.01158,0.501886252468542,1,1 holding(s) outside tolerance band: INXG.L,True,1 holding(s) outside tolerance band: INXG.L,True,,Risk 5 (bands),5,bands
2022-11-07,85208.7316015603,-5.684341886080802e-14,0.008337738800678896,0.008324,0.00505,0.5032767628791449,0,,False,,False,,Risk 5 (bands),5,bands
2022-11-21,86641.90453192353,-5.684341886080802e-14,0.008137827377937557,0.011436,0.006268,0.5032668077311239,0,,False,,False,,Risk 5 (bands),5,bands
2022-12-05,86632.25093225802,-5.684341886080802e-14,0.010580754643290557,0.0157235,0.010054,0.5020013519169444,0,,False,,False,,Risk 5 (bands),5,bands
2022-12-19,84781.66782529397,-5.684341886080802e-14,0.012452407313744418,0.020203,0.018772,0.4930061864521792,0,,False,,False,,Risk 5 (bands),5,bands
2023-01-05,85770.58856521231,-5.684341886080802e-14,0.015022488802435952,0.020836499999999997,0.017011,0.5005545096283996,0,,False,,False,,Risk 5 (bands),5,bands
2023-01-19,85990.24456781067,-5.684341886080802e-14,0.014014337235380703,0.026216,0.022992,0.49639458272958503,0,,False,,False,,Risk 5 (bands),5,bands
2023-02-02,89010.60179039098,-5.684341886080802e-14,0.017393745651838044,0.0193085,0.011565,0.5103812562020918,0,,False,,False,,Risk 5 (bands),5,bands
2023-02-16,88792.91946858852,-5.684341886080802e-14,0.01769636592704882,0.0207075,0.01254,0.5161073343398699,0,,False,,False,,Risk 5 (bands),5,bands
2023-03-02,87125.75663374823,-5.684341886080802e-14,0.01769227175386412,0.02186,0.01284,0.5107027097317989,0,,False,,False,,Risk 5 (bands),5,bands
2023-03-16,86524.55012314246,-5.684341886080802e-14,0.0188512956607223,0.0179035,0.013521,0.5002669070917233,0,,False,,False,,Risk 5 (bands),5,bands
2023-03-30,87439.01823108298,-5.684341886080802e-14,0.021068612278393628,0.0203885,0.014655,0.5031161633369116,0,,False,,False,,Risk 5 (bands),5,bands
2023-04-17,88324.95100186263,-5.684341886080802e-14,0.024149541088575255,0.020673,0.013571,0.5096772093033004,0,,False,,False,,Risk 5 (bands),5,bands
2023-05-02,87793.39730547025,-5.684341886080802e-14,0.025956766578066226,0.0218505,0.014235,0.5047575435284173,0,,False,,False,,Risk 5 (bands),5,bands
2023-05-17,87810.03389041648,-5.684341886080802e-14,0.02731740666509963,0.020622500000000002,0.012826,0.506564070034926,0,,False,,False,,Risk 5 (bands),5,bands
2023-06-01,87844.22709225147,-5.684341886080802e-14,0.028578123341973294,0.0162085,0.010443,0.5073528976676234,0,,False,,False,,Risk 5 (bands),5,bands
2023-06-15,89072.52252405815,-5.684341886080802e-14,0.030026041339723752,0.015807,0.010984,0.5140982497547694,0,,False,,False,,Risk 5 (bands),5,bands
2023-06-29,89150.1772497293,-5.684341886080802e-14,0.03141209387083532,0.014159,0.010472,0.5141616870714235,0,,False,,False,,Risk 5 (bands),5,bands
2023-07-13,88772.78882592742,-5.684341886080802e-14,0.0326378551496489,0.0142785,0.011058,0.511700529392168,0,,False,,False,,Risk 5 (bands),5,bands
2023-07-27,90482.83835461861,-5.684341886080802e-14,0.03412429431881514,0.0196555,0.011087,0.5196589012478392,0,,False,,False,,Risk 5 (bands),5,bands
2023-08-10,90080.17320414324,-5.684341886080802e-14,0.03683801458854319,0.0179835,0.0113,0.5179863048657348,0,,False,,False,,Risk 5 (bands),5,bands
2023-08-24,89099.06218963547,-5.684341886080802e-14,0.038375146974412244,0.0139625,0.009236,0.5139656321824717,0,,False,,False,,Risk 5 (bands),5,bands
2023-09-08,90127.3514421326,-5.684341886080802e-14,0.04053030207727648,0.018899,0.008618,0.5189020891831827,0,,False,,False,,Risk 5 (bands),5,bands
2023-09-22,90019.10519411875,-5.684341886080802e-14,0.04252915033942206,0.019144,0.009233,0.5191467186819978,0,,False,,False,,Risk 5 (bands),5,bands
2023-10-06,88738.9848442407,-5.684341886080802e-14,0.04079231114554949,0.11162799999999999,0.101861,0.5165109207042524,4,"4 holding(s) outside tolerance band: AGBP.L, INXG.L, SLXX.L, VAPX.L; portfolio drift 11.2% exceeds 3%",True,re-optimisation,True,,Risk 5 (bands),5,bands
2023-10-20,88397.95404132684,138.79988296565898,0.042222104915298875,0.001923,0.001118,0.4995971615529927,0,,False,,False,,Risk 5 (bands),5,bands
2023-11-03,89627.18760749635,138.79988296565898,0.04233242938246384,0.0038275,0.002988,0.4995782872450958,0,,False,,False,,Risk 5 (bands),5,bands
2023-11-17,91269.74948778439,138.79988296565898,0.04492868732279143,0.0079725,0.006829,0.5046094317902651,0,,False,,False,,Risk 5 (bands),5,bands
2023-12-01,91408.43629708613,138.79988296565898,0.041609344174142526,0.007279,0.006772,0.5026633820751815,0,,False,,False,,Risk 5 (bands),5,bands
2023-12-15,93268.97566946634,138.79988296565898,0.04307831888115676,0.0126385,0.011288,0.5058599418287986,0,,False,,False,,Risk 5 (bands),5,bands
2024-01-03,93521.7170888849,138.79988296565898,0.045521747425057546,0.0117205,0.011067,0.5062121372390622,0,,False,,False,,Risk 5 (bands),5,bands
2024-01-17,93037.11161860157,138.79988296565898,0.047494161581610905,0.012175,0.00937,0.5063721253933373,0,,False,,False,,Risk 5 (bands),5,bands
2024-01-31,94758.20721328344,138.79988296565898,0.05133515778103148,0.015834,0.012874,0.5110558455194302,0,,False,,False,,Risk 5 (bands),5,bands
2024-02-14,95704.81340800972,138.79988296565898,0.05153275533601409,0.022181,0.019895,0.5176731859327751,0,,False,,False,,Risk 5 (bands),5,bands
2024-02-28,96372.77915252099,138.79988296565898,0.05246529469373806,0.0254395,0.021855,0.5209709500071019,0,,False,,False,,Risk 5 (bands),5,bands
2024-03-13,97330.4879807758,138.79988296565898,0.05120242284342602,0.025791500000000002,0.020963,0.5222896257109657,0,,False,,False,,Risk 5 (bands),5,bands
2024-03-27,98530.28441345293,138.79988296565898,0.05347340844082238,0.029998,0.02531,0.5268626353488686,0,,False,,False,,Risk 5 (bands),5,bands
2024-04-12,98344.31956897935,138.79988296565898,0.052002590308874996,0.0298235,0.026651,0.5277955959364484,0,,False,,False,,Risk 5 (bands),5,bands
2024-04-26,98064.08412478915,138.79988296565898,0.055445703914053235,0.028181499999999998,0.023613,0.5274730548950364,0,,False,,False,,Risk 5 (bands),5,bands
2024-05-13,99523.32207022533,138.79988296565898,0.05428886947290934,0.031727,0.024297,0.5310278154626632,0,portfolio drift 3.2% exceeds 3%,True,portfolio drift 3.2% exceeds 3%,True,,Risk 5 (bands),5,bands
2024-05-28,99272.35311629678,1.7053025658242404e-13,0.05587687287151022,0.0015195,0.000651,0.5011503917009581,0,,False,,False,,Risk 5 (bands),5,bands
2024-06-11,99583.00002010932,1.7053025658242404e-13,0.053686340926178744,0.0041165,0.004024,0.5022932638814356,0,,False,,False,,Risk 5 (bands),5,bands
2024-06-25,100921.08722413013,1.7053025658242404e-13,0.05679625722001713,0.0082815,0.008118,0.5054525486096495,0,,False,,False,,Risk 5 (bands),5,bands
2024-07-09,101347.32308390625,1.7053025658242404e-13,0.054748099984960996,0.0116895,0.011265,0.5069380802728214,0,,False,,False,,Risk 5 (bands),5,bands
2024-07-23,101150.82327266055,1.7053025658242404e-13,0.05689074765712787,0.0086115,0.008612,0.504164779900652,0,,False,,False,,Risk 5 (bands),5,bands
2024-08-06,99432.98378024975,1.7053025658242404e-13,0.052043810374899246,0.007463,0.004662,0.492536196347012,0,,False,,False,,Risk 5 (bands),5,bands
2024-08-20,101681.23718147908,1.7053025658242404e-13,0.05464209100279138,0.0068765,0.004838,0.5015438143433899,0,,False,,False,,Risk 5 (bands),5,bands
2024-09-04,100969.90452848544,1.7053025658242404e-13,0.053657375388712625,0.0043885,0.00362,0.4966707308098822,0,,False,,False,,Risk 5 (bands),5,bands
2024-09-18,101638.04866470034,1.7053025658242404e-13,0.05541776678440624,0.006587,0.003741,0.49822573611569293,0,,False,,False,,Risk 5 (bands),5,bands
2024-10-02,102245.5842137714,1.7053025658242404e-13,0.05190912855466712,0.0404725,0.029194,0.5012793289727266,1,1 holding(s) outside tolerance band: SGLN.L; portfolio drift 4.0% exceeds 3%,True,re-optimisation,True,,Risk 5 (bands),5,bands
2024-10-16,103733.10692106855,24.694277710122094,0.05489751614146732,0.010343999999999999,0.008159,0.5070664409521572,0,,False,,False,,Risk 5 (bands),5,bands
2024-10-30,103487.74260798929,24.694277710122094,0.05582490610684321,0.0118485,0.010026,0.5079243852906535,0,,False,,False,,Risk 5 (bands),5,bands
2024-11-13,104697.36552756542,24.694277710122094,0.053356199848418884,0.024013,0.022498,0.5143580856513758,0,,False,,False,,Risk 5 (bands),5,bands
2024-11-27,105416.11031999321,24.694277710122094,0.05540829431429395,0.023063,0.021768,0.5150212326075788,0,,False,,False,,Risk 5 (bands),5,bands
2024-12-11,106222.2207996376,24.694277710122094,0.05105630370722758,0.0238545,0.02214,0.516812586759489,0,,False,,False,,Risk 5 (bands),5,bands
2024-12-27,105536.212381966,24.694277710122094,0.05466885834074997,0.02402,0.022278,0.5151741579184717,0,,False,,False,,Risk 5 (bands),5,bands
2025-01-13,105788.9308524189,24.694277710122094,0.050555732479343085,0.0246965,0.023387,0.518848299691743,0,,False,,False,,Risk 5 (bands),5,bands
2025-01-27,107104.34943927448,24.694277710122094,0.05368117810837103,0.022533499999999998,0.021313,0.5200378711874175,0,,False,,False,,Risk 5 (bands),5,bands
2025-02-10,108697.7776501371,24.694277710122094,0.05254418164383834,0.0255985,0.023226,0.524939138206153,0,,False,,False,,Risk 5 (bands),5,bands
2025-02-24,107746.23593937074,24.694277710122094,0.053945648130302226,0.020722,0.01722,0.5206053126059881,0,,False,,False,,Risk 5 (bands),5,bands
2025-03-10,104658.49367590787,24.694277710122094,0.05095650258973872,0.007187,0.004645,0.5062961033461999,0,,False,,False,,Risk 5 (bands),5,bands
2025-03-24,105372.45610767386,24.694277710122094,0.050336781273096376,0.011075,0.006126,0.5109559302133031,0,,False,,False,,Risk 5 (bands),5,bands
2025-04-07,99518.40882841984,24.694277710122094,0.04717785228876159,0.0229345,0.019896,0.48066158017241445,0,,False,,False,,Risk 5 (bands),5,bands
2025-04-23,102400.49572410987,24.694277710122094,0.05067046192552316,0.0168605,0.016876,0.4929485079346624,0,,False,,False,,Risk 5 (bands),5,bands
2025-05-08,104601.76318398055,24.694277710122094,0.047625089610583204,0.01239,0.008122,0.5025107012176978,0,,False,,False,,Risk 5 (bands),5,bands
2025-05-22,105420.36167404841,24.694277710122094,0.04926068536214068,0.012314499999999999,0.005911,0.507934503241672,0,,False,,False,,Risk 5 (bands),5,bands
2025-06-06,106473.50220702858,24.694277710122094,0.048046601449027726,0.011959,0.006168,0.5100492087202134,0,,False,,False,,Risk 5 (bands),5,bands
2025-06-20,106680.01350639497,24.694277710122094,0.05064697859679046,0.010277,0.005588,0.5087700274072022,0,,False,,False,,Risk 5 (bands),5,bands
2025-07-04,108073.80214411608,24.694277710122094,0.0485721014085807,0.013777,0.007029,0.5136611523359064,0,,False,,False,,Risk 5 (bands),5,bands
2025-07-18,109256.71761261964,24.694277710122094,0.0503389300172139,0.0194865,0.009012,0.5193717748702583,0,,False,,False,,Risk 5 (bands),5,bands
2025-08-01,109514.47046006453,24.694277710122094,0.04693151837330212,0.0183785,0.008999,0.5182637605868028,0,,False,,False,,Risk 5 (bands),5,bands
2025-08-15,110215.50769424667,24.694277710122094,0.04889673811324591,0.0216435,0.010616,0.5215299499852459,0,,False,,False,,Risk 5 (bands),5,bands
2025-09-01,110634.15278754367,24.694277710122094,0.04628122795615042,0.0229725,0.011273,0.5228595004585037,0,,False,,False,,Risk 5 (bands),5,bands
2025-09-15,112031.17513987893,24.694277710122094,0.04751718617919187,0.0262705,0.01301,0.5261577173413265,0,,False,,False,,Risk 5 (bands),5,bands
2025-09-29,113190.55560623384,24.694277710122094,0.049422752745222454,0.0646235,0.036025,0.5307199694641525,2,"2 holding(s) outside tolerance band: SGLN.L, SLXX.L; portfolio drift 6.5% exceeds 3%",True,re-optimisation,True,,Risk 5 (bands),5,bands
2025-10-13,114229.30807531351,-6.821210263296962e-13,0.047276143890623734,0.0039795,0.00334,0.5031312624992529,0,,False,,False,,Risk 5 (bands),5,bands
2025-10-28,116200.98445980097,-6.821210263296962e-13,0.05035428673513942,0.009008,0.00582,0.5090074660848483,0,,False,,False,,Risk 5 (bands),5,bands
2025-11-11,116659.42128337765,-6.821210263296962e-13,0.04744659550746966,0.010678,0.006003,0.510678482357742,0,,False,,False,,Risk 5 (bands),5,bands
2025-11-25,115728.81718164845,-6.821210263296962e-13,0.048775036293011054,0.007119,0.003787,0.5069061722333617,0,,False,,False,,Risk 5 (bands),5,bands
2025-12-09,116375.38032937194,-6.821210263296962e-13,0.044106876086209335,0.0099865,0.004787,0.5097054184700759,0,,False,,False,,Risk 5 (bands),5,bands
2025-12-23,116825.51224024832,-6.821210263296962e-13,0.0477731030049815,0.010482,0.006149,0.5100717727101498,0,,False,,False,,Risk 5 (bands),5,bands
2026-01-09,118087.14387266508,-6.821210263296962e-13,0.04327308022262977,0.013984,0.007373,0.513984315681616,0,,False,,False,,Risk 5 (bands),5,bands
2026-01-23,117978.6879162545,-6.821210263296962e-13,0.04358322706381634,0.017785000000000002,0.011643,0.5141824090492048,0,,False,,False,,Risk 5 (bands),5,bands
2026-02-06,118158.09496557478,-6.821210263296962e-13,0.04256577602962608,0.019226,0.010814,0.513565140339813,0,,False,,False,,Risk 5 (bands),5,bands
2026-02-20,119529.8114056889,-6.821210263296962e-13,0.044729272266946785,0.0235185,0.012295,0.5168669135331319,0,,False,,False,,Risk 5 (bands),5,bands
2026-03-06,118824.69239422445,-6.821210263296962e-13,0.04208314547480785,0.0193885,0.014014,0.515370276135816,1,1 holding(s) outside tolerance band: SGLN.L,True,1 holding(s) outside tolerance band: SGLN.L,True,,Risk 5 (bands),5,bands
2026-03-20,115531.70674916076,20.12413797190493,0.04369943770044249,0.009748,0.006808,0.4917156988713913,0,,False,,False,,Risk 5 (bands),5,bands
2026-04-07,116685.62802559558,20.12413797190493,0.041640191468633514,0.009445,0.004775,0.49522761905910956,0,,False,,False,,Risk 5 (bands),5,bands
2026-04-21,119833.97711693827,20.12413797190493,0.04299572160799836,0.0104325,0.005671,0.5057130516539543,0,,False,,False,,Risk 5 (bands),5,bands
2026-05-06,120985.42721708927,20.12413797190493,0.04080685318816779,0.0161795,0.011503,0.5102387063409024,0,,False,,False,,Risk 5 (bands),5,bands
2026-05-20,121626.29863749462,20.12413797190493,0.04232603283116054,0.0202965,0.016756,0.5130935208176598,0,,False,,False,,Risk 5 (bands),5,bands
2026-06-04,122902.87169889428,20.12413797190493,0.040178196183912496,0.02497,0.020784,0.5160240866456759,0,,False,,False,,Risk 5 (bands),5,bands
2026-06-18,123399.15086474943,20.12413797190493,0.04185929225855278,0.0268195,0.020604,0.5159957927042386,0,,False,,False,,Risk 5 (bands),5,bands
2026-07-02,122973.99628435167,20.12413797190493,0.039695167908885276,0.0254955,0.018707,0.514276072686845,0,,False,,False,,Risk 5 (bands),5,bands
2026-07-16,122508.53860325202,20.12413797190493,0.04128632442843916,0.026025,0.020628,0.5135518860435844,0,,False,,False,,Risk 5 (bands),5,bands
2026-07-30,122046.41823271329,20.12413797190493,0.04287748094799393,0.023509,0.014896,0.5120611295901806,0,,False,,False,,Risk 5 (bands),5,bands
2026-08-13,124721.10199983648,20.12413797190493,0.041021574928013615,0.03092,0.023994,0.5209222739563997,0,portfolio drift 3.1% exceeds 3%,True,portfolio drift 3.1% exceeds 3%,True,,Risk 5 (bands),5,bands
2026-08-27,124388.11917392592,-3.410605131648481e-13,0.042690815006467764,0.0043545,0.003633,0.49961356444531896,0,,False,,False,,Risk 5 (bands),5,bands
2026-09-11,123527.96085268473,-3.410605131648481e-13,0.04074844074844042,0.0044445,0.002815,0.4983972373157261,0,,False,,False,,Risk 5 (bands),5,bands
2021-09-27,100000.0,100000.0,0.0020569493304460895,0.5000005,0.344492,0.0,9,"9 holding(s) outside tolerance band: AGBP.L, IGLT.L, INXG.L, ISF.L, SLXX.L, VAPX.L, VERX.L, VFEM.L, VUSA.L; portfolio drift 50.0% exceeds 3%; growth weight 0.0% outside policy range 45%–55%",True,initial,True,,Risk 5 (calendar),5,calendar
2021-10-11,99325.8204263467,7.73070496506989e-12,0.0021055516074988123,0.00554,0.003808,0.5054174859595648,0,,True,calendar,True,,Risk 5 (calendar),5,calendar
2021-10-25,101737.16401949845,86.97837605337128,0.0020556882660895948,0.0071915,0.005785,0.5005615126154488,0,,True,calendar,True,,Risk 5 (calendar),5,calendar
2021-11-08,105117.1430155584,385.13013411813927,0.001063562665438278,0.007548,0.00463,0.5044741223677953,0,,True,calendar,True,,Risk 5 (calendar),5,calendar
2021-11-22,105131.72046522087,219.90270439133542,0.0009140505292295487,0.0071095,0.006063,0.5044192537846985,0,,True,calendar,True,,Risk 5 (calendar),5,calendar
2021-12-06,105461.76554168308,553.2446891616189,0.002844703108543678,0.010245500000000001,0.007642,0.4878005511668944,0,,True,calendar,True,,Risk 5 (calendar),5,calendar
2021-12-20,104060.07495357977,537.5223426650145,0.0026583432841948973,0.006349,0.005271,0.49858217736847943,0,,True,calendar,True,,Risk 5 (calendar),5,calendar
2022-01-06,103216.540550402,0.0,0.0007135075807427338,0.011845,0.009108,0.5101087660550574,0,,True,calendar,True,,Risk 5 (calendar),5,calendar
2022-01-20,101771.52424768101,177.32001077582277,0.0007135075807427338,0.007344,0.0056,0.49793218121590516,0,,True,calendar,True,,Risk 5 (calendar),5,calendar
2022-02-03,100418.80990992265,0.0,0.0,0.005738,0.002847,0.49880638694723706,0,,True,calendar,True,,Risk 5 (calendar),5,calendar
2022-02-17,99199.97801274784,533.2362817992893,0.0,0.0059255,0.00402,0.49654979102436375,0,,True,calendar,True,,Risk 5 (calendar),5,calendar
2022-03-03,99277.26719262569,134.45950082803608,0.0,0.010327,0.006551,0.4946170097906914,0,,True,calendar,True,,Risk 5 (calendar),5,calendar
2022-03-17,98964.69914228097,418.4280743916204,0.0,0.015413,0.008924,0.5122804808539171,0,,True,calendar,True,,Risk 5 (calendar),5,calendar
2022-03-31,100988.5848771344,141.70943183370127,0.0,0.0116975,0.010001,0.5094033292245395,0,,True,calendar,True,,Risk 5 (calendar),5,calendar
2022-04-14,98057.28199876838,331.231629905913,0.0008631147924713645,0.006814,0.006274,0.5032909978004165,0,,True,calendar,True,,Risk 5 (calendar),5,calendar
2022-05-03,96929.07149438364,0.0,0.0,0.0029255,0.001556,0.5010427500370479,0,,True,calendar,False,,Risk 5 (calendar),5,calendar
2022-05-17,96259.54039027866,0.0,0.00016621143855055642,0.008156,0.006997,0.49317836055869235,0,,True,calendar,True,,Risk 5 (calendar),5,calendar
2022-05-31,94652.48416442024,0.0,0.0005151721281426713,0.0159175,0.014875,0.5112937490031924,0,,True,calendar,True,,Risk 5 (calendar),5,calendar
2022-06-16,88996.87280492864,0.0,0.0005405362223929178,0.0123295,0.009862,0.49012337236748516,0,,True,calendar,True,,Risk 5 (calendar),5,calendar
2022-06-30,90684.12702171499,1.401062679588506,0.0017405359748439153,0.0066785,0.00375,0.502788249038747,0,,True,calendar,True,,Risk 5 (calendar),5,calendar
2022-07-14,91235.43672927564,1.8647280160010382,0.00029248226182954085,0.007587,0.00467,0.5018880898576601,0,,True,calendar,True,,Risk 5 (calendar),5,calendar
2022-07-28,94686.70999126846,9.617816829948481,0.0017917368173772097,0.0054215,0.004279,0.5048136734978249,0,,True,calendar,True,,Risk 5 (calendar),5,calendar
2022-08-11,96249.32004945124,139.23844945255235,0.002242392889505007,0.0103695,0.007671,0.5095097574361297,0,,True,calendar,True,,Risk 5 (calendar),5,calendar
2022-08-25,95273.60551681298,7.829181110093941,0.0020425610392771354,0.0124515,0.009625,0.5121579061281352,0,,True,calendar,True,,Risk 5 (calendar),5,calendar
2022-09-09,92798.09731917728,8.526512829121202e-14,0.004690116126510713,0.0140865,0.009902,0.5133373376910695,0,,True,calendar,True,,Risk 5 (calendar),5,calendar
2022-09-26,86326.20686823768,2.2482185059888025,0.002991334760450215,0.0329255,0.026692,0.5259681014990027,0,portfolio drift 3.3% exceeds 3%,True,calendar,True,,Risk 5 (calendar),5,calendar
2022-10-10,83231.29121637913,5.684341886080802e-14,0.003191368817840212,0.6654025,0.344933,0.5065321320283099,7,"7 holding(s) outside tolerance band: AGBP.L, ERNS.L, IGLT.L, INXG.L, SLXX.L, VUAG.L, VUSA.L; portfolio drift 66.5% exceeds 3%",True,re-optimisation,True,,Risk 5 (calendar),5,calendar
2022-10-24,84834.85217449265,-9.094947017729282e-13,0.006088465220061234,0.0155345,0.011579,0.5026718719988703,1,1 holding(s) outside tolerance band: INXG.L,True,calendar,True,,Risk 5 (calendar),5,calendar
2022-11-07,84976.6483112796,-5.684341886080802e-14,0.008337738800678896,0.010026,0.00593,0.5040991792588632,0,,True,calendar,True,,Risk 5 (calendar),5,calendar
2022-11-21,86393.52523658311,103.71565657817769,0.008137827377937557,0.0064095,0.005592,0.5028127830201254,0,,True,calendar,True,,Risk 5 (calendar),5,calendar
2022-12-05,86373.04967329152,0.0,0.010580754643290557,0.009892999999999999,0.005039,0.5014895118776174,0,,True,calendar,True,,Risk 5 (calendar),5,calendar
2022-12-19,84516.71221409622,0.4494804133588559,0.012452407313744418,0.013387,0.011973,0.49431766217221096,0,,True,calendar,True,,Risk 5 (calendar),5,calendar
2023-01-05,85502.40147475438,0.0,0.015022488802435952,0.0118735,0.005214,0.5088162979817932,0,,True,calendar,True,,Risk 5 (calendar),5,calendar
2023-01-19,85686.24787668325,2.7847551683584015,0.014014337235380703,0.00963,0.006799,0.49910446709743667,0,,True,calendar,True,,Risk 5 (calendar),5,calendar
2023-02-02,88791.37319540679,2.842170943040401e-14,0.017393745651838044,0.017174,0.012279,0.5145091947452088,0,,True,calendar,True,,Risk 5 (calendar),5,calendar
2023-02-16,88574.51586789788,15.504403349698578,0.01769636592704882,0.008484,0.005297,0.5078441177033504,0,,True,calendar,True,,Risk 5 (calendar),5,calendar
2023-03-02,86898.774526883,0.0,0.01769227175386412,0.0093725,0.006597,0.4984334965244708,0,,True,calendar,True,,Risk 5 (calendar),5,calendar
2023-03-16,86377.20059572386,2.2995842998753915,0.0188512956607223,0.009437000000000001,0.00624,0.49194346590118687,0,,True,calendar,True,,Risk 5 (calendar),5,calendar
2023-03-30,87261.3149482252,29.853003512396754,0.021068612278393628,0.004722,0.002288,0.5005194742678233,0,,True,calendar,False,,Risk 5 (calendar),5,calendar
2023-04-17,88128.24936027017,29.853003512396754,0.024149541088575255,0.008415,0.004073,0.5070653805715821,0,,True,calendar,True,,Risk 5 (calendar),5,calendar
2023-05-02,87605.1814898328,249.80287220053606,0.025956766578066226,0.005733,0.003371,0.495578716937211,0,,True,calendar,True,,Risk 5 (calendar),5,calendar
2023-05-17,87631.058110924,216.38574999737563,0.02731740666509963,0.005063,0.002815,0.5008575834457636,0,,True,calendar,True,,Risk 5 (calendar),5,calendar
2023-06-01,87722.67244044246,0.0,0.028578123341973294,0.0090885,0.007373,0.5020556494704609,0,,True,calendar,True,,Risk 5 (calendar),5,calendar
2023-06-15,88951.02550664275,422.410243562574,0.030026041339723752,0.0094915,0.005299,0.5040346143624552,0,,True,calendar,True,,Risk 5 (calendar),5,calendar
2023-06-29,89048.85903298618,230.80229544385975,0.03141209387083532,0.0048755000000000005,0.002723,0.49890752655720527,0,,True,calendar,True,,Risk 5 (calendar),5,calendar
2023-07-13,88658.80902761719,0.0,0.0326378551496489,0.004497,0.001832,0.4989813730177033,0,,True,calendar,False,,Risk 5 (calendar),5,calendar
2023-07-27,90353.79554654077,0.0,0.03412429431881514,0.008588,0.006215,0.5070072240157644,0,,True,calendar,True,,Risk 5 (calendar),5,calendar
2023-08-10,89952.1457121906,81.41139569746554,0.03683801458854319,0.0050385,0.002247,0.4991097712860854,0,,True,calendar,False,,Risk 5 (calendar),5,calendar
2023-08-24,89014.85531873646,81.41139569746554,0.038375146974412244,0.0072310000000000004,0.004889,0.49518237194023484,0,,True,calendar,True,,Risk 5 (calendar),5,calendar
2023-09-08,90024.04182135618,516.5062435427867,0.04053030207727648,0.0068305,0.003257,0.5002185167416229,0,,True,calendar,True,,Risk 5 (calendar),5,calendar
2023-09-22,89910.44906505522,568.6004312421751,0.04252915033942206,0.005524,0.002212,0.49713397182543595,0,,True,calendar,False,,Risk 5 (calendar),5,calendar
2023-10-06,88633.02240534198,568.6004312421751,0.04079231114554949,0.11533249999999999,0.101861,0.4946396842854498,4,"4 holding(s) outside tolerance band: AGBP.L, INXG.L, SLXX.L, VAPX.L; portfolio drift 11.5% exceeds 3%",True,re-optimisation,True,,Risk 5 (calendar),5,calendar
2023-10-20,88304.72959425393,368.1695860989039,0.042222104915298875,0.0041530000000000004,0.002952,0.49541058140759875,0,,True,calendar,True,,Risk 5 (calendar),5,calendar
2023-11-03,89531.68368722395,107.51868758817272,0.04233242938246384,0.00389,0.001888,0.4983506114527951,0,,True,calendar,False,,Risk 5 (calendar),5,calendar
2023-11-17,91174.08102206694,107.51868758817272,0.04492868732279143,0.0085405,0.005251,0.5034089881368355,0,,True,calendar,True,,Risk 5 (calendar),5,calendar
2023-12-01,91317.53930561061,244.13909930235036,0.041609344174142526,0.003919,0.002236,0.4947434511687545,0,,True,calendar,False,,Risk 5 (calendar),5,calendar
2023-12-15,93158.76053796733,244.13909930235036,0.04307831888115676,0.007549,0.004553,0.4979957433651302,0,,True,calendar,True,,Risk 5 (calendar),5,calendar
2024-01-03,93411.74455267517,73.84892369508896,0.045521747425057546,0.0034005,0.002277,0.4983428945744748,0,,True,calendar,False,,Risk 5 (calendar),5,calendar
2024-01-17,92944.4938349609,73.84892369508896,0.047494161581610905,0.008031,0.005027,0.49847186480848765,0,,True,calendar,True,,Risk 5 (calendar),5,calendar
2024-01-31,94639.58278189061,11.162248673594718,0.05133515778103148,0.003905,0.002933,0.5038452074560678,0,,True,calendar,True,,Risk 5 (calendar),5,calendar
2024-02-14,95549.5081503423,287.20004241564936,0.05153275533601409,0.0096315,0.007618,0.5074267605630124,0,,True,calendar,True,,Risk 5 (calendar),5,calendar
2024-02-28,96194.83871938624,20.730056888351783,0.05246529469373806,0.0037035,0.00193,0.5030893007035222,0,,True,calendar,False,,Risk 5 (calendar),5,calendar
2024-03-13,97147.95978824688,20.730056888351783,0.05120242284342602,0.0046005,0.003255,0.5044922945921491,0,,True,calendar,True,,Risk 5 (calendar),5,calendar
2024-03-27,98304.10640318233,0.0,0.05347340844082238,0.006593,0.005355,0.506497978725198,0,,True,calendar,True,,Risk 5 (calendar),5,calendar
2024-04-12,98130.29342692101,244.9183409429737,0.052002590308874996,0.006017,0.003426,0.502053231026286,0,,True,calendar,True,,Risk 5 (calendar),5,calendar
2024-04-26,97882.62969836769,0.0,0.055445703914053235,0.006682,0.002982,0.50179442629823,0,,True,calendar,True,,Risk 5 (calendar),5,calendar
2024-05-13,99300.54512712974,271.56084917974795,0.05428886947290934,0.0050479999999999995,0.003054,0.5024594553079202,0,,True,calendar,True,,Risk 5 (calendar),5,calendar
2024-05-28,99056.3640474508,0.0,0.05587687287151022,0.002742,0.002233,0.5017338664911352,0,,True,calendar,False,,Risk 5 (calendar),5,calendar
2024-06-11,99362.27966842818,0.0,0.053686340926178744,0.0040925,0.003041,0.5028634700425063,0,,True,calendar,True,,Risk 5 (calendar),5,calendar
2024-06-25,100689.56435426284,304.01578074573564,0.05679625722001713,0.0065315,0.004074,0.5029662930906604,0,,True,calendar,True,,Risk 5 (calendar),5,calendar
2024-07-09,101106.35577747211,446.4399665447593,0.054748099984960996,0.0065325,0.003104,0.5003473502581918,0,,True,calendar,True,,Risk 5 (calendar),5,calendar
2024-07-23,100919.29253931575,470.0940405978416,0.05689074765712787,0.0045655,0.0026,0.4944934136666315,0,,True,calendar,True,,Risk 5 (calendar),5,calendar
2024-08-06,99246.92741259228,207.73148528972695,0.052043810374899246,0.0138515,0.010025,0.48553913082449274,0,,True,calendar,True,,Risk 5 (calendar),5,calendar
2024-08-20,101494.42262376394,5.684341886080802e-14,0.05464209100279138,0.0078365,0.005744,0.5074326634497092,0,,True,calendar,True,,Risk 5 (calendar),5,calendar
2024-09-04,100785.99506684567,-5.684341886080802e-14,0.053657375388712625,0.004634,0.004634,0.49684348288223756,0,,True,calendar,False,,Risk 5 (calendar),5,calendar
2024-09-18,101444.37021706204,-5.684341886080802e-14,0.05541776678440624,0.0023765,0.002011,0.49836956437321467,0,,True,calendar,False,,Risk 5 (calendar),5,calendar
2024-10-02,102053.77770718251,-5.684341886080802e-14,0.05190912855466712,0.0410335,0.029194,0.5014342952244646,1,1 holding(s) outside tolerance band: SGLN.L; portfolio drift 4.1% exceeds 3%,True,re-optimisation,True,,Risk 5 (calendar),5,calendar
2024-10-16,103539.3249047326,123.81711175088458,0.05489751614146732,0.0087955,0.008156,0.5063630537288311,0,,True,calendar,True,,Risk 5 (calendar),5,calendar
2024-10-30,103307.2751368396,245.78613070872143,0.05582490610684321,0.005071,0.001866,0.4990927264665451,0,,True,calendar,False,,Risk 5 (calendar),5,calendar
2024-11-13,104462.75042025151,245.78613070872143,0.053356199848418884,0.01529,0.014113,0.5053889670146239,0,,True,calendar,True,,Risk 5 (calendar),5,calendar
2024-11-27,105182.35278712647,304.7614621025996,0.05540829431429395,0.0034,0.002732,0.4992936618519046,0,,True,calendar,True,,Risk 5 (calendar),5,calendar
2024-12-11,105980.56317285492,17.43489807185597,0.05105630370722758,0.002407,0.00138,0.5011098423324067,0,,True,calendar,False,,Risk 5 (calendar),5,calendar
2024-12-27,105285.71330468297,17.43489807185597,0.05466885834074997,0.00175,0.001121,0.4993969766902052,0,,True,calendar,False,,Risk 5 (calendar),5,calendar
2025-01-13,105541.3449933087,17.43489807185597,0.050555732479343085,0.0051805,0.002649,0.5032320388955845,0,,True,calendar,True,,Risk 5 (calendar),5,calendar
2025-01-27,106888.39968931372,0.0,0.05368117810837103,0.006962,0.003669,0.5045923664215713,0,,True,calendar,True,,Risk 5 (calendar),5,calendar
2025-02-10,108452.36893457007,390.99857150258487,0.05254418164383834,0.0084195,0.004651,0.5059200187534014,0,,True,calendar,True,,Risk 5 (calendar),5,calendar
2025-02-24,107570.51433690292,115.09694554078146,0.053945648130302226,0.006136,0.005131,0.49580834284373676,0,,True,calendar,True,,Risk 5 (calendar),5,calendar
2025-03-10,104683.53808412528,0.0,0.05095650258973872,0.022537,0.021481,0.4828275052162378,0,,True,calendar,True,,Risk 5 (calendar),5,calendar
2025-03-24,105406.65857083876,0.0,0.050336781273096376,0.0044505000000000005,0.002517,0.5033856739757677,0,,True,calendar,True,,Risk 5 (calendar),5,calendar
2025-04-07,99669.9851320806,264.3614371177751,0.04717785228876159,0.0305805,0.023193,0.4706008784966466,0,portfolio drift 3.1% exceeds 3%,True,calendar,True,,Risk 5 (calendar),5,calendar
2025-04-23,102505.70170939033,354.52664486422873,0.05067046192552316,0.0109535,0.006105,0.5080964388725229,0,,True,calendar,True,,Risk 5 (calendar),5,calendar
2025-05-08,104770.97111544193,3.197743733776747,0.047625089610583204,0.0119095,0.009038,0.5109270116592779,0,,True,calendar,True,,Risk 5 (calendar),5,calendar
2025-05-22,105594.86430546264,38.45580760524638,0.04926068536214068,0.0085775,0.004022,0.5074018338138484,0,,True,calendar,True,,Risk 5 (calendar),5,calendar
2025-06-06,106651.0636836532,0.0,0.048046601449027726,0.0069385,0.003551,0.5055672244760256,0,,True,calendar,True,,Risk 5 (calendar),5,calendar
2025-06-20,106866.92205057731,0.0,0.05064697859679046,0.00329,0.002804,0.501656767819478,0,,True,calendar,True,,Risk 5 (calendar),5,calendar
2025-07-04,108261.10961614878,298.96630611538416,0.0485721014085807,0.007989,0.005551,0.5038439301405124,0,,True,calendar,True,,Risk 5 (calendar),5,calendar
2025-07-18,109407.56347907391,528.3169835754943,0.0503389300172139,0.008062,0.004415,0.5040156802217107,0,,True,calendar,True,,Risk 5 (calendar),5,calendar
2025-08-01,109672.35863389516,284.68734409284275,0.04693151837330212,0.003095,0.002413,0.49849875304961616,0,,True,calendar,False,,Risk 5 (calendar),5,calendar
2025-08-15,110351.11954121025,284.68734409284275,0.04889673811324591,0.0048795,0.003474,0.501809384649845,0,,True,calendar,True,,Risk 5 (calendar),5,calendar
2025-09-01,110751.31933623992,0.0,0.04628122795615042,0.0037660000000000003,0.002821,0.5031082932430063,0,,True,calendar,True,,Risk 5 (calendar),5,calendar
2025-09-15,112107.21807785341,311.14183249963827,0.04751718617919187,0.0049415,0.004097,0.5035515181538348,0,,True,calendar,True,,Risk 5 (calendar),5,calendar
2025-09-29,113212.65034101503,0.0,0.049422752745222454,0.049073,0.027023,0.5081030486049292,2,"2 holding(s) outside tolerance band: SGLN.L, SLXX.L; portfolio drift 4.9% exceeds 3%",True,re-optimisation,True,,Risk 5 (calendar),5,calendar
2025-10-13,114248.31027102262,-2.2737367544323206e-13,0.047276143890623734,0.006132,0.002958,0.5052930418196532,0,,True,calendar,True,,Risk 5 (calendar),5,calendar
2025-10-28,116228.07848735541,0.27111545160107653,0.05035428673513942,0.009018,0.005808,0.508488658418264,0,,True,calendar,True,,Risk 5 (calendar),5,calendar
2025-11-11,116682.64536514043,4.612364122947753,0.04744659550746966,0.005996,0.002258,0.5043330029771063,0,,True,calendar,False,,Risk 5 (calendar),5,calendar
2025-11-25,115757.03186612221,4.612364122947753,0.048775036293011054,0.004148,0.003561,0.5005272111529473,0,,True,calendar,True,,Risk 5 (calendar),5,calendar
2025-12-09,116393.9358840309,0.0,0.044106876086209335,0.005044,0.00243,0.503365003528606,0,,True,calendar,False,,Risk 5 (calendar),5,calendar
2025-12-23,116841.80900600592,0.0,0.0477731030049815,0.008915,0.005188,0.5037274822316876,0,,True,calendar,True,,Risk 5 (calendar),5,calendar
2026-01-09,118098.06494908557,2.4987559839897813,0.04327308022262977,0.0076644999999999994,0.003622,0.5076540303484078,0,,True,calendar,True,,Risk 5 (calendar),5,calendar
2026-01-23,117927.534657631,0.7971988172086242,0.04358322706381634,0.0090955,0.004923,0.5043195493100913,0,,True,calendar,True,,Risk 5 (calendar),5,calendar
2026-02-06,118119.07456530834,362.89279651146944,0.04256577602962608,0.0049875,0.002101,0.5006739175331644,0,,True,calendar,False,,Risk 5 (calendar),5,calendar
2026-02-20,119430.11222315018,362.89279651146944,0.044729272266946785,0.0082985,0.003525,0.5038300867623793,0,,True,calendar,True,,Risk 5 (calendar),5,calendar
2026-03-06,118723.2784733184,0.0,0.04208314547480785,0.00504,0.001945,0.5036469874856044,0,,True,calendar,False,,Risk 5 (calendar),5,calendar
2026-03-20,115426.26847122029,0.0,0.04369943770044249,0.009133,0.006779,0.49372032580431163,0,,True,calendar,True,,Risk 5 (calendar),5,calendar
2026-04-07,116587.86559805897,398.4129502220719,0.041640191468633514,0.007186,0.003268,0.5005602753943948,0,,True,calendar,True,,Risk 5 (calendar),5,calendar
2026-04-21,119767.86219154386,17.370780369023805,0.04299572160799836,0.0172185,0.010194,0.5142617266306652,0,,True,calendar,True,,Risk 5 (calendar),5,calendar
2026-05-06,120890.19464819852,2.6827162886332303,0.04080685318816779,0.0094185,0.005802,0.507479970701174,0,,True,calendar,True,,Risk 5 (calendar),5,calendar
2026-05-20,121485.25237441265,2.5590301544198155,0.04232603283116054,0.007737,0.005182,0.5043952928928356,0,,True,calendar,True,,Risk 5 (calendar),5,calendar
2026-06-04,122708.71609277773,233.66686922603333,0.040178196183912496,0.0074345,0.003953,0.5052786459266302,0,,True,calendar,True,,Risk 5 (calendar),5,calendar
2026-06-18,123159.30015749364,15.106430780128449,0.04185929225855278,0.004881,0.003205,0.5011369657376962,0,,True,calendar,True,,Risk 5 (calendar),5,calendar
2026-07-02,122729.29697473648,0.0,0.039695167908885276,0.005255,0.00232,0.4994660706155646,0,,True,calendar,False,,Risk 5 (calendar),5,calendar
2026-07-16,122221.9698440398,0.0,0.04128632442843916,0.0054265,0.003546,0.49855456791727554,0,,True,calendar,False,,Risk 5 (calendar),5,calendar
2026-07-30,121834.88115798072,0.0,0.04287748094799393,0.0096975,0.005471,0.49732862209799705,0,,True,calendar,True,,Risk 5 (calendar),5,calendar
2026-08-13,124462.3473519276,418.2524297780069,0.041021574928013615,0.010433999999999999,0.008754,0.505935198975457,0,,True,calendar,True,,Risk 5 (calendar),5,calendar
2026-08-27,124143.88535940026,929.8162208301871,0.042690815006467764,0.006606,0.003668,0.49589696575984255,0,,True,calendar,True,,Risk 5 (calendar),5,calendar
2026-09-11,123291.33936948751,474.50260331127333,0.04074844074844042,0.0068975,0.003144,0.4983247953724405,0,,True,calendar,True,,Risk 5 (calendar),5,calendar
2021-09-27,100000.0,100000.0,0.0020569493304460895,0.4999995,0.467162,0.0,7,"7 holding(s) outside tolerance band: IGLT.L, INXG.L, ISF.L, SGLN.L, VERX.L, VFEM.L, VUSA.L; portfolio drift 50.0% exceeds 3%; growth weight 0.0% outside policy range 65%–75%",True,initial,True,,Risk 7 (bands),7,bands
2021-10-11,99633.41819640479,-4.547473508864641e-13,0.0021055516074988123,0.006065,0.003706,0.7056047110768008,0,,False,,False,,Risk 7 (bands),7,bands
2021-10-25,102316.81028877904,-4.547473508864641e-13,0.0020556882660895948,0.003885,0.003582,0.7019641209846623,0,,False,,False,,Risk 7 (bands),7,bands
2021-11-08,106272.8299982772,-4.547473508864641e-13,0.001063562665438278,0.006777,0.006306,0.7032778929928231,0,,False,,False,,Risk 7 (bands),7,bands
2021-11-22,106641.35203762818,-4.547473508864641e-13,0.0009140505292295487,0.013041,0.013041,0.7074360218544753,0,,False,,False,,Risk 7 (bands),7,bands
2021-12-06,106417.70107231001,-4.547473508864641e-13,0.002844703108543678,0.010174,0.005321,0.6961661685924241,0,,False,,False,,Risk 7 (bands),7,bands
2021-12-20,104962.65160865853,-4.547473508864641e-13,0.0026583432841948973,0.008306000000000001,0.007889,0.7012291621057178,0,,False,,False,,Risk 7 (bands),7,bands
2022-01-06,104685.80464202976,-4.547473508864641e-13,0.0007135075807427338,0.0162655,0.015133,0.7129129595431405,0,,False,,False,,Risk 7 (bands),7,bands
2022-01-20,103032.77988610016,-4.547473508864641e-13,0.0007135075807427338,0.012102,0.008156,0.710899570897001,0,,False,,False,,Risk 7 (bands),7,bands
2022-02-03,101719.04642781948,-4.547473508864641e-13,0.0,0.0124695,0.008095,0.709533136357926,0,,False,,False,,Risk 7 (bands),7,bands
2022-02-17,100452.74941887312,-4.547473508864641e-13,0.0,0.0103715,0.005145,0.7078792259422249,0,,False,,False,,Risk 7 (bands),7,bands
2022-03-03,100279.52825128779,-4.547473508864641e-13,0.0,0.0149825,0.009434,0.7016990978126497,0,,False,,False,,Risk 7 (bands),7,bands
2022-03-17,100642.2550801725,-4.547473508864641e-13,0.0,0.022001,0.014671,0.7148271583719382,0,,False,,False,,Risk 7 (bands),7,bands
2022-03-31,103464.34871258707,-4.547473508864641e-13,0.0,0.0310455,0.024998,0.7222015521019789,0,portfolio drift 3.1% exceeds 3%,True,portfolio drift 3.1% exceeds 3%,True,,Risk 7 (bands),7,bands
2022-04-14,100493.9332675594,-5.684341886080802e-14,0.0008631147924713645,0.0078615,0.00709,0.7078617621171391,0,,False,,False,,Risk 7 (bands),7,bands
2022-05-03,99500.0840087094,-5.684341886080802e-14,0.0,0.0085065,0.007639,0.7077509986803695,0,,False,,False,,Risk 7 (bands),7,bands
2022-05-17,98279.13667193917,-5.684341886080802e-14,0.00016621143855055642,0.0096785,0.007905,0.7002923444527948,0,,False,,False,,Risk 7 (bands),7,bands
2022-05-31,96957.60258997123,-5.684341886080802e-14,0.0005151721281426713,0.0162445,0.016238,0.7162447924068714,0,,False,,False,,Risk 7 (bands),7,bands
2022-06-16,90509.60284008252,-5.684341886080802e-14,0.0005405362223929178,0.0207595,0.011011,0.7069373628560411,0,,False,,False,,Risk 7 (bands),7,bands
2022-06-30,92685.88907784126,-5.684341886080802e-14,0.0017405359748439153,0.017895499999999998,0.017297,0.7146159844110161,0,,False,,False,,Risk 7 (bands),7,bands
2022-07-14,93210.68183840055,-5.684341886080802e-14,0.00029248226182954085,0.019447,0.018835,0.7159370989192244,0,,False,,False,,Risk 7 (bands),7,bands
2022-07-28,97021.5206271026,-5.684341886080802e-14,0.0017917368173772097,0.0198355,0.019836,0.7193197885443436,0,,False,,False,,Risk 7 (bands),7,bands
2022-08-11,99334.31507629277,-5.684341886080802e-14,0.002242392889505007,0.026315,0.023061,0.7263148109399727,0,,False,,False,,Risk 7 (bands),7,bands
2022-08-25,99135.35188499228,-5.684341886080802e-14,0.0020425610392771354,0.036979,0.027618,0.7358581648593191,0,portfolio drift 3.7% exceeds 3%,True,portfolio drift 3.7% exceeds 3%,True,,Risk 7 (bands),7,bands
2022-09-09,96852.83110659586,77.88256339408781,0.004690116126510713,0.012274,0.009557,0.7118719811114451,0,,False,,False,,Risk 7 (bands),7,bands
2022-09-26,90676.11442418615,77.88256339408781,0.002991334760450215,0.0380035,0.032709,0.7375742810430312,0,portfolio drift 3.8% exceeds 3%,True,portfolio drift 3.8% exceeds 3%,True,,Risk 7 (bands),7,bands
2022-10-10,87347.44866909021,2.604454049970741,0.003191368817840212,0.783938,0.468177,0.7068702197125845,8,"8 holding(s) outside tolerance band: AGBP.L, ERNS.L, IGLT.L, INXG.L, SGLN.L, VFEM.L, VUAG.L, VUSA.L; portfolio drift 78.4% exceeds 3%",True,re-optimisation,True,,Risk 7 (bands),7,bands
2022-10-24,88013.33625495851,-9.094947017729282e-13,0.006088465220061234,0.010232,0.00629,0.7058724012360514,0,,False,,False,,Risk 7 (bands),7,bands
2022-11-07,88321.68929430677,-9.094947017729282e-13,0.008337738800678896,0.00971,0.005414,0.7058919924753146,0,,False,,False,,Risk 7 (bands),7,bands
2022-11-21,89639.35257383296,-9.094947017729282e-13,0.008137827377937557,0.0120985,0.007941,0.706644711972418,0,,False,,False,,Risk 7 (bands),7,bands
2022-12-05,89605.0038774742,-9.094947017729282e-13,0.010580754643290557,0.014954,0.008733,0.7046143582213957,0,,False,,False,,Risk 7 (bands),7,bands
2022-12-19,87303.04828281695,-9.094947017729282e-13,0.012452407313744418,0.0179215,0.015919,0.6971588186972528,0,,False,,False,,Risk 7 (bands),7,bands
2023-01-05,88942.0872680851,-9.094947017729282e-13,0.015022488802435952,0.020386,0.016614,0.7034369191976463,0,,False,,False,,Risk 7 (bands),7,bands
2023-01-19,88895.37258528253,-9.094947017729282e-13,0.014014337235380703,0.025532,0.023184,0.7005029501710608,0,,False,,False,,Risk 7 (bands),7,bands
2023-02-02,92729.31084895605,-9.094947017729282e-13,0.017393745651838044,0.020565,0.014379,0.7118111776944474,0,,False,,False,,Risk 7 (bands),7,bands
2023-02-16,92923.24178444828,-9.094947017729282e-13,0.01769636592704882,0.0230505,0.015127,0.7155937277958643,0,,False,,False,,Risk 7 (bands),7,bands
2023-03-02,91015.0443185443,-9.094947017729282e-13,0.01769227175386412,0.024978499999999997,0.015717,0.7112447132241599,0,,False,,False,,Risk 7 (bands),7,bands
2023-03-16,89860.23715482376,-9.094947017729282e-13,0.0188512956607223,0.0179305,0.01268,0.703975579605563,0,,False,,False,,Risk 7 (bands),7,bands
2023-03-30,90922.09036415211,-9.094947017729282e-13,0.021068612278393628,0.0222835,0.015096,0.7066241088492475,0,,False,,False,,Risk 7 (bands),7,bands
2023-04-17,92339.62143518688,-9.094947017729282e-13,0.024149541088575255,0.024743,0.01657,0.7112517319172559,0,,False,,False,,Risk 7 (bands),7,bands
2023-05-02,91579.55259398725,-9.094947017729282e-13,0.025956766578066226,0.0248105,0.016411,0.7072725047232923,0,,False,,False,,Risk 7 (bands),7,bands
2023-05-17,91743.27155247265,-9.094947017729282e-13,0.02731740666509963,0.0231715,0.015682,0.708107624343158,0,,False,,False,,Risk 7 (bands),7,bands
2023-06-01,91850.70605452801,-9.094947017729282e-13,0.028578123341973294,0.0177245,0.012525,0.7081933918845759,0,,False,,False,,Risk 7 (bands),7,bands
2023-06-15,93319.33916820424,-9.094947017729282e-13,0.030026041339723752,0.018563,0.013002,0.7132890294122037,0,,False,,False,,Risk 7 (bands),7,bands
2023-06-29,93350.7310406861,-9.094947017729282e-13,0.03141209387083532,0.018778,0.012403,0.7133610402872352,0,,False,,False,,Risk 7 (bands),7,bands
2023-07-13,92778.8455132477,-9.094947017729282e-13,0.0326378551496489,0.017429,0.013368,0.7108141114419518,0,,False,,False,,Risk 7 (bands),7,bands
2023-07-27,95031.58189010854,-9.094947017729282e-13,0.03412429431881514,0.0234565,0.012862,0.7173868227624259,0,,False,,False,,Risk 7 (bands),7,bands
2023-08-10,94551.28300199476,-9.094947017729282e-13,0.03683801458854319,0.021893,0.013202,0.7159043664603897,0,,False,,False,,Risk 7 (bands),7,bands
2023-08-24,93376.77780839817,-9.094947017729282e-13,0.038375146974412244,0.0183505,0.010721,0.7130067689134394,0,,False,,False,,Risk 7 (bands),7,bands
2023-09-08,94811.60427128476,-9.094947017729282e-13,0.04053030207727648,0.0226125,0.009523,0.7170027233328807,0,,False,,False,,Risk 7 (bands),7,bands
2023-09-22,94805.31463420966,-9.094947017729282e-13,0.04252915033942206,0.021964,0.010465,0.7177217962889183,0,,False,,False,,Risk 7 (bands),7,bands
2023-10-06,93196.08568900124,-9.094947017729282e-13,0.04079231114554949,0.0389375,0.024996,0.7144184950802527,1,1 holding(s) outside tolerance band: SLXX.L; portfolio drift 3.9% exceeds 3%,True,re-optimisation,True,,Risk 7 (bands),7,bands
2023-10-20,93238.31661832132,196.63255159481287,0.042222104915298875,0.005927,0.00474,0.6986977596580066,0,,False,,False,,Risk 7 (bands),7,bands
2023-11-03,94323.51256160965,196.63255159481287,0.04233242938246384,0.0048465,0.003076,0.6984352962730811,0,,False,,False,,Risk 7 (bands),7,bands
2023-11-17,96218.2174905188,196.63255159481287,0.04492868732279143,0.008093,0.00369,0.7023517261953074,0,,False,,False,,Risk 7 (bands),7,bands
2023-12-01,96344.12350450674,196.63255159481287,0.041609344174142526,0.0073160000000000005,0.003625,0.7008079512195704,0,,False,,False,,Risk 7 (bands),7,bands
2023-12-15,98319.29982471502,196.63255159481287,0.04307831888115676,0.0111415,0.006363,0.7032366672276387,0,,False,,False,,Risk 7 (bands),7,bands
2024-01-03,98606.35528654711,196.63255159481287,0.045521747425057546,0.01017,0.00626,0.7035412920195565,0,,False,,False,,Risk 7 (bands),7,bands
2024-01-17,98133.56735011969,196.63255159481287,0.047494161581610905,0.0119355,0.010006,0.7031651386772233,0,,False,,False,,Risk 7 (bands),7,bands
2024-01-31,100225.82003836954,196.63255159481287,0.05133515778103148,0.015543,0.012511,0.7071504282700386,0,,False,,False,,Risk 7 (bands),7,bands
2024-02-14,101530.54969298888,196.63255159481287,0.05153275533601409,0.0231095,0.021111,0.7121977478311768,0,,False,,False,,Risk 7 (bands),7,bands
2024-02-28,102526.31106581996,196.63255159481287,0.05246529469373806,0.0256985,0.022312,0.7147340014704692,0,,False,,False,,Risk 7 (bands),7,bands
2024-03-13,103830.67628467032,196.63255159481287,0.05120242284342602,0.0254135,0.019877,0.7166457253450973,0,,False,,False,,Risk 7 (bands),7,bands
2024-03-27,105503.12614309265,196.63255159481287,0.05347340844082238,0.0290325,0.023681,0.7203978170155289,0,,False,,False,,Risk 7 (bands),7,bands
2024-04-12,105955.6559703541,196.63255159481287,0.052002590308874996,0.0304545,0.02248,0.7225781630167691,0,portfolio drift 3.0% exceeds 3%,True,portfolio drift 3.0% exceeds 3%,True,,Risk 7 (bands),7,bands
2024-04-26,105529.30559181081,44.503958326574775,0.055445703914053235,0.0057465,0.003141,0.7002762146156354,0,,False,,False,,Risk 7 (bands),7,bands
2024-05-13,107190.35068305327,44.503958326574775,0.05428886947290934,0.0082105,0.003783,0.703119802923799,0,,False,,False,,Risk 7 (bands),7,bands
2024-05-28,106869.63329459647,44.503958326574775,0.05587687287151022,0.006534,0.003334,0.7023263609544388,0,,False,,False,,Risk 7 (bands),7,bands
2024-06-11,107213.27133874602,44.503958326574775,0.053686340926178744,0.006221,0.003298,0.7027151816565137,0,,False,,False,,Risk 7 (bands),7,bands
2024-06-25,108834.94848570196,44.503958326574775,0.05679625722001713,0.009145499999999999,0.007214,0.7052599571365848,0,,False,,False,,Risk 7 (bands),7,bands
2024-07-09,109394.70762261003,44.503958326574775,0.054748099984960996,0.0116015,0.010855,0.7065656119244272,0,,False,,False,,Risk 7 (bands),7,bands
2024-07-23,109063.35935549505,44.503958326574775,0.05689074765712787,0.008174,0.007932,0.7044224155814446,0,,False,,False,,Risk 7 (bands),7,bands
2024-08-06,106511.9552727879,44.503958326574775,0.052043810374899246,0.0063085,0.003844,0.6950723229866109,0,,False,,False,,Risk 7 (bands),7,bands
2024-08-20,109627.68935295062,44.503958326574775,0.05464209100279138,0.0053315,0.003092,0.7025450559684934,0,,False,,False,,Risk 7 (bands),7,bands
2024-09-04,108449.69804934766,44.503958326574775,0.053657375388712625,0.0049345,0.002621,0.6984309556193458,0,,False,,False,,Risk 7 (bands),7,bands
2024-09-18,109402.68603516485,44.503958326574775,0.05541776678440624,0.005094,0.002417,0.6998428267668824,0,,False,,False,,Risk 7 (bands),7,bands
2024-10-02,110402.48646859279,44.503958326574775,0.05190912855466712,0.028117,0.023783,0.7024751487421221,1,1 holding(s) outside tolerance band: SLXX.L,True,re-optimisation,True,,Risk 7 (bands),7,bands
2024-10-16,112564.12883276402,5.455081993810836,0.05489751614146732,0.012383,0.010965,0.7085192019714421,0,,False,,False,,Risk 7 (bands),7,bands
2024-10-30,112478.05113732863,5.455081993810836,0.05582490610684321,0.015841,0.012802,0.7091849700160264,0,,False,,False,,Risk 7 (bands),7,bands
2024-11-13,114312.29454728267,5.455081993810836,0.053356199848418884,0.0278345,0.02781,0.7140839096842795,0,,False,,False,,Risk 7 (bands),7,bands
2024-11-27,115173.34212670558,5.455081993810836,0.05540829431429395,0.02652,0.026496,0.7147746517130211,0,,False,,False,,Risk 7 (bands),7,bands
2024-12-11,116232.24609991653,5.455081993810836,0.05105630370722758,0.027014,0.026277,0.7162384358505149,0,,False,,False,,Risk 7 (bands),7,bands
2024-12-27,115299.63958852876,5.455081993810836,0.05466885834074997,0.027511999999999998,0.027215,0.7149365529167344,0,,False,,False,,Risk 7 (bands),7,bands
2025-01-13,116000.98342707052,5.455081993810836,0.050555732479343085,0.0291065,0.026987,0.7179629131258956,0,,False,,False,,Risk 7 (bands),7,bands
2025-01-27,117486.00503659005,5.455081993810836,0.05368117810837103,0.0255295,0.023984,0.7191117880448992,0,,False,,False,,Risk 7 (bands),7,bands
2025-02-10,119735.25955340808,5.455081993810836,0.05254418164383834,0.0287415,0.024608,0.7234140279185728,0,,False,,False,,Risk 7 (bands),7,bands
2025-02-24,118299.79235313558,5.455081993810836,0.053945648130302226,0.022331999999999998,0.017965,0.7198100681628237,0,,False,,False,,Risk 7 (bands),7,bands
2025-03-10,113641.82550552685,5.455081993810836,0.05095650258973872,0.0096365,0.004703,0.7079717194136961,0,,False,,False,,Risk 7 (bands),7,bands
2025-03-24,114915.48674178745,5.455081993810836,0.050336781273096376,0.011721,0.006721,0.7117013318198836,0,,False,,False,,Risk 7 (bands),7,bands
2025-04-07,106221.31833537448,5.455081993810836,0.04717785228876159,0.0248715,0.020745,0.685869436899263,0,,False,,False,,Risk 7 (bands),7,bands
2025-04-23,110257.39603743049,5.455081993810836,0.05067046192552316,0.020239,0.020264,0.6971572881474082,0,,False,,False,,Risk 7 (bands),7,bands
2025-05-08,113449.82831013121,5.455081993810836,0.047625089610583204,0.0164985,0.011278,0.7051999092031005,0,,False,,False,,Risk 7 (bands),7,bands
2025-05-22,114739.52201335596,5.455081993810836,0.04926068536214068,0.017067,0.00891,0.7096503671108775,0,,False,,False,,Risk 7 (bands),7,bands
2025-06-06,116052.85482655415,5.455081993810836,0.048046601449027726,0.0162325,0.008488,0.7114746911363083,0,,False,,False,,Risk 7 (bands),7,bands
2025-06-20,116175.65996932102,5.455081993810836,0.05064697859679046,0.0144125,0.009305,0.7105984541519295,0,,False,,False,,Risk 7 (bands),7,bands
2025-07-04,118073.48963340693,5.455081993810836,0.0485721014085807,0.0144315,0.007823,0.7144129056842081,0,,False,,False,,Risk 7 (bands),7,bands
2025-07-18,119934.74662911893,5.455081993810836,0.0503389300172139,0.0189395,0.010343,0.7189210293515165,0,,False,,False,,Risk 7 (bands),7,bands
2025-08-01,120099.46082002266,5.455081993810836,0.04693151837330212,0.0198325,0.009835,0.718382873539019,0,,False,,False,,Risk 7 (bands),7,bands
2025-08-15,121134.65287073421,5.455081993810836,0.04889673811324591,0.0207105,0.011198,0.720692325711331,0,,False,,False,,Risk 7 (bands),7,bands
2025-09-01,121835.80251356354,5.455081993810836,0.04628122795615042,0.0216775,0.011577,0.7216455069008785,0,,False,,False,,Risk 7 (bands),7,bands
2025-09-15,123754.30461518919,5.455081993810836,0.04751718617919187,0.0246375,0.01232,0.7243948015173455,0,,False,,False,,Risk 7 (bands),7,bands
2025-09-29,125543.79185192977,5.455081993810836,0.049422752745222454,0.028995,0.014504,0.7282943988395794,1,1 holding(s) outside tolerance band: SGLN.L,True,re-optimisation,True,,Risk 7 (bands),7,bands
2025-10-13,126851.12788371794,0.6580437884485946,0.047276143890623734,0.0054675,0.003347,0.7032245868768192,0,,False,,False,,Risk 7 (bands),7,bands
2025-10-28,129764.29617301097,0.6580437884485946,0.05035428673513942,0.008826,0.005307,0.7088241362528482,0,,False,,False,,Risk 7 (bands),7,bands
2025-11-11,130324.0865528362,0.6580437884485946,0.04744659550746966,0.0100165,0.005119,0.7100148666674924,0,,False,,False,,Risk 7 (bands),7,bands
2025-11-25,128863.63737166175,0.6580437884485946,0.048775036293011054,0.0072545000000000005,0.00365,0.7065425506173895,0,,False,,False,,Risk 7 (bands),7,bands
2025-12-09,129833.1411399572,0.6580437884485946,0.044106876086209335,0.009126,0.004926,0.7091240838075731,0,,False,,False,,Risk 7 (bands),7,bands
2025-12-23,130232.91476958134,0.6580437884485946,0.0477731030049815,0.010805500000000001,0.005942,0.7092124247823735,0,,False,,False,,Risk 7 (bands),7,bands
2026-01-09,132026.2596679279,0.6580437884485946,0.04327308022262977,0.014001999999999999,0.006618,0.7126632958556227,0,,False,,False,,Risk 7 (bands),7,bands
2026-01-23,131652.8501495978,0.6580437884485946,0.04358322706381634,0.019907499999999998,0.011352,0.71201818087483,0,,False,,False,,Risk 7 (bands),7,bands
2026-02-06,131841.64006421418,0.6580437884485946,0.04256577602962608,0.022369,0.010806,0.7115617745501608,0,,False,,False,,Risk 7 (bands),7,bands
2026-02-20,133660.2754125813,0.6580437884485946,0.044729272266946785,0.0272875,0.013168,0.714117241162278,0,,False,,False,,Risk 7 (bands),7,bands
2026-03-06,132662.9427079067,0.6580437884485946,0.04208314547480785,0.02068,0.01368,0.712294478996536,1,1 holding(s) outside tolerance band: SGLN.L,True,1 holding(s) outside tolerance band: SGLN.L,True,,Risk 7 (bands),7,bands
2026-03-20,128200.54778268059,-2.2737367544323206e-13,0.04369943770044249,0.008071,0.004321,0.6931822020634233,0,,False,,False,,Risk 7 (bands),7,bands
2026-04-07,129795.00537752552,-2.2737367544323206e-13,0.041640191468633514,0.00912,0.005834,0.6964013811054586,0,,False,,False,,Risk 7 (bands),7,bands
2026-04-21,134554.932605465,-2.2737367544323206e-13,0.04299572160799836,0.010358,0.004892,0.7054666912556984,0,,False,,False,,Risk 7 (bands),7,bands
2026-05-06,136433.10345367395,-2.2737367544323206e-13,0.04080685318816779,0.0162,0.011024,0.7094584660326494,0,,False,,False,,Risk 7 (bands),7,bands
2026-05-20,137515.56715735796,-2.2737367544323206e-13,0.04232603283116054,0.020728,0.0173,0.712176288175739,0,,False,,False,,Risk 7 (bands),7,bands
2026-06-04,139347.1223921597,-2.2737367544323206e-13,0.040178196183912496,0.025829,0.021721,0.7147907940031121,0,,False,,False,,Risk 7 (bands),7,bands
2026-06-18,139996.19805820892,-2.2737367544323206e-13,0.04185929225855278,0.028083,0.021177,0.7150994723129929,0,,False,,False,,Risk 7 (bands),7,bands
2026-07-02,139385.12050351253,-2.2737367544323206e-13,0.039695167908885276,0.025644,0.018917,0.7138116112667484,0,,False,,False,,Risk 7 (bands),7,bands
2026-07-16,138869.0704031151,-2.2737367544323206e-13,0.04128632442843916,0.026579000000000002,0.021604,0.7132706404566552,1,1 holding(s) outside tolerance band: SGLN.L,True,1 holding(s) outside tolerance band: SGLN.L,True,,Risk 7 (bands),7,bands
2026-07-30,138158.6490772909,-2.2737367544323206e-13,0.04287748094799393,0.007298,0.007169,0.6995256893778519,0,,False,,False,,Risk 7 (bands),7,bands
2026-08-13,142082.71593982194,-2.2737367544323206e-13,0.041021574928013615,0.007321,0.003755,0.7069050104124182,0,,False,,False,,Risk 7 (bands),7,bands
2026-08-27,141430.67455883205,-2.2737367544323206e-13,0.042690815006467764,0.0076185,0.004865,0.7055142720253452,0,,False,,False,,Risk 7 (bands),7,bands
2026-09-11,140422.0347202634,-2.2737367544323206e-13,0.04074844074844042,0.0056295,0.003729,0.7046872461231444,0,,False,,False,,Risk 7 (bands),7,bands
2021-09-27,100000.0,100000.0,0.0020569493304460895,0.4999995,0.467162,0.0,7,"7 holding(s) outside tolerance band: IGLT.L, INXG.L, ISF.L, SGLN.L, VERX.L, VFEM.L, VUSA.L; portfolio drift 50.0% exceeds 3%; growth weight 0.0% outside policy range 65%–75%",True,initial,True,,Risk 7 (calendar),7,calendar
2021-10-11,99633.41819640479,-4.547473508864641e-13,0.0021055516074988123,0.006065,0.003706,0.7056047110768008,0,,True,calendar,True,,Risk 7 (calendar),7,calendar
2021-10-25,102315.61655605014,36.43726354151835,0.0020556882660895948,0.0054595,0.004944,0.6982804470393644,0,,True,calendar,True,,Risk 7 (calendar),7,calendar
2021-11-08,106259.08809350379,174.245061703778,0.001063562665438278,0.003995,0.002641,0.6996421110199207,0,,True,calendar,True,,Risk 7 (calendar),7,calendar
2021-11-22,106612.90004669275,453.66603511827856,0.0009140505292295487,0.0088385,0.00671,0.7011660434397804,0,,True,calendar,True,,Risk 7 (calendar),7,calendar
2021-12-06,106428.9365952389,712.8246079848993,0.002844703108543678,0.0134985,0.008137,0.6831527964252453,0,,True,calendar,True,,Risk 7 (calendar),7,calendar
2021-12-20,104950.21408273713,29.406757057897494,0.0026583432841948973,0.0066760000000000005,0.004858,0.7024497663787269,0,,True,calendar,True,,Risk 7 (calendar),7,calendar
2022-01-06,104673.90566041516,3.9439400425583813,0.0007135075807427338,0.0115945,0.009421,0.7112094370766342,0,,True,calendar,True,,Risk 7 (calendar),7,calendar
2022-01-20,103065.34056144762,95.46375819019568,0.0007135075807427338,0.007894,0.006956,0.6988737167270634,0,,True,calendar,True,,Risk 7 (calendar),7,calendar
2022-02-03,101753.6036627019,0.0,0.0,0.005232,0.002858,0.6983820095176351,0,,True,calendar,True,,Risk 7 (calendar),7,calendar
2022-02-17,100500.02156832528,29.857278311498987,0.0,0.00787,0.004832,0.6992842915122497,0,,True,calendar,True,,Risk 7 (calendar),7,calendar
2022-03-03,100348.91824863634,0.0,0.0,0.0122755,0.009039,0.6933006367539423,0,,True,calendar,True,,Risk 7 (calendar),7,calendar
2022-03-17,100795.47735255894,337.7274374492713,0.0,0.014829,0.009778,0.7099956115653784,0,,True,calendar,True,,Risk 7 (calendar),7,calendar
2022-03-31,103549.82635509936,7.428254049976715,0.0,0.010387,0.010345,0.7082762786185163,0,,True,calendar,True,,Risk 7 (calendar),7,calendar
2022-04-14,100594.1659509345,201.25519727848746,0.0008631147924713645,0.0055980000000000005,0.006021,0.7039130377137557,0,,True,calendar,True,,Risk 7 (calendar),7,calendar
2022-05-03,99601.19001853697,0.0,0.0,0.00295,0.001581,0.7008105513811863,0,,True,calendar,False,,Risk 7 (calendar),7,calendar
2022-05-17,98400.77653440816,0.0,0.00016621143855055642,0.0084475,0.008093,0.6932107998787703,0,,True,calendar,True,,Risk 7 (calendar),7,calendar
2022-05-31,97050.76980932425,0.0,0.0005151721281426713,0.014553,0.014553,0.7136705410995318,0,,True,calendar,True,,Risk 7 (calendar),7,calendar
2022-06-16,90609.33069359971,0.0,0.0005405362223929178,0.013245,0.010156,0.6933929600514055,0,,True,calendar,True,,Risk 7 (calendar),7,calendar
2022-06-30,92781.92250883028,6.399968863848073,0.0017405359748439153,0.0085365,0.008347,0.7063604834626555,0,,True,calendar,True,,Risk 7 (calendar),7,calendar
2022-07-14,93320.60372886136,313.4531173062503,0.00029248226182954085,0.0081405,0.006461,0.6996773065487986,0,,True,calendar,True,,Risk 7 (calendar),7,calendar
2022-07-28,97132.41916761434,929.4491016484301,0.0017917368173772097,0.009215,0.004431,0.6968551035719899,0,,True,calendar,True,,Risk 7 (calendar),7,calendar
2022-08-11,99384.60694621426,739.334733731976,0.002242392889505007,0.0110025,0.007283,0.6997999568706709,0,,True,calendar,True,,Risk 7 (calendar),7,calendar
2022-08-25,99070.68564337809,750.6546635078857,0.0020425610392771354,0.013479,0.009691,0.7023356492915304,0,,True,calendar,True,,Risk 7 (calendar),7,calendar
2022-09-09,96843.23005134302,441.3733409662336,0.004690116126510713,0.013373,0.009427,0.7080420802634224,0,,True,calendar,True,,Risk 7 (calendar),7,calendar
2022-09-26,90516.18481501853,301.1903105323595,0.002991334760450215,0.0248675,0.024014,0.7232031557757069,0,,True,calendar,True,,Risk 7 (calendar),7,calendar
2022-10-10,87090.19028964244,3.0574930820239103,0.003191368817840212,0.7833115,0.468732,0.708710859999629,8,"8 holding(s) outside tolerance band: AGBP.L, ERNS.L, IGLT.L, INXG.L, SGLN.L, VFEM.L, VUAG.L, VUSA.L; portfolio drift 78.3% exceeds 3%",True,re-optimisation,True,,Risk 7 (calendar),7,calendar
2022-10-24,87749.36472404064,-7.958078640513122e-12,0.006088465220061234,0.009547,0.007228,0.705264421747691,0,,True,calendar,True,,Risk 7 (calendar),7,calendar
2022-11-07,88054.69158851138,316.6425711768221,0.008337738800678896,0.010007499999999999,0.006856,0.6981103743660678,0,,True,calendar,True,,Risk 7 (calendar),7,calendar
2022-11-21,89352.20162576206,423.9985578329397,0.008137827377937557,0.006477,0.004064,0.6976261809325796,0,,True,calendar,True,,Risk 7 (calendar),7,calendar
2022-12-05,89305.9600313856,-2.842170943040401e-14,0.010580754643290557,0.008531,0.005576,0.6973799017822592,0,,True,calendar,True,,Risk 7 (calendar),7,calendar
2022-12-19,87022.36143929312,96.60772732265445,0.012452407313744418,0.009608,0.009679,0.6922678149255426,0,,True,calendar,True,,Risk 7 (calendar),7,calendar
2023-01-05,88631.00310366467,0.0,0.015022488802435952,0.008812500000000001,0.003882,0.7061204992991792,0,,True,calendar,True,,Risk 7 (calendar),7,calendar
2023-01-19,88539.78933221631,4.585091397806309,0.014014337235380703,0.008819,0.006612,0.6991096682258715,0,,True,calendar,True,,Risk 7 (calendar),7,calendar
2023-02-02,92439.61935112767,0.0,0.017393745651838044,0.0150345,0.012679,0.7137289192959543,0,,True,calendar,True,,Risk 7 (calendar),7,calendar
2023-02-16,92617.25325446669,16.667303519979328,0.01769636592704882,0.005902500000000001,0.003995,0.7046928047080654,0,,True,calendar,True,,Risk 7 (calendar),7,calendar
2023-03-02,90710.47496705176,0.0,0.01769227175386412,0.0080955,0.007828,0.6970978475062484,0,,True,calendar,True,,Risk 7 (calendar),7,calendar
2023-03-16,89677.03067150639,2.311536888552041,0.0188512956607223,0.0129755,0.00616,0.6898644502968143,0,,True,calendar,True,,Risk 7 (calendar),7,calendar
2023-03-30,90694.80199263353,316.95285363292123,0.021068612278393628,0.0046815,0.002859,0.6990533751228365,0,,True,calendar,True,,Risk 7 (calendar),7,calendar
2023-04-17,92072.19931532494,577.1186033473091,0.024149541088575255,0.0057114999999999996,0.003894,0.7008487069560777,0,,True,calendar,True,,Risk 7 (calendar),7,calendar
2023-05-02,91321.14305771317,5.684341886080802e-14,0.025956766578066226,0.0045335,0.002531,0.696763129705626,0,,True,calendar,False,,Risk 7 (calendar),7,calendar
2023-05-17,91502.27493128643,5.684341886080802e-14,0.02731740666509963,0.003146,0.001702,0.6976828979821128,0,,True,calendar,False,,Risk 7 (calendar),7,calendar
2023-06-01,91685.01218508335,5.684341886080802e-14,0.028578123341973294,0.0079835,0.0058,0.6980185330445249,0,,True,calendar,True,,Risk 7 (calendar),7,calendar
2023-06-15,93141.67048681258,542.6821324531365,0.030026041339723752,0.009325,0.006045,0.6974300034507125,0,,True,calendar,True,,Risk 7 (calendar),7,calendar
2023-06-29,93191.01112435867,786.1810659227028,0.03141209387083532,0.007883,0.003488,0.6949497624739648,0,,True,calendar,True,,Risk 7 (calendar),7,calendar
2023-07-13,92618.46026670099,785.8587626900362,0.0326378551496489,0.0049625,0.003569,0.6922602492699339,0,,True,calendar,True,,Risk 7 (calendar),7,calendar
2023-07-27,94834.37641161124,455.30811961135896,0.03412429431881514,0.0105185,0.007109,0.702643305118303,0,,True,calendar,True,,Risk 7 (calendar),7,calendar
2023-08-10,94362.75273095715,422.43893869566,0.03683801458854319,0.0048145,0.001944,0.6939732746973324,0,,True,calendar,False,,Risk 7 (calendar),7,calendar
2023-08-24,93256.09149776338,422.43893869566,0.038375146974412244,0.0066765,0.003901,0.6910579896457443,0,,True,calendar,True,,Risk 7 (calendar),7,calendar
2023-09-08,94666.60953506044,358.3832269038079,0.04053030207727648,0.0055065,0.003382,0.6991420451603886,0,,True,calendar,True,,Risk 7 (calendar),7,calendar
2023-09-22,94650.94618223466,677.2567710932599,0.04252915033942206,0.0059605000000000005,0.003363,0.6965117162674378,0,,True,calendar,True,,Risk 7 (calendar),7,calendar
2023-10-06,93065.00332357001,358.92305528749057,0.04079231114554949,0.0353405,0.024996,0.6964323452377967,1,1 holding(s) outside tolerance band: SLXX.L; portfolio drift 3.5% exceeds 3%,True,re-optimisation,True,,Risk 7 (calendar),7,calendar
2023-10-20,93107.2530411243,349.2792613940178,0.042222104915298875,0.0066665,0.003476,0.6958736720044039,0,,True,calendar,True,,Risk 7 (calendar),7,calendar
2023-11-03,94205.45572214882,152.32896446280472,0.04233242938246384,0.002807,0.001745,0.6977775794558585,0,,True,calendar,False,,Risk 7 (calendar),7,calendar
2023-11-17,96112.14130852713,152.32896446280472,0.04492868732279143,0.0077495,0.003558,0.7017489566790475,0,,True,calendar,True,,Risk 7 (calendar),7,calendar
2023-12-01,96235.8160922691,265.03116902532634,0.041609344174142526,0.0029779999999999997,0.002021,0.6964438535090438,0,,True,calendar,False,,Risk 7 (calendar),7,calendar
2023-12-15,98198.75211140153,265.03116902532634,0.04307831888115676,0.0054735,0.002817,0.698925374941003,0,,True,calendar,True,,Risk 7 (calendar),7,calendar
2024-01-03,98488.96980701102,0.0,0.045521747425057546,0.0031435,0.002318,0.7006056055714434,0,,True,calendar,False,,Risk 7 (calendar),7,calendar
2024-01-17,98007.26724420869,0.0,0.047494161581610905,0.0065095,0.006401,0.7001766246727407,0,,True,calendar,True,,Risk 7 (calendar),7,calendar
2024-01-31,100079.38021614302,371.484264093652,0.05133515778103148,0.0050025,0.002847,0.7004430528578414,0,,True,calendar,True,,Risk 7 (calendar),7,calendar
2024-02-14,101347.77317509174,338.1643822315557,0.05153275533601409,0.0101895,0.008521,0.7029813568479123,0,,True,calendar,True,,Risk 7 (calendar),7,calendar
2024-02-28,102319.55000986703,478.8509185330113,0.05246529469373806,0.004592,0.00286,0.6998633053326264,0,,True,calendar,True,,Risk 7 (calendar),7,calendar
2024-03-13,103628.84441334826,186.238942615606,0.05120242284342602,0.005335,0.002282,0.7019276893925563,0,,True,calendar,False,,Risk 7 (calendar),7,calendar
2024-03-27,105260.40988524021,186.238942615606,0.05347340844082238,0.0079055,0.003499,0.7057719842952792,0,,True,calendar,True,,Risk 7 (calendar),7,calendar
2024-04-12,105706.50813281287,60.18466224625672,0.052002590308874996,0.005771,0.005049,0.7026572639921351,0,,True,calendar,True,,Risk 7 (calendar),7,calendar
2024-04-26,105295.40616526215,583.9726441883446,0.055445703914053235,0.006533,0.004312,0.697091501719985,0,,True,calendar,True,,Risk 7 (calendar),7,calendar
2024-05-13,106952.13174930283,129.99036384193244,0.05428886947290934,0.0070865,0.003795,0.7042428090384312,0,,True,calendar,True,,Risk 7 (calendar),7,calendar
2024-05-28,106639.55294874513,222.94870234290363,0.05587687287151022,0.0045055,0.002368,0.6996694274023643,0,,True,calendar,False,,Risk 7 (calendar),7,calendar
2024-06-11,106994.54668365714,222.94870234290363,0.053686340926178744,0.00762,0.005801,0.7000961578194562,0,,True,calendar,True,,Risk 7 (calendar),7,calendar
2024-06-25,108606.2987889646,493.1237064797482,0.05679625722001713,0.0068055,0.004535,0.7001639792986808,0,,True,calendar,True,,Risk 7 (calendar),7,calendar
2024-07-09,109162.74777610737,704.789324021222,0.054748099984960996,0.0068205,0.003651,0.696964329410771,0,,True,calendar,True,,Risk 7 (calendar),7,calendar
2024-07-23,108847.33919786027,697.3089083127327,0.05689074765712787,0.004387,0.002916,0.6948900509843288,0,,True,calendar,True,,Risk 7 (calendar),7,calendar
2024-08-06,106359.52548441911,379.8629106886276,0.052043810374899246,0.013732,0.010245,0.6884480552504673,0,,True,calendar,True,,Risk 7 (calendar),7,calendar
2024-08-20,109469.66383882384,-5.684341886080802e-14,0.05464209100279138,0.0091705,0.004602,0.7083006881329627,0,,True,calendar,True,,Risk 7 (calendar),7,calendar
2024-09-04,108293.35764300964,0.0,0.053657375388712625,0.0067695,0.004343,0.6996141774639483,0,,True,calendar,False,,Risk 7 (calendar),7,calendar
2024-09-18,109248.13565376666,0.0,0.05541776678440624,0.004959,0.002521,0.7010355318025494,0,,True,calendar,True,,Risk 7 (calendar),7,calendar
2024-10-02,110236.56484393253,275.06224377895836,0.05190912855466712,0.027424499999999997,0.025564,0.7011327232353134,1,1 holding(s) outside tolerance band: SLXX.L,True,re-optimisation,True,,Risk 7 (calendar),7,calendar
2024-10-16,112385.50518780934,36.82859627666312,0.05489751614146732,0.0097095,0.007885,0.7071754614436785,0,,True,calendar,True,,Risk 7 (calendar),7,calendar
2024-10-30,112300.56938354818,84.2051885895512,0.05582490610684321,0.005889,0.003701,0.6999371658722126,0,,True,calendar,True,,Risk 7 (calendar),7,calendar
2024-11-13,114066.70417841618,57.15706054009206,0.053356199848418884,0.016955,0.016704,0.7050564338682836,0,,True,calendar,True,,Risk 7 (calendar),7,calendar
2024-11-27,114926.37903461148,299.3603777054461,0.05540829431429395,0.0041355,0.002619,0.699915863654863,0,,True,calendar,True,,Risk 7 (calendar),7,calendar
2024-12-11,115983.5212244599,0.0,0.05105630370722758,0.003585,0.001472,0.7014607364920201,0,,True,calendar,False,,Risk 7 (calendar),7,calendar
2024-12-27,115038.25883010971,0.0,0.05466885834074997,0.0020959999999999998,0.00073,0.7000525920478806,0,,True,calendar,False,,Risk 7 (calendar),7,calendar
2025-01-13,115745.75125621432,0.0,0.050555732479343085,0.0052385,0.003139,0.7032566820587616,0,,True,calendar,True,,Risk 7 (calendar),7,calendar
2025-01-27,117291.23897860917,0.0,0.05368117810837103,0.0074115,0.00459,0.7015451513417528,0,,True,calendar,True,,Risk 7 (calendar),7,calendar
2025-02-10,119471.55851606527,407.68539353220535,0.05254418164383834,0.005323,0.004003,0.7025401489373264,0,,True,calendar,True,,Risk 7 (calendar),7,calendar
2025-02-24,118125.59558503554,0.0,0.053945648130302226,0.006801,0.005846,0.698889043790587,0,,True,calendar,False,,Risk 7 (calendar),7,calendar
2025-03-10,113715.95961143455,0.0,0.05095650258973872,0.0259965,0.025353,0.6868326115940985,0,,True,calendar,True,,Risk 7 (calendar),7,calendar
2025-03-24,114996.25597065352,0.0,0.050336781273096376,0.005593,0.003526,0.7038521242396023,0,,True,calendar,True,,Risk 7 (calendar),7,calendar
2025-04-07,106369.34099980602,405.2482626498357,0.04717785228876159,0.0286585,0.0208,0.6737219197417965,0,,True,calendar,True,,Risk 7 (calendar),7,calendar
2025-04-23,110352.46931817012,133.1116112193522,0.05067046192552316,0.010827,0.005695,0.7094251200944489,0,,True,calendar,True,,Risk 7 (calendar),7,calendar
2025-05-08,113619.76892431546,6.985044327454943,0.047625089610583204,0.0099165,0.009135,0.7081189835115911,0,,True,calendar,True,,Risk 7 (calendar),7,calendar
2025-05-22,114939.57823551603,111.98032753839902,0.04926068536214068,0.0060834999999999995,0.003871,0.703641353928715,0,,True,calendar,True,,Risk 7 (calendar),7,calendar
2025-06-06,116255.08795555774,192.0240208613659,0.048046601449027726,0.005184,0.00289,0.7017213021367742,0,,True,calendar,True,,Risk 7 (calendar),7,calendar
2025-06-20,116373.60003313044,169.71668551058286,0.05064697859679046,0.0021425,0.001215,0.6981034865822104,0,,True,calendar,False,,Risk 7 (calendar),7,calendar
2025-07-04,118313.70762072704,169.71668551058286,0.0485721014085807,0.0077415,0.007024,0.7021841539819536,0,,True,calendar,True,,Risk 7 (calendar),7,calendar
2025-07-18,120138.26305214327,628.8496126664802,0.0503389300172139,0.006842,0.004292,0.7029672133953637,0,,True,calendar,True,,Risk 7 (calendar),7,calendar
2025-08-01,120295.58386570706,116.6220958936442,0.04693151837330212,0.003118,0.003006,0.698460535836715,0,,True,calendar,True,,Risk 7 (calendar),7,calendar
2025-08-15,121334.03036591629,0.0,0.04889673811324591,0.0029125,0.00234,0.7019014885211536,0,,True,calendar,False,,Risk 7 (calendar),7,calendar
2025-09-01,121998.73493964254,0.0,0.04628122795615042,0.0035865,0.00247,0.7028258915323446,0,,True,calendar,False,,Risk 7 (calendar),7,calendar
2025-09-15,123867.43679014636,0.0,0.04751718617919187,0.006759,0.0036,0.7056282865860948,0,,True,calendar,True,,Risk 7 (calendar),7,calendar
2025-09-29,125557.53535893511,333.4833897989756,0.049422752745222454,0.007136,0.004255,0.7033547576563086,0,,True,re-optimisation,True,,Risk 7 (calendar),7,calendar
2025-10-13,126886.12313350775,175.60606058212898,0.047276143890623734,0.006949,0.005611,0.7026113927216326,0,,True,calendar,True,,Risk 7 (calendar),7,calendar
2025-10-28,129810.59854593684,510.39403044332585,0.05035428673513942,0.008022,0.005195,0.7026934033410406,0,,True,calendar,True,,Risk 7 (calendar),7,calendar
2025-11-11,130361.15043526492,4.607735917678667,0.04744659550746966,0.003764,0.002519,0.7012279884801234,0,,True,calendar,True,,Risk 7 (calendar),7,calendar
2025-11-25,128920.48340601067,0.0,0.048775036293011054,0.0054395,0.003858,0.6977332308342729,0,,True,calendar,True,,Risk 7 (calendar),7,calendar
2025-12-09,129874.96046129715,0.7435048682428373,0.044106876086209335,0.0014885,0.000873,0.7003494418703333,0,,True,calendar,False,,Risk 7 (calendar),7,calendar
2025-12-23,130254.39133140299,0.7435048682428373,0.0477731030049815,0.004855,0.003824,0.7003929600095602,0,,True,calendar,True,,Risk 7 (calendar),7,calendar
2026-01-09,132027.50968549924,0.0,0.04327308022262977,0.007403,0.003495,0.7039087917350965,0,,True,calendar,True,,Risk 7 (calendar),7,calendar
2026-01-23,131609.56643208035,0.736810358576605,0.04358322706381634,0.0105645,0.008319,0.7020059566383414,0,,True,calendar,True,,Risk 7 (calendar),7,calendar
2026-02-06,131815.58364591995,9.334458816159781,0.04256577602962608,0.006313,0.004165,0.7015073458085207,0,,True,calendar,True,,Risk 7 (calendar),7,calendar
2026-02-20,133554.71364432957,18.852031497771577,0.044729272266946785,0.0061589999999999995,0.002614,0.7039040300786579,0,,True,calendar,True,,Risk 7 (calendar),7,calendar
2026-03-06,132601.32855304916,366.09551651196324,0.04208314547480785,0.0060375,0.004417,0.6994957519061195,0,,True,calendar,True,,Risk 7 (calendar),7,calendar
2026-03-20,128130.86156744449,113.99216759132014,0.04369943770044249,0.0066775,0.003918,0.6931042474836313,0,,True,calendar,True,,Risk 7 (calendar),7,calendar
2026-04-07,129716.01253502935,616.0458328775671,0.041640191468633514,0.00561,0.004947,0.6963134224833445,0,,True,calendar,True,,Risk 7 (calendar),7,calendar
2026-04-21,134488.63917843258,0.0,0.04299572160799836,0.013184,0.010275,0.7100121640366048,0,,True,calendar,True,,Risk 7 (calendar),7,calendar
2026-05-06,136336.5603927743,6.0022091725506925,0.04080685318816779,0.0095685,0.006415,0.7061565679042322,0,,True,calendar,True,,Risk 7 (calendar),7,calendar
2026-05-20,137374.1502913475,37.65921900268688,0.04232603283116054,0.0078715,0.006271,0.7024517349445112,0,,True,calendar,True,,Risk 7 (calendar),7,calendar
2026-06-04,139137.6548501109,392.2150019730924,0.040178196183912496,0.0080665,0.004471,0.7024645372892726,0,,True,calendar,True,,Risk 7 (calendar),7,calendar
2026-06-18,139731.57209393723,192.13115548504447,0.04185929225855278,0.0058225,0.00336,0.7011926254369196,0,,True,calendar,True,,Risk 7 (calendar),7,calendar
2026-07-02,139118.8222200658,0.0,0.039695167908885276,0.004727,0.002493,0.6991522801023402,0,,True,calendar,False,,Risk 7 (calendar),7,calendar
2026-07-16,138555.78453138776,0.0,0.04128632442843916,0.004598,0.003761,0.6984861811348538,0,,True,calendar,False,,Risk 7 (calendar),7,calendar
2026-07-30,137885.04536387385,0.0,0.04287748094799393,0.009518,0.007068,0.6972691753460034,0,,True,calendar,True,,Risk 7 (calendar),7,calendar
2026-08-13,141800.9876567732,0.0,0.041021574928013615,0.008401,0.007365,0.7047032365911795,0,,True,calendar,True,,Risk 7 (calendar),7,calendar
2026-08-27,141130.50417234516,265.5026692795923,0.042690815006467764,0.004789,0.004333,0.6986304390919265,0,,True,calendar,True,,Risk 7 (calendar),7,calendar
2026-09-11,140138.5327663921,0.0,0.04074844074844042,0.0019795,0.001613,0.699718333528279,0,,True,calendar,False,,Risk 7 (calendar),7,calendar
2021-09-27,100000.0,100000.0,0.0020569493304460895,0.5,0.654547,0.0,5,"5 holding(s) outside tolerance band: ISF.L, SGLN.L, VERX.L, VFEM.L, VUSA.L; portfolio drift 50.0% exceeds 3%; growth weight 0.0% outside policy range 95%–100%",True,initial,True,,Risk 10 (bands),10,bands
2021-10-11,100478.84728763388,-1.8189894035458565e-12,0.0021055516074988123,0.001967,0.001548,1.0,0,,False,,False,,Risk 10 (bands),10,bands
2021-10-25,102599.73694146257,-1.8189894035458565e-12,0.0020556882660895948,0.0011005,0.000893,0.9999999999999999,0,,False,,False,,Risk 10 (bands),10,bands
2021-11-08,106638.33979141204,-1.8189894035458565e-12,0.001063562665438278,0.006563,0.006562,1.0,0,,False,,False,,Risk 10 (bands),10,bands
2021-11-22,107665.02801303915,-1.8189894035458565e-12,0.0009140505292295487,0.011875,0.011875,1.0,0,,False,,False,,Risk 10 (bands),10,bands
2021-12-06,105758.52527838715,-1.8189894035458565e-12,0.002844703108543678,0.010922,0.010922,1.0,0,,False,,False,,Risk 10 (bands),10,bands
2021-12-20,105051.55436138324,-1.8189894035458565e-12,0.0026583432841948973,0.0107525,0.01049,1.0,0,,False,,False,,Risk 10 (bands),10,bands
2022-01-06,106430.7682793513,-1.8189894035458565e-12,0.0007135075807427338,0.010127,0.010123,0.9999999999999999,0,,False,,False,,Risk 10 (bands),10,bands
2022-01-20,104639.36220174978,-1.8189894035458565e-12,0.0007135075807427338,0.004752,0.003452,1.0,0,,False,,False,,Risk 10 (bands),10,bands
2022-02-03,103096.16829229343,-1.8189894035458565e-12,0.0,0.006829,0.004346,1.0,0,,False,,False,,Risk 10 (bands),10,bands
2022-02-17,101778.21187982494,-1.8189894035458565e-12,0.0,0.0090495,0.005878,1.0,0,,False,,False,,Risk 10 (bands),10,bands
2022-03-03,100846.11732233022,-1.8189894035458565e-12,0.0,0.01626,0.01185,1.0000000000000002,0,,False,,False,,Risk 10 (bands),10,bands
2022-03-17,102956.65549529837,-1.8189894035458565e-12,0.0,0.0148045,0.007729,0.9999999999999999,0,,False,,False,,Risk 10 (bands),10,bands
2022-03-31,106879.97153753122,-1.8189894035458565e-12,0.0,0.0186265,0.012989,1.0,0,,False,,False,,Risk 10 (bands),10,bands
2022-04-14,104818.85079002824,-1.8189894035458565e-12,0.0008631147924713645,0.018015,0.010562,1.0,0,,False,,False,,Risk 10 (bands),10,bands
2022-05-03,103788.65910403582,-1.8189894035458565e-12,0.0,0.017067,0.010508,1.0,0,,False,,False,,Risk 10 (bands),10,bands
2022-05-17,101380.94814063908,-1.8189894035458565e-12,0.00016621143855055642,0.016034,0.009078,1.0,0,,False,,False,,Risk 10 (bands),10,bands
2022-05-31,102254.28611324533,-1.8189894035458565e-12,0.0005151721281426713,0.013512999999999999,0.007956,0.9999999999999999,0,,False,,False,,Risk 10 (bands),10,bands
2022-06-16,94516.31573834231,-1.8189894035458565e-12,0.0005405362223929178,0.019764999999999998,0.011508,1.0,0,,False,,False,,Risk 10 (bands),10,bands
2022-06-30,97798.86115216631,-1.8189894035458565e-12,0.0017405359748439153,0.0157805,0.011007,1.0,0,,False,,False,,Risk 10 (bands),10,bands
2022-07-14,98500.49182397337,-1.8189894035458565e-12,0.00029248226182954085,0.017472,0.013117,0.9999999999999999,0,,False,,False,,Risk 10 (bands),10,bands
2022-07-28,102859.08966683142,-1.8189894035458565e-12,0.0017917368173772097,0.0192045,0.012282,1.0,0,,False,,False,,Risk 10 (bands),10,bands
2022-08-11,106281.835722425,-1.8189894035458565e-12,0.002242392889505007,0.020765,0.014132,1.0,0,,False,,False,,Risk 10 (bands),10,bands
2022-08-25,107614.63302884946,-1.8189894035458565e-12,0.0020425610392771354,0.023469,0.01742,1.0,0,,False,,False,,Risk 10 (bands),10,bands
2022-09-09,107064.75684869682,-1.8189894035458565e-12,0.004690116126510713,0.022948,0.017828,1.0,0,,False,,False,,Risk 10 (bands),10,bands
2022-09-26,104060.41427930741,-1.8189894035458565e-12,0.002991334760450215,0.023139,0.016697,1.0,0,,False,,False,,Risk 10 (bands),10,bands
2022-10-10,100944.51397295123,-1.8189894035458565e-12,0.003191368817840212,0.732908,0.667161,1.0000000000000002,4,"4 holding(s) outside tolerance band: VERX.L, VJPN.L, VUAG.L, VUSA.L; portfolio drift 73.3% exceeds 3%",True,re-optimisation,True,,Risk 10 (bands),10,bands
2022-10-24,101388.36855958248,-8.185452315956354e-12,0.006088465220061234,0.010659,0.007221,1.0,0,,False,,False,,Risk 10 (bands),10,bands
2022-11-07,101739.35361595225,-8.185452315956354e-12,0.008337738800678896,0.008508,0.005707,1.0,0,,False,,False,,Risk 10 (bands),10,bands
2022-11-21,103096.10060468536,-8.185452315956354e-12,0.008137827377937557,0.009794,0.005677,1.0000000000000002,0,,False,,False,,Risk 10 (bands),10,bands
2022-12-05,102720.24866388692,-8.185452315956354e-12,0.010580754643290557,0.013487,0.008812,1.0,0,,False,,False,,Risk 10 (bands),10,bands
2022-12-19,99035.86639526722,-8.185452315956354e-12,0.012452407313744418,0.015787,0.01539,1.0000000000000002,0,,False,,False,,Risk 10 (bands),10,bands
2023-01-05,101523.45882264327,-8.185452315956354e-12,0.015022488802435952,0.021109,0.020368,1.0000000000000002,0,,False,,False,,Risk 10 (bands),10,bands
2023-01-19,101015.79214929749,-8.185452315956354e-12,0.014014337235380703,0.02722,0.02722,1.0,0,,False,,False,,Risk 10 (bands),10,bands
2023-02-02,107031.68831940125,-8.185452315956354e-12,0.017393745651838044,0.015119500000000001,0.013838,1.0000000000000002,0,,False,,False,,Risk 10 (bands),10,bands
2023-02-16,107671.9472862028,-8.185452315956354e-12,0.01769636592704882,0.0172215,0.012057,1.0,0,,False,,False,,Risk 10 (bands),10,bands
2023-03-02,104739.3994072239,-8.185452315956354e-12,0.01769227175386412,0.020414,0.018973,1.0000000000000002,0,,False,,False,,Risk 10 (bands),10,bands
2023-03-16,102423.33020145976,-8.185452315956354e-12,0.0188512956607223,0.016786,0.013655,1.0000000000000002,0,,False,,False,,Risk 10 (bands),10,bands
2023-03-30,103815.98609754199,-8.185452315956354e-12,0.021068612278393628,0.0199225,0.01776,1.0000000000000002,0,,False,,False,,Risk 10 (bands),10,bands
2023-04-17,105893.42104809247,-8.185452315956354e-12,0.024149541088575255,0.020426,0.016937,1.0000000000000002,0,,False,,False,,Risk 10 (bands),10,bands
2023-05-02,104217.29102984066,-8.185452315956354e-12,0.025956766578066226,0.0221595,0.01683,1.0,0,,False,,False,,Risk 10 (bands),10,bands
2023-05-17,104938.20730635617,-8.185452315956354e-12,0.02731740666509963,0.0216075,0.016715,1.0,0,,False,,False,,Risk 10 (bands),10,bands
2023-06-01,105283.12043408777,-8.185452315956354e-12,0.028578123341973294,0.015467999999999999,0.008915,1.0,0,,False,,False,,Risk 10 (bands),10,bands
2023-06-15,108052.57136033387,-8.185452315956354e-12,0.030026041339723752,0.0147755,0.006842,1.0000000000000002,0,,False,,False,,Risk 10 (bands),10,bands
2023-06-29,107959.31232531897,-8.185452315956354e-12,0.03141209387083532,0.0114605,0.007446,1.0000000000000002,0,,False,,False,,Risk 10 (bands),10,bands
2023-07-13,106833.73632121409,-8.185452315956354e-12,0.0326378551496489,0.012785,0.006709,1.0000000000000002,0,,False,,False,,Risk 10 (bands),10,bands
2023-07-27,110564.3035128376,-8.185452315956354e-12,0.03412429431881514,0.011327,0.007022,1.0,0,,False,,False,,Risk 10 (bands),10,bands
2023-08-10,109705.73536719696,-8.185452315956354e-12,0.03683801458854319,0.011788,0.006672,1.0000000000000002,0,,False,,False,,Risk 10 (bands),10,bands
2023-08-24,107973.79140755998,-8.185452315956354e-12,0.038375146974412244,0.0110875,0.007661,1.0000000000000002,0,,False,,False,,Risk 10 (bands),10,bands
2023-09-08,110522.98083206898,-8.185452315956354e-12,0.04053030207727648,0.0122225,0.008742,1.0000000000000002,0,,False,,False,,Risk 10 (bands),10,bands
2023-09-22,110689.76614614463,-8.185452315956354e-12,0.04252915033942206,0.0122465,0.007729,1.0000000000000002,0,,False,,False,,Risk 10 (bands),10,bands
2023-10-06,108279.73129800892,-8.185452315956354e-12,0.04079231114554949,0.09100950000000001,0.087159,1.0000000000000002,3,"3 holding(s) outside tolerance band: VERX.L, VFEM.L, VJPN.L; portfolio drift 9.1% exceeds 3%",True,re-optimisation,True,,Risk 10 (bands),10,bands
2023-10-20,108220.37513804129,-5.115907697472721e-13,0.042222104915298875,0.0050025,0.00475,0.9999999999999999,0,,False,,False,,Risk 10 (bands),10,bands
2023-11-03,109633.4776088072,-5.115907697472721e-13,0.04233242938246384,0.0042355,0.003011,1.0,0,,False,,False,,Risk 10 (bands),10,bands
2023-11-17,112486.92533692018,-5.115907697472721e-13,0.04492868732279143,0.0040865,0.00309,1.0,0,,False,,False,,Risk 10 (bands),10,bands
2023-12-01,112307.58255312285,-5.115907697472721e-13,0.041609344174142526,0.00422,0.002605,0.9999999999999999,0,,False,,False,,Risk 10 (bands),10,bands
2023-12-15,115087.26271174966,-5.115907697472721e-13,0.04307831888115676,0.0064945,0.004252,0.9999999999999999,0,,False,,False,,Risk 10 (bands),10,bands
2024-01-03,115487.10802171654,-5.115907697472721e-13,0.045521747425057546,0.005235,0.004131,1.0,0,,False,,False,,Risk 10 (bands),10,bands
2024-01-17,115011.80867287978,-5.115907697472721e-13,0.047494161581610905,0.009731,0.009588,1.0,0,,False,,False,,Risk 10 (bands),10,bands
2024-01-31,118144.39540581268,-5.115907697472721e-13,0.05133515778103148,0.0095285,0.009375,1.0,0,,False,,False,,Risk 10 (bands),10,bands
2024-02-14,120693.40191255035,-5.115907697472721e-13,0.05153275533601409,0.016112,0.016112,1.0,0,,False,,False,,Risk 10 (bands),10,bands
2024-02-28,122329.8675349569,-5.115907697472721e-13,0.05246529469373806,0.0153525,0.015342,1.0000000000000002,0,,False,,False,,Risk 10 (bands),10,bands
2024-03-13,124033.40104306371,-5.115907697472721e-13,0.05120242284342602,0.011889499999999999,0.011082,1.0,0,,False,,False,,Risk 10 (bands),10,bands
2024-03-27,126749.46676772722,-5.115907697472721e-13,0.05347340844082238,0.0128305,0.012692,1.0000000000000002,0,,False,,False,,Risk 10 (bands),10,bands
2024-04-12,127349.84483318526,-5.115907697472721e-13,0.052002590308874996,0.015151,0.010696,1.0,0,,False,,False,,Risk 10 (bands),10,bands
2024-04-26,126604.31789232335,-5.115907697472721e-13,0.055445703914053235,0.010673,0.007246,1.0,0,,False,,False,,Risk 10 (bands),10,bands
2024-05-13,129062.60431143301,-5.115907697472721e-13,0.05428886947290934,0.0075005,0.005523,1.0,0,,False,,False,,Risk 10 (bands),10,bands
2024-05-28,128590.852864457,-5.115907697472721e-13,0.05587687287151022,0.0093525,0.007523,1.0,0,,False,,False,,Risk 10 (bands),10,bands
2024-06-11,129196.75396420325,-5.115907697472721e-13,0.053686340926178744,0.01367,0.012939,0.9999999999999999,0,,False,,False,,Risk 10 (bands),10,bands
2024-06-25,131638.0322941125,-5.115907697472721e-13,0.05679625722001713,0.0172905,0.017162,1.0,0,,False,,False,,Risk 10 (bands),10,bands
2024-07-09,132696.04644330748,-5.115907697472721e-13,0.054748099984960996,0.0206645,0.020593,0.9999999999999999,0,,False,,False,,Risk 10 (bands),10,bands
2024-07-23,131835.28867052207,-5.115907697472721e-13,0.05689074765712787,0.019636,0.018625,1.0,0,,False,,False,,Risk 10 (bands),10,bands
2024-08-06,126695.26735576522,-5.115907697472721e-13,0.052043810374899246,0.017681,0.014176,0.9999999999999999,0,,False,,False,,Risk 10 (bands),10,bands
2024-08-20,131978.08913388173,-5.115907697472721e-13,0.05464209100279138,0.0169555,0.014199,1.0,0,,False,,False,,Risk 10 (bands),10,bands
2024-09-04,129758.06492041219,-5.115907697472721e-13,0.053657375388712625,0.014586,0.011807,0.9999999999999999,0,,False,,False,,Risk 10 (bands),10,bands
2024-09-18,131118.8388395371,-5.115907697472721e-13,0.05541776678440624,0.0179395,0.014321,1.0,0,,False,,False,,Risk 10 (bands),10,bands
2024-10-02,132813.31223624363,-5.115907697472721e-13,0.05190912855466712,0.038867,0.026347,1.0,1,1 holding(s) outside tolerance band: VJPN.L; portfolio drift 3.9% exceeds 3%,True,re-optimisation,True,,Risk 10 (bands),10,bands
2024-10-16,136604.00870219804,178.12721176048217,0.05489751614146732,0.0080835,0.007334,0.9986960323239942,0,,False,,False,,Risk 10 (bands),10,bands
2024-10-30,136504.86022831924,178.12721176048217,0.05582490610684321,0.012825,0.009957,0.9986950852045667,0,,False,,False,,Risk 10 (bands),10,bands
2024-11-13,139914.39251913165,178.12721176048217,0.053356199848418884,0.026441,0.025804,0.9987268842857884,0,,False,,False,,Risk 10 (bands),10,bands
2024-11-27,141056.41926820215,178.12721176048217,0.05540829431429395,0.0241315,0.0235,0.9987371917372876,0,,False,,False,,Risk 10 (bands),10,bands
2024-12-11,142606.8483926138,178.12721176048217,0.05105630370722758,0.0226065,0.021982,0.9987509210548566,0,,False,,False,,Risk 10 (bands),10,bands
2024-12-27,141242.90167684876,178.12721176048217,0.05466885834074997,0.025005,0.024374,0.9987388590177222,0,,False,,False,,Risk 10 (bands),10,bands
2025-01-13,142586.49459970673,178.12721176048217,0.050555732479343085,0.0235205,0.021743,0.9987507427525971,0,,False,,False,,Risk 10 (bands),10,bands
2025-01-27,144697.63056115858,178.12721176048217,0.05368117810837103,0.017243500000000002,0.016139,0.998768969394525,0,,False,,False,,Risk 10 (bands),10,bands
2025-02-10,148190.6189134493,178.12721176048217,0.05254418164383834,0.017024,0.013751,0.9987979859112099,0,,False,,False,,Risk 10 (bands),10,bands
2025-02-24,145669.7817615302,178.12721176048217,0.053945648130302226,0.011469,0.007721,0.9987771848793452,0,,False,,False,,Risk 10 (bands),10,bands
2025-03-10,137578.15934975626,178.12721176048217,0.05095650258973872,0.011743,0.009296,0.9987052653371553,0,,False,,False,,Risk 10 (bands),10,bands
2025-03-24,139771.22211127204,178.12721176048217,0.050336781273096376,0.0094805,0.007322,0.9987255802083588,0,,False,,False,,Risk 10 (bands),10,bands
2025-04-07,124128.02885963244,178.12721176048217,0.04717785228876159,0.0167655,0.014691,0.9985649718810736,1,1 holding(s) outside tolerance band: SGLN.L,True,1 holding(s) outside tolerance band: SGLN.L,True,,Risk 10 (bands),10,bands
2025-04-23,130913.41101341284,8.343421846961007,0.05067046192552316,0.0132,0.012763,0.9999362676307768,0,,False,,False,,Risk 10 (bands),10,bands
2025-05-08,136393.05352426722,8.343421846961007,0.047625089610583204,0.009324,0.007392,0.9999388281028149,0,,False,,False,,Risk 10 (bands),10,bands
2025-05-22,139042.66252350167,8.343421846961007,0.04926068536214068,0.010563000000000001,0.006798,0.9999399937997769,0,,False,,False,,Risk 10 (bands),10,bands
2025-06-06,141053.0743376434,8.343421846961007,0.048046601449027726,0.009663,0.005756,0.9999408490606383,0,,False,,False,,Risk 10 (bands),10,bands
2025-06-20,140945.5200334425,8.343421846961007,0.05064697859679046,0.006489,0.003344,0.9999408039230692,0,,False,,False,,Risk 10 (bands),10,bands
2025-07-04,144276.72047596183,8.343421846961007,0.0485721014085807,0.0061195,0.005154,0.9999421706993379,0,,False,,False,,Risk 10 (bands),10,bands
2025-07-18,147479.11398347467,8.343421846961007,0.0503389300172139,0.0058015,0.005198,0.9999434264173306,0,,False,,False,,Risk 10 (bands),10,bands
2025-08-01,147493.18473222965,8.343421846961007,0.04693151837330212,0.007671,0.00593,0.9999434318144117,0,,False,,False,,Risk 10 (bands),10,bands
2025-08-15,149459.14700717098,8.343421846961007,0.04889673811324591,0.007195,0.006348,0.9999441759034893,0,,False,,False,,Risk 10 (bands),10,bands
2025-09-01,150326.1284873239,8.343421846961007,0.04628122795615042,0.0064069999999999995,0.004768,0.9999444978598804,0,,False,,False,,Risk 10 (bands),10,bands
2025-09-15,153097.29068109553,8.343421846961007,0.04751718617919187,0.004935,0.004205,0.9999455024853162,0,,False,,False,,Risk 10 (bands),10,bands
2025-09-29,155928.33792517346,8.343421846961007,0.049422752745222454,0.048081000000000006,0.048016,0.9999464919465058,1,1 holding(s) outside tolerance band: ISF.L; portfolio drift 4.8% exceeds 3%,True,re-optimisation,True,,Risk 10 (bands),10,bands
2025-10-13,157803.68706287522,216.82011088575837,0.047276143890623734,0.0027530000000000002,0.003393,0.9986260136570866,0,,False,,False,,Risk 10 (bands),10,bands
2025-10-28,162893.81562637407,216.82011088575837,0.05035428673513942,0.0014375,0.001526,0.998668948173066,0,,False,,False,,Risk 10 (bands),10,bands
2025-11-11,163854.44623644341,216.82011088575837,0.04744659550746966,0.0032715,0.00375,0.9986767517399382,0,,False,,False,,Risk 10 (bands),10,bands
2025-11-25,161055.59201510256,216.82011088575837,0.048775036293011054,0.002966,0.001906,0.9986537560840147,0,,False,,False,,Risk 10 (bands),10,bands
2025-12-09,162836.90098055275,216.82011088575837,0.044106876086209335,0.0021735,0.001614,0.9986684829447128,0,,False,,False,,Risk 10 (bands),10,bands
2025-12-23,163399.11111022413,216.82011088575837,0.0477731030049815,0.0090495,0.008322,0.9986730643183274,0,,False,,False,,Risk 10 (bands),10,bands
2026-01-09,166527.42993299165,216.82011088575837,0.04327308022262977,0.011253,0.011162,0.9986979916103131,0,,False,,False,,Risk 10 (bands),10,bands
2026-01-23,165614.33110198934,216.82011088575837,0.04358322706381634,0.017933,0.018397,0.9986908131111416,0,,False,,False,,Risk 10 (bands),10,bands
2026-02-06,166004.7284934268,216.82011088575837,0.04256577602962608,0.022224,0.022877,0.9986938919580575,0,,False,,False,,Risk 10 (bands),10,bands
2026-02-20,168990.3974948154,216.82011088575837,0.044729272266946785,0.027832,0.028473,0.9987169678626715,0,,False,,False,,Risk 10 (bands),10,bands
2026-03-06,166855.54137382386,216.82011088575837,0.04208314547480785,0.0194575,0.018962,0.9987005519319254,0,,False,,False,,Risk 10 (bands),10,bands
2026-03-20,159505.0518382554,216.82011088575837,0.04369943770044249,0.0168135,0.015863,0.9986406693180752,0,,False,,False,,Risk 10 (bands),10,bands
2026-04-07,162557.92029256147,216.82011088575837,0.041640191468633514,0.022951,0.023107,0.9986661978050929,0,,False,,False,,Risk 10 (bands),10,bands
2026-04-21,170389.50987122298,216.82011088575837,0.04299572160799836,0.0151305,0.015767,0.9987275031717056,0,,False,,False,,Risk 10 (bands),10,bands
2026-05-06,173508.6714747173,216.82011088575837,0.04080685318816779,0.009313,0.009938,0.9987503788194394,0,,False,,False,,Risk 10 (bands),10,bands
2026-05-20,175449.9459798806,216.82011088575837,0.04232603283116054,0.0043085,0.003668,0.9987642053140866,0,,False,,False,,Risk 10 (bands),10,bands
2026-06-04,178227.99841635188,216.82011088575837,0.040178196183912496,0.0012015,0.000593,0.9987834677333959,0,,False,,False,,Risk 10 (bands),10,bands
2026-06-18,179202.34418098096,216.82011088575837,0.04185929225855278,0.00364,0.002803,0.998790082172883,0,,False,,False,,Risk 10 (bands),10,bands
2026-07-02,178465.78620103802,216.82011088575837,0.039695167908885276,0.0080255,0.004228,0.9987850886407914,0,,False,,False,,Risk 10 (bands),10,bands
2026-07-16,177637.63223308462,216.82011088575837,0.04128632442843916,0.00607,0.005665,0.998779424673927,0,,False,,False,,Risk 10 (bands),10,bands
2026-07-30,176746.56069265175,216.82011088575837,0.04287748094799393,0.014455500000000001,0.009494,0.9987732711174913,0,,False,,False,,Risk 10 (bands),10,bands
2026-08-13,183090.29416622323,216.82011088575837,0.041021574928013615,0.005012,0.003329,0.9988157749602559,0,,False,,False,,Risk 10 (bands),10,bands
2026-08-27,181756.3199475406,216.82011088575837,0.042690815006467764,0.0064395,0.005334,0.9988070835118783,0,,False,,False,,Risk 10 (bands),10,bands
2026-09-11,180342.5078620055,216.82011088575837,0.04074844074844042,0.0038885,0.003287,0.9987977315306514,0,,False,,False,,Risk 10 (bands),10,bands
2021-09-27,100000.0,100000.0,0.0020569493304460895,0.5,0.654547,0.0,5,"5 holding(s) outside tolerance band: ISF.L, SGLN.L, VERX.L, VFEM.L, VUSA.L; portfolio drift 50.0% exceeds 3%; growth weight 0.0% outside policy range 95%–100%",True,initial,True,,Risk 10 (calendar),10,calendar
2021-10-11,100478.84728763388,-1.8189894035458565e-12,0.0021055516074988123,0.001967,0.001548,1.0,0,,True,calendar,False,,Risk 10 (calendar),10,calendar
2021-10-25,102599.73694146257,-1.8189894035458565e-12,0.0020556882660895948,0.0011005,0.000893,0.9999999999999999,0,,True,calendar,False,,Risk 10 (calendar),10,calendar
2021-11-08,106638.33979141204,-1.8189894035458565e-12,0.001063562665438278,0.006563,0.006562,1.0,0,,True,calendar,True,,Risk 10 (calendar),10,calendar
2021-11-22,107648.09303762516,344.29884444580694,0.0009140505292295487,0.0069635,0.005364,0.9968016261623375,0,,True,calendar,True,,Risk 10 (calendar),10,calendar
2021-12-06,105747.22481363543,212.5961163885978,0.002844703108543678,0.002458,0.001453,0.9979895820740143,0,,True,calendar,False,,Risk 10 (calendar),10,calendar
2021-12-20,105039.15675811894,212.5961163885978,0.0026583432841948973,0.0029485,0.002575,0.9979760298640044,0,,True,calendar,True,,Risk 10 (calendar),10,calendar
2022-01-06,106423.79140317319,0.0,0.0007135075807427338,0.004165,0.003787,0.9999999999999999,0,,True,calendar,True,,Risk 10 (calendar),10,calendar
2022-01-20,104685.17891078591,404.20629674698336,0.0007135075807427338,0.008935,0.010866,0.9961388393184917,0,,True,calendar,True,,Risk 10 (calendar),10,calendar
2022-02-03,103142.95528935142,0.0,0.0,0.002052,0.001178,1.0,0,,True,calendar,False,,Risk 10 (calendar),10,calendar
2022-02-17,101824.70101409803,0.0,0.0,0.006975,0.005317,0.9999999999999999,0,,True,calendar,True,,Risk 10 (calendar),10,calendar
2022-03-03,100865.14129520698,0.3539354228682896,0.0,0.01186,0.009439,0.9999964910035487,0,,True,calendar,True,,Risk 10 (calendar),10,calendar
2022-03-17,103049.38640319402,20.274279175361812,0.0,0.0075495,0.005278,0.9998032566725236,0,,True,calendar,True,,Risk 10 (calendar),10,calendar
2022-03-31,106946.56051821276,0.9309110390496471,0.0,0.005907,0.005333,0.9999912955495294,0,,True,calendar,True,,Risk 10 (calendar),10,calendar
2022-04-14,104874.92590477117,242.09572144744038,0.0008631147924713645,0.005243,0.00572,0.997691576710459,0,,True,calendar,True,,Risk 10 (calendar),10,calendar
2022-05-03,103850.74922873262,0.0,0.0,0.005081,0.005081,1.0,0,,True,calendar,True,,Risk 10 (calendar),10,calendar
2022-05-17,101450.68149741174,0.0,0.00016621143855055642,0.0054385,0.005229,1.0,0,,True,calendar,True,,Risk 10 (calendar),10,calendar
2022-05-31,102355.47293071738,0.0,0.0005151721281426713,0.0048745,0.004406,1.0,0,,True,calendar,True,,Risk 10 (calendar),10,calendar
2022-06-16,94561.69265812002,0.0,0.0005405362223929178,0.010532,0.008652,0.9999999999999998,0,,True,calendar,True,,Risk 10 (calendar),10,calendar
2022-06-30,97893.4798373483,112.11560220016031,0.0017405359748439153,0.006369,0.005796,0.9988547183899638,0,,True,calendar,True,,Risk 10 (calendar),10,calendar
2022-07-14,98628.89144016661,326.0701280008544,0.00029248226182954085,0.0095815,0.007929,0.9966939694521595,0,,True,calendar,True,,Risk 10 (calendar),10,calendar
2022-07-28,103012.05534666312,460.07725981016074,0.0017917368173772097,0.006167,0.004761,0.9955337532266308,0,,True,calendar,True,,Risk 10 (calendar),10,calendar
2022-08-11,106432.62373008922,378.176868078727,0.002242392889505007,0.005535,0.003758,0.9964467955893133,0,,True,calendar,True,,Risk 10 (calendar),10,calendar
2022-08-25,107726.14951500951,459.5559969249075,0.0020425610392771354,0.0057185,0.006042,0.9957340348745976,0,,True,calendar,True,,Risk 10 (calendar),10,calendar
2022-09-09,107193.35754386173,178.68315997256764,0.004690116126510713,0.002189,0.002798,0.9983330761899172,0,,True,calendar,True,,Risk 10 (calendar),10,calendar
2022-09-26,104162.52378327578,0.0,0.002991334760450215,0.004426,0.003494,1.0,0,,True,calendar,True,,Risk 10 (calendar),10,calendar
2022-10-10,101047.25235481227,75.23423691578074,0.003191368817840212,0.725498,0.65453,0.9992554548969662,4,"4 holding(s) outside tolerance band: VERX.L, VJPN.L, VUAG.L, VUSA.L; portfolio drift 72.5% exceeds 3%",True,re-optimisation,True,,Risk 10 (calendar),10,calendar
2022-10-24,101478.26706819396,3.865352482534945e-12,0.006088465220061234,0.0101095,0.006334,1.0,0,,True,calendar,True,,Risk 10 (calendar),10,calendar
2022-11-07,101865.50573952937,0.14777659660791187,0.008337738800678896,0.011465,0.010236,0.9999985492969821,0,,True,calendar,True,,Risk 10 (calendar),10,calendar
2022-11-21,103205.81254144042,0.7183691566806374,0.008137827377937557,0.0033305,0.002076,0.9999930394505989,0,,True,calendar,False,,Risk 10 (calendar),10,calendar
2022-12-05,102809.08622223977,0.7183691566806374,0.010580754643290557,0.0071095,0.005198,0.9999930125907829,0,,True,calendar,True,,Risk 10 (calendar),10,calendar
2022-12-19,99122.88352878706,0.0,0.012452407313744418,0.009645500000000001,0.009645,1.0,0,,True,calendar,True,,Risk 10 (calendar),10,calendar
2023-01-05,101603.88848466979,6.580419831577558,0.015022488802435952,0.012291,0.010948,0.9999352345670061,0,,True,calendar,True,,Risk 10 (calendar),10,calendar
2023-01-19,101037.69638645543,2.6240423000556348,0.014014337235380703,0.008618,0.008631,0.9999740290763359,0,,True,calendar,True,,Risk 10 (calendar),10,calendar
2023-02-02,107188.90151449417,0.8807534056664394,0.017393745651838044,0.008764,0.008506,0.999991783166044,0,,True,calendar,True,,Risk 10 (calendar),10,calendar
2023-02-16,107818.81705976198,102.4263908039004,0.01769636592704882,0.0045579999999999996,0.001896,0.9990500137768427,0,,True,calendar,False,,Risk 10 (calendar),10,calendar
2023-03-02,104841.61697386552,102.4263908039004,0.01769227175386412,0.0056395,0.004927,0.9990230369030894,0,,True,calendar,True,,Risk 10 (calendar),10,calendar
2023-03-16,102604.90331723895,21.348753982811104,0.0188512956607223,0.0073444999999999995,0.004867,0.9997919324194791,0,,True,calendar,True,,Risk 10 (calendar),10,calendar
2023-03-30,103956.30305546016,0.0,0.021068612278393628,0.003919499999999999,0.003919,1.0,0,,True,calendar,False,,Risk 10 (calendar),10,calendar
2023-04-17,106015.64534681335,0.0,0.024149541088575255,0.0048,0.002949,1.0,0,,True,calendar,False,,Risk 10 (calendar),10,calendar
2023-05-02,104325.7015473624,0.0,0.025956766578066226,0.006441,0.003067,1.0,0,,True,calendar,False,,Risk 10 (calendar),10,calendar
2023-05-17,105063.1857162811,0.0,0.02731740666509963,0.0053775,0.002746,1.0,0,,True,calendar,False,,Risk 10 (calendar),10,calendar
2023-06-01,105473.88006380922,0.0,0.028578123341973294,0.006491,0.004816,1.0000000000000002,0,,True,calendar,True,,Risk 10 (calendar),10,calendar
2023-06-15,108266.50594894151,55.48203161959054,0.030026041339723752,0.00481,0.002585,0.9994875420506713,0,,True,calendar,True,,Risk 10 (calendar),10,calendar
2023-06-29,108184.9967179412,0.0,0.03141209387083532,0.008125,0.007933,1.0,0,,True,calendar,True,,Risk 10 (calendar),10,calendar
2023-07-13,107054.69812982454,176.69503927741334,0.0326378551496489,0.001775,0.002392,0.9983494882301837,0,,True,calendar,False,,Risk 10 (calendar),10,calendar
2023-07-27,110785.1414500353,176.69503927741334,0.03412429431881514,0.0023575000000000002,0.001266,0.9984050655443076,0,,True,calendar,False,,Risk 10 (calendar),10,calendar
2023-08-10,109924.34573121589,176.69503927741334,0.03683801458854319,0.0017315,0.001084,0.9983925759293627,0,,True,calendar,False,,Risk 10 (calendar),10,calendar
2023-08-24,108216.64538974054,176.69503927741334,0.038375146974412244,0.004107,0.003128,0.9983672101584646,0,,True,calendar,True,,Risk 10 (calendar),10,calendar
2023-09-08,110758.84842270012,514.3710955144072,0.04053030207727648,0.0041205,0.002492,0.9953559367685788,0,,True,calendar,False,,Risk 10 (calendar),10,calendar
2023-09-22,110925.59486133358,514.3710955144072,0.04252915033942206,0.005388,0.004217,0.9953629178535629,0,,True,calendar,True,,Risk 10 (calendar),10,calendar
2023-10-06,108510.02626516993,46.55134783472954,0.04079231114554949,0.094238,0.093665,0.999570994962982,3,"3 holding(s) outside tolerance band: VERX.L, VFEM.L, VJPN.L; portfolio drift 9.4% exceeds 3%",True,re-optimisation,True,,Risk 10 (calendar),10,calendar
2023-10-20,108448.04606837429,0.0,0.042222104915298875,0.0040845000000000005,0.003994,0.9999999999999999,0,,True,calendar,True,,Risk 10 (calendar),10,calendar
2023-11-03,109874.72349165253,137.375521267586,0.04233242938246384,0.002638,0.001592,0.9987497076952552,0,,True,calendar,False,,Risk 10 (calendar),10,calendar
2023-11-17,112753.55118147502,137.375521267586,0.04492868732279143,0.005724,0.00404,0.9987816302029683,0,,True,calendar,True,,Risk 10 (calendar),10,calendar
2023-12-01,112575.66726720774,228.22716953013287,0.041609344174142526,0.0022255,0.001598,0.9979726776214577,0,,True,calendar,False,,Risk 10 (calendar),10,calendar
2023-12-15,115358.36985771632,228.22716953013287,0.04307831888115676,0.0053735,0.003352,0.9980215811838221,0,,True,calendar,True,,Risk 10 (calendar),10,calendar
2024-01-03,115764.17944846538,263.80868755440235,0.045521747425057546,0.0020195,0.001615,0.9977211544295372,0,,True,calendar,False,,Risk 10 (calendar),10,calendar
2024-01-17,115275.3066334919,263.80868755440235,0.047494161581610905,0.006627,0.005344,0.9977114900384246,0,,True,calendar,True,,Risk 10 (calendar),10,calendar
2024-01-31,118396.08360743869,544.0012213187917,0.05133515778103148,0.0023205,0.001825,0.9954052431064991,0,,True,calendar,False,,Risk 10 (calendar),10,calendar
2024-02-14,120922.7435357453,544.0012213187917,0.05153275533601409,0.009071000000000001,0.006688,0.9955012497615225,0,,True,calendar,True,,Risk 10 (calendar),10,calendar
2024-02-28,122553.71319661659,3.6690282887275316,0.05246529469373806,0.001465,0.001432,0.9999700618757846,0,,True,calendar,False,,Risk 10 (calendar),10,calendar
2024-03-13,124301.17330593526,3.6690282887275316,0.05120242284342602,0.005685,0.005077,0.9999704827541757,0,,True,calendar,True,,Risk 10 (calendar),10,calendar
2024-03-27,127011.66071403069,0.0,0.05347340844082238,0.0027905,0.002096,1.0,0,,True,calendar,False,,Risk 10 (calendar),10,calendar
2024-04-12,127665.08654016037,0.0,0.052002590308874996,0.0083155,0.007305,1.0000000000000002,0,,True,calendar,True,,Risk 10 (calendar),10,calendar
2024-04-26,126959.91207175261,1.1368683772161603e-13,0.055445703914053235,0.0056784999999999995,0.003769,1.0,0,,True,calendar,True,,Risk 10 (calendar),10,calendar
2024-05-13,129466.40424869815,0.5902653984093149,0.05428886947290934,0.005892,0.003706,0.9999954407832531,0,,True,calendar,True,,Risk 10 (calendar),10,calendar
2024-05-28,128983.22510064738,480.88244496598696,0.05587687287151022,0.0026505,0.002438,0.9962717442939518,0,,True,calendar,False,,Risk 10 (calendar),10,calendar
2024-06-11,129573.2168564205,480.88244496598696,0.053686340926178744,0.007028,0.005172,0.9962887203340884,0,,True,calendar,True,,Risk 10 (calendar),10,calendar
2024-06-25,131997.27421840947,709.5286288457232,0.05679625722001713,0.006951,0.005032,0.9946246721150339,0,,True,calendar,True,,Risk 10 (calendar),10,calendar
2024-07-09,133022.58169602565,609.6344180729557,0.054748099984960996,0.0058465,0.00365,0.995417060695258,0,,True,calendar,True,,Risk 10 (calendar),10,calendar
2024-07-23,132172.29256456197,590.9298030162745,0.05689074765712787,0.0033955,0.00197,0.9955290947024497,0,,True,calendar,False,,Risk 10 (calendar),10,calendar
2024-08-06,127088.03853168413,590.9298030162745,0.052043810374899246,0.008131000000000001,0.006635,0.9953502327217919,0,,True,calendar,True,,Risk 10 (calendar),10,calendar
2024-08-20,132382.28415522407,154.20167456984132,0.05464209100279138,0.0015760000000000001,0.000994,0.9988351789247794,0,,True,calendar,False,,Risk 10 (calendar),10,calendar
2024-09-04,130182.9063189241,154.20167456984132,0.053657375388712625,0.0034254999999999997,0.002515,0.9988154998307376,0,,True,calendar,True,,Risk 10 (calendar),10,calendar
2024-09-18,131507.422740797,0.0,0.05541776678440624,0.002274,0.001346,1.0000000000000002,0,,True,calendar,False,,Risk 10 (calendar),10,calendar
2024-10-02,133223.74718110845,0.0,0.05190912855466712,0.026912000000000002,0.024315,1.0,1,1 holding(s) outside tolerance band: VJPN.L,True,re-optimisation,True,,Risk 10 (calendar),10,calendar
2024-10-16,137007.95133903436,19.283846791505198,0.05489751614146732,0.008888,0.007362,0.9998592501631983,0,,True,calendar,True,,Risk 10 (calendar),10,calendar
2024-10-30,136888.31986550544,5.51144839070912,0.05582490610684321,0.00564,0.002929,0.9999597376284832,0,,True,calendar,True,,Risk 10 (calendar),10,calendar
2024-11-13,140219.29899884455,0.0,0.053356199848418884,0.01603,0.01603,1.0,0,,True,calendar,True,,Risk 10 (calendar),10,calendar
2024-11-27,141375.5360182538,144.16816155195738,0.05540829431429395,0.004008,0.002703,0.9989802467554687,0,,True,calendar,True,,Risk 10 (calendar),10,calendar
2024-12-11,142953.75223309876,526.4974733114287,0.05105630370722758,0.0037754999999999998,0.003841,0.9963170083674829,0,,True,calendar,True,,Risk 10 (calendar),10,calendar
2024-12-27,141548.82743726854,0.0,0.05466885834074997,0.003,0.002317,1.0,0,,True,calendar,False,,Risk 10 (calendar),10,calendar
2025-01-13,142928.62727438984,0.0,0.050555732479343085,0.0038815,0.002848,0.9999999999999999,0,,True,calendar,True,,Risk 10 (calendar),10,calendar
2025-01-27,145146.27154191435,406.3284989373025,0.05368117810837103,0.0075725,0.006255,0.9972005584806222,0,,True,calendar,True,,Risk 10 (calendar),10,calendar
2025-02-10,148637.36822791793,323.677300481251,0.05254418164383834,0.003844,0.002359,0.9978223692713334,0,,True,calendar,False,,Risk 10 (calendar),10,calendar
2025-02-24,146176.07568828226,323.677300481251,0.053945648130302226,0.008587,0.008541,0.9977857026263897,0,,True,calendar,True,,Risk 10 (calendar),10,calendar
2025-03-10,138184.71090017067,1.5812552211762068,0.05095650258973872,0.0202575,0.019961,0.9999885569451867,0,,True,calendar,True,,Risk 10 (calendar),10,calendar
2025-03-24,140409.95594994957,8.977386452406336,0.050336781273096376,0.0032845,0.002316,0.999936063034906,0,,True,calendar,False,,Risk 10 (calendar),10,calendar
2025-04-07,124591.37586586068,8.977386452406336,0.04717785228876159,0.007825,0.007739,0.9999279453622691,0,,True,calendar,True,,Risk 10 (calendar),10,calendar
2025-04-23,131401.59828623742,28.847203221206087,0.05067046192552316,0.009759499999999999,0.009778,0.9997804653550837,0,,True,calendar,True,,Risk 10 (calendar),10,calendar
2025-05-08,136933.6509665455,2.7386583099778363,0.047625089610583204,0.005113,0.005103,0.9999800001074195,0,,True,calendar,True,,Risk 10 (calendar),10,calendar
2025-05-22,139579.21617681667,309.9517667002276,0.04926068536214068,0.00262,0.00326,0.9977793845302327,0,,True,calendar,True,,Risk 10 (calendar),10,calendar
2025-06-06,141597.54809160635,0.0,0.048046601449027726,0.003399,0.002664,1.0,0,,True,calendar,True,,Risk 10 (calendar),10,calendar
2025-06-20,141515.44408495072,376.50671365012585,0.05064697859679046,0.0037985,0.003605,0.9973394655538506,0,,True,calendar,True,,Risk 10 (calendar),10,calendar
2025-07-04,144861.60392816618,0.0,0.0485721014085807,0.0067925,0.006792,0.9999999999999999,0,,True,calendar,True,,Risk 10 (calendar),10,calendar
2025-07-18,148071.8176931055,538.3575541343724,0.0503389300172139,0.0032155,0.002534,0.9963642132411034,0,,True,calendar,True,,Risk 10 (calendar),10,calendar
2025-08-01,148096.85512870038,163.18081884962328,0.04693151837330212,0.005019,0.003891,0.9988981479808751,0,,True,calendar,True,,Risk 10 (calendar),10,calendar
2025-08-15,150044.61638952387,161.89334453196443,0.04889673811324591,0.003672,0.003133,0.9989210319675069,0,,True,calendar,True,,Risk 10 (calendar),10,calendar
2025-09-01,150939.21139572572,631.1318297835571,0.04628122795615042,0.0025265,0.001722,0.9958186357014356,0,,True,calendar,False,,Risk 10 (calendar),10,calendar
2025-09-15,153742.59162600664,631.1318297835571,0.04751718617919187,0.0045475,0.002417,0.9958948797265053,0,,True,calendar,False,,Risk 10 (calendar),10,calendar
2025-09-29,156613.643176562,631.1318297835571,0.049422752745222454,0.048479,0.046848,0.995970135059868,1,1 holding(s) outside tolerance band: ISF.L; portfolio drift 4.8% exceeds 3%,True,re-optimisation,True,,Risk 10 (calendar),10,calendar
2025-10-13,158517.24488611327,-1.1368683772161603e-13,0.047276143890623734,0.0037920000000000002,0.003469,1.0,0,,True,calendar,True,,Risk 10 (calendar),10,calendar
2025-10-28,163662.81338126055,6.742035214078442,0.05035428673513942,0.004291,0.003777,0.9999588053322879,0,,True,calendar,True,,Risk 10 (calendar),10,calendar
2025-11-11,164633.8290650478,138.72402006315053,0.04744659550746966,0.0041515,0.004466,0.999157378402416,0,,True,calendar,True,,Risk 10 (calendar),10,calendar
2025-11-25,161822.62782595784,0.0,0.048775036293011054,0.00318,0.00318,1.0,0,,True,calendar,True,,Risk 10 (calendar),10,calendar
2025-12-09,163610.01115004427,515.0729040537076,0.044106876086209335,0.0015735,0.001488,0.996851825261589,0,,True,calendar,False,,Risk 10 (calendar),10,calendar
2025-12-23,164159.29839583978,515.0729040537076,0.0477731030049815,0.0074045,0.00814,0.9968623592505147,0,,True,calendar,True,,Risk 10 (calendar),10,calendar
2026-01-09,167305.28054998492,0.0,0.04327308022262977,0.008047499999999999,0.007873,1.0,0,,True,calendar,True,,Risk 10 (calendar),10,calendar
2026-01-23,166338.70343685488,2.1129135601174767,0.04358322706381634,0.008722500000000001,0.008729,0.9999872975229669,0,,True,calendar,True,,Risk 10 (calendar),10,calendar
2026-02-06,166725.6758479675,11.15985312361272,0.04256577602962608,0.0071345,0.006456,0.9999330645800841,0,,True,calendar,True,,Risk 10 (calendar),10,calendar
2026-02-20,169634.40413723915,1.5300481081316093,0.044729272266946785,0.007259,0.007264,0.9999909803196119,0,,True,calendar,True,,Risk 10 (calendar),10,calendar
2026-03-06,167603.98345097687,0.0,0.04208314547480785,0.010318,0.008416,1.0,0,,True,calendar,True,,Risk 10 (calendar),10,calendar
2026-03-20,160295.3272131909,0.0,0.04369943770044249,0.00409,0.00291,1.0,0,,True,calendar,True,,Risk 10 (calendar),10,calendar
2026-04-07,163300.97888716607,40.07448297395871,0.041640191468633514,0.0083915,0.007205,0.999754597411191,0,,True,calendar,True,,Risk 10 (calendar),10,calendar
2026-04-21,171372.84315295666,241.46394549452634,0.04299572160799836,0.0081015,0.006764,0.998591002278704,0,,True,calendar,True,,Risk 10 (calendar),10,calendar
2026-05-06,174611.03743545557,5.034975697075197,0.04080685318816779,0.0067185000000000005,0.005625,0.9999711646195394,0,,True,calendar,True,,Risk 10 (calendar),10,calendar
2026-05-20,176629.5306192255,302.445637062253,0.04232603283116054,0.007002,0.006146,0.9982876836279759,0,,True,calendar,True,,Risk 10 (calendar),10,calendar
2026-06-04,179451.64074265945,300.75138941072055,0.040178196183912496,0.0052905,0.004675,0.9983240532760465,0,,True,calendar,True,,Risk 10 (calendar),10,calendar
2026-06-18,180437.025754743,210.0632064907618,0.04185929225855278,0.0045825,0.003562,0.9988358087503821,0,,True,calendar,True,,Risk 10 (calendar),10,calendar
2026-07-02,179686.42251629898,139.09482869659223,0.039695167908885276,0.005553,0.004388,0.9992259023984742,0,,True,calendar,True,,Risk 10 (calendar),10,calendar
2026-07-16,178846.0493954278,158.39653864267507,0.04128632442843916,0.0045525,0.00411,0.9991143414172238,0,,True,calendar,True,,Risk 10 (calendar),10,calendar
2026-07-30,177935.4889880269,354.31066685875794,0.04287748094799393,0.0095065,0.009811,0.9980087689708566,0,,True,calendar,True,,Risk 10 (calendar),10,calendar
2026-08-13,184439.89959391791,0.0,0.041021574928013615,0.0080975,0.006642,1.0,0,,True,calendar,True,,Risk 10 (calendar),10,calendar
2026-08-27,183123.15710234747,263.9281967435818,0.042690815006467764,0.0053065,0.004449,0.9985587393701603,0,,True,calendar,True,,Risk 10 (calendar),10,calendar
2026-09-11,181697.63579488738,0.0,0.04074844074844042,0.0048865,0.003897,1.0,0,,True,calendar,True,,Risk 10 (calendar),10,calendar
2021-09-27,100000.0,100000.0,0.0020569493304460895,0.5,1.0,0.0,1,1 holding(s) outside tolerance band: VWRL.L; portfolio drift 50.0% exceeds 3%; growth weight 0.0% outside policy range 95%–100%,True,initial,True,,VWRL 100%,,bands
2021-10-11,100187.96263153847,0.0,0.0021055516074988123,0.0,0.0,1.0,0,,False,,False,,VWRL 100%,,bands
2021-10-25,102238.25516202456,0.0,0.0020556882660895948,0.0,0.0,1.0,0,,False,,False,,VWRL 100%,,bands
2021-11-08,105970.24840614451,0.0,0.001063562665438278,0.0,0.0,1.0,0,,False,,False,,VWRL 100%,,bands
2021-11-22,106615.28188865556,0.0,0.0009140505292295487,0.0,0.0,1.0,0,,False,,False,,VWRL 100%,,bands
2021-12-06,104380.69784370427,0.0,0.002844703108543678,0.0,0.0,1.0,0,,False,,False,,VWRL 100%,,bands
2021-12-20,103538.55678188939,0.0,0.0026583432841948973,0.0,0.0,1.0,0,,False,,False,,VWRL 100%,,bands
2022-01-06,104451.95445833945,0.0,0.0007135075807427338,0.0,0.0,1.0,0,,False,,False,,VWRL 100%,,bands
2022-01-20,102729.20489758703,0.0,0.0007135075807427338,0.0,0.0,1.0,0,,False,,False,,VWRL 100%,,bands
2022-02-03,100705.83841859786,0.0,0.0,0.0,0.0,1.0,0,,False,,False,,VWRL 100%,,bands
2022-02-17,99653.69243653589,0.0,0.0,0.0,0.0,1.0,0,,False,,False,,VWRL 100%,,bands
2022-03-03,98243.11553693781,0.0,0.0,0.0,0.0,1.0,0,,False,,False,,VWRL 100%,,bands
2022-03-17,100137.92007278604,0.0,0.0,0.0,0.0,1.0,0,,False,,False,,VWRL 100%,,bands
2022-03-31,103975.99636529415,0.0,0.0,0.0,0.0,1.0,0,,False,,False,,VWRL 100%,,bands
2022-04-14,101390.22595829175,0.0,0.0008631147924713645,0.0,0.0,1.0,0,,False,,False,,VWRL 100%,,bands
2022-05-03,100508.97268553678,0.0,0.0,0.0,0.0,1.0,0,,False,,False,,VWRL 100%,,bands
2022-05-17,98004.36091452542,0.0,0.00016621143855055642,0.0,0.0,1.0,0,,False,,False,,VWRL 100%,,bands
2022-05-31,99001.56647002895,0.0,0.0005151721281426713,0.0,0.0,1.0,0,,False,,False,,VWRL 100%,,bands
2022-06-16,91236.19636030657,0.0,0.0005405362223929178,0.0,0.0,1.0,0,,False,,False,,VWRL 100%,,bands
2022-06-30,94218.9217340188,0.0,0.0017405359748439153,0.0,0.0,1.0,0,,False,,False,,VWRL 100%,,bands
2022-07-14,95119.58282278272,0.0,0.00029248226182954085,0.0,0.0,1.0,0,,False,,False,,VWRL 100%,,bands
2022-07-28,99342.18185543481,0.0,0.0017917368173772097,0.0,0.0,1.0,0,,False,,False,,VWRL 100%,,bands
2022-08-11,102827.87636091642,0.0,0.002242392889505007,0.0,0.0,1.0,0,,False,,False,,VWRL 100%,,bands
2022-08-25,104126.22940667487,0.0,0.0020425610392771354,0.0,0.0,1.0,0,,False,,False,,VWRL 100%,,bands
2022-09-09,103307.4465987077,0.0,0.004690116126510713,0.0,0.0,1.0,0,,False,,False,,VWRL 100%,,bands
2022-09-26,100168.3348027742,0.0,0.002991334760450215,0.0,0.0,1.0,0,,False,,False,,VWRL 100%,,bands
2022-10-10,97235.34251150902,0.0,0.003191368817840212,0.0,0.0,1.0,0,,True,re-optimisation,False,,VWRL 100%,,bands
2022-10-24,97593.8846193843,0.0,0.006088465220061234,0.0,0.0,1.0,0,,False,,False,,VWRL 100%,,bands
2022-11-07,98487.30263664409,0.0,0.008337738800678896,0.0,0.0,1.0,0,,False,,False,,VWRL 100%,,bands
2022-11-21,99862.69014473881,0.0,0.008137827377937557,0.0,0.0,1.0,0,,False,,False,,VWRL 100%,,bands
2022-12-05,99645.21687181288,0.0,0.010580754643290557,0.0,0.0,1.0,0,,False,,False,,VWRL 100%,,bands
2022-12-19,95968.18788572757,0.0,0.012452407313744418,0.0,0.0,1.0,0,,False,,False,,VWRL 100%,,bands
2023-01-05,98587.756181048,0.0,0.015022488802435952,0.0,0.0,1.0,0,,False,,False,,VWRL 100%,,bands
2023-01-19,98198.3589474038,0.0,0.014014337235380703,0.0,0.0,1.0,0,,False,,False,,VWRL 100%,,bands
2023-02-02,104652.87871950536,0.0,0.017393745651838044,0.0,0.0,1.0,0,,False,,False,,VWRL 100%,,bands
2023-02-16,104995.07547004984,0.0,0.01769636592704882,0.0,0.0,1.0,0,,False,,False,,VWRL 100%,,bands
2023-03-02,101879.90660346793,0.0,0.01769227175386412,0.0,0.0,1.0,0,,False,,False,,VWRL 100%,,bands
2023-03-16,99145.6867596803,0.0,0.0188512956607223,0.0,0.0,1.0,0,,False,,False,,VWRL 100%,,bands
2023-03-30,100638.4725726663,0.0,0.021068612278393628,0.0,0.0,1.0,0,,False,,False,,VWRL 100%,,bands
2023-04-17,102747.32369955098,0.0,0.024149541088575255,0.0,0.0,1.0,0,,False,,False,,VWRL 100%,,bands
2023-05-02,100762.87515662964,0.0,0.025956766578066226,0.0,0.0,1.0,0,,False,,False,,VWRL 100%,,bands
2023-05-17,101568.50459106013,0.0,0.02731740666509963,0.0,0.0,1.0,0,,False,,False,,VWRL 100%,,bands
2023-06-01,101758.0596726771,0.0,0.028578123341973294,0.0,0.0,1.0,0,,False,,False,,VWRL 100%,,bands
2023-06-15,104791.73871758937,0.0,0.030026041339723752,0.0,0.0,1.0,0,,False,,False,,VWRL 100%,,bands
2023-06-29,104577.09891856121,0.0,0.03141209387083532,0.0,0.0,1.0,0,,False,,False,,VWRL 100%,,bands
2023-07-13,103694.69489927003,0.0,0.0326378551496489,0.0,0.0,1.0,0,,False,,False,,VWRL 100%,,bands
2023-07-27,107272.01881800221,0.0,0.03412429431881514,0.0,0.0,1.0,0,,False,,False,,VWRL 100%,,bands
2023-08-10,106377.68783831917,0.0,0.03683801458854319,0.0,0.0,1.0,0,,False,,False,,VWRL 100%,,bands
2023-08-24,104171.67324128874,0.0,0.038375146974412244,0.0,0.0,1.0,0,,False,,False,,VWRL 100%,,bands
2023-09-08,106771.19565280496,0.0,0.04053030207727648,0.0,0.0,1.0,0,,False,,False,,VWRL 100%,,bands
2023-09-22,106766.2860950623,0.0,0.04252915033942206,0.0,0.0,1.0,0,,False,,False,,VWRL 100%,,bands
2023-10-06,104718.60710741767,0.0,0.04079231114554949,0.0,0.0,1.0,0,,True,re-optimisation,False,,VWRL 100%,,bands
2023-10-20,103832.48305640972,0.0,0.042222104915298875,0.0,0.0,1.0,0,,False,,False,,VWRL 100%,,bands
2023-11-03,105700.53082230725,0.0,0.04233242938246384,0.0,0.0,1.0,0,,False,,False,,VWRL 100%,,bands
2023-11-17,108394.83470125584,0.0,0.04492868732279143,0.0,0.0,1.0,0,,False,,False,,VWRL 100%,,bands
2023-12-01,108119.42208754469,0.0,0.041609344174142526,0.0,0.0,1.0,0,,False,,False,,VWRL 100%,,bands
2023-12-15,111019.60006636802,0.0,0.04307831888115676,0.0,0.0,1.0,0,,False,,False,,VWRL 100%,,bands
2024-01-03,111356.05804560786,0.0,0.045521747425057546,0.0,0.0,1.0,0,,False,,False,,VWRL 100%,,bands
2024-01-17,110779.27555770882,0.0,0.047494161581610905,0.0,0.0,1.0,0,,False,,False,,VWRL 100%,,bands
2024-01-31,113699.26326010069,0.0,0.05133515778103148,0.0,0.0,1.0,0,,False,,False,,VWRL 100%,,bands
2024-02-14,116559.1652514316,0.0,0.05153275533601409,0.0,0.0,1.0,0,,False,,False,,VWRL 100%,,bands
2024-02-28,118001.13063897158,0.0,0.05246529469373806,0.0,0.0,1.0,0,,False,,False,,VWRL 100%,,bands
2024-03-13,119431.08621853321,0.0,0.05120242284342602,0.0,0.0,1.0,0,,False,,False,,VWRL 100%,,bands
2024-03-27,121846.31836364731,0.0,0.05347340844082238,0.0,0.0,1.0,0,,False,,False,,VWRL 100%,,bands
2024-04-12,121725.78768449968,0.0,0.052002590308874996,0.0,0.0,1.0,0,,False,,False,,VWRL 100%,,bands
2024-04-26,120857.95208119454,0.0,0.055445703914053235,0.0,0.0,1.0,0,,False,,False,,VWRL 100%,,bands
2024-05-13,123401.18895358546,0.0,0.05428886947290934,0.0,0.0,1.0,0,,False,,False,,VWRL 100%,,bands
2024-05-28,122798.52636194596,0.0,0.05587687287151022,0.0,0.0,1.0,0,,False,,False,,VWRL 100%,,bands
2024-06-11,123256.55581696887,0.0,0.053686340926178744,0.0,0.0,1.0,0,,False,,False,,VWRL 100%,,bands
2024-06-25,125457.49649424021,0.0,0.05679625722001713,0.0,0.0,1.0,0,,False,,False,,VWRL 100%,,bands
2024-07-09,126748.93802953343,0.0,0.054748099984960996,0.0,0.0,1.0,0,,False,,False,,VWRL 100%,,bands
2024-07-23,125869.79155427482,0.0,0.05689074765712787,0.0,0.0,1.0,0,,False,,False,,VWRL 100%,,bands
2024-08-06,120534.26883155663,0.0,0.052043810374899246,0.0,0.0,1.0,0,,False,,False,,VWRL 100%,,bands
2024-08-20,125627.26232732975,0.0,0.05464209100279138,0.0,0.0,1.0,0,,False,,False,,VWRL 100%,,bands
2024-09-04,123541.55723332266,0.0,0.053657375388712625,0.0,0.0,1.0,0,,False,,False,,VWRL 100%,,bands
2024-09-18,124598.22002981446,0.0,0.05541776678440624,0.0,0.0,1.0,0,,False,,False,,VWRL 100%,,bands
2024-10-02,127093.10905264244,0.0,0.05190912855466712,0.0,0.0,1.0,0,,True,re-optimisation,False,,VWRL 100%,,bands
2024-10-16,130281.69752163114,0.0,0.05489751614146732,0.0,0.0,1.0,0,,False,,False,,VWRL 100%,,bands
2024-10-30,129685.35239669474,0.0,0.05582490610684321,0.0,0.0,1.0,0,,False,,False,,VWRL 100%,,bands
2024-11-13,133774.53101146486,0.0,0.053356199848418884,0.0,0.0,1.0,0,,False,,False,,VWRL 100%,,bands
2024-11-27,134656.86664169753,0.0,0.05540829431429395,0.0,0.0,1.0,0,,False,,False,,VWRL 100%,,bands
2024-12-11,136190.31094351248,0.0,0.05105630370722758,0.0,0.0,1.0,0,,False,,False,,VWRL 100%,,bands
2024-12-27,134732.82781562427,0.0,0.05466885834074997,0.0,0.0,1.0,0,,False,,False,,VWRL 100%,,bands
2025-01-13,135569.1059744292,0.0,0.050555732479343085,0.0,0.0,1.0,0,,False,,False,,VWRL 100%,,bands
2025-01-27,137406.48874550746,0.0,0.05368117810837103,0.0,0.0,1.0,0,,False,,False,,VWRL 100%,,bands
2025-02-10,140605.10553646003,0.0,0.05254418164383834,0.0,0.0,1.0,0,,False,,False,,VWRL 100%,,bands
2025-02-24,137717.8017289092,0.0,0.053945648130302226,0.0,0.0,1.0,0,,False,,False,,VWRL 100%,,bands
2025-03-10,129495.38715339218,0.0,0.05095650258973872,0.0,0.0,1.0,0,,False,,False,,VWRL 100%,,bands
2025-03-24,132001.39943034897,0.0,0.050336781273096376,0.0,0.0,1.0,0,,False,,False,,VWRL 100%,,bands
2025-04-07,116542.43515473869,0.0,0.04717785228876159,0.0,0.0,1.0,0,,False,,False,,VWRL 100%,,bands
2025-04-23,122777.47258484442,0.0,0.05067046192552316,0.0,0.0,1.0,0,,False,,False,,VWRL 100%,,bands
2025-05-08,128204.033722258,0.0,0.047625089610583204,0.0,0.0,1.0,0,,False,,False,,VWRL 100%,,bands
2025-05-22,130604.94887541023,0.0,0.04926068536214068,0.0,0.0,1.0,0,,False,,False,,VWRL 100%,,bands
2025-06-06,132724.1197413776,0.0,0.048046601449027726,0.0,0.0,1.0,0,,False,,False,,VWRL 100%,,bands
2025-06-20,132540.13174422726,0.0,0.05064697859679046,0.0,0.0,1.0,0,,False,,False,,VWRL 100%,,bands
2025-07-04,136138.61552872945,0.0,0.0485721014085807,0.0,0.0,1.0,0,,False,,False,,VWRL 100%,,bands
2025-07-18,139120.92019661912,0.0,0.0503389300172139,0.0,0.0,1.0,0,,False,,False,,VWRL 100%,,bands
2025-08-01,139207.184896859,0.0,0.04693151837330212,0.0,0.0,1.0,0,,False,,False,,VWRL 100%,,bands
2025-08-15,141511.69817776312,0.0,0.04889673811324591,0.0,0.0,1.0,0,,False,,False,,VWRL 100%,,bands
2025-09-01,142066.25562185555,0.0,0.04628122795615042,0.0,0.0,1.0,0,,False,,False,,VWRL 100%,,bands
2025-09-15,145048.56028974525,0.0,0.04751718617919187,0.0,0.0,1.0,0,,False,,False,,VWRL 100%,,bands
2025-09-29,147599.46989425353,0.0,0.049422752745222454,0.0,0.0,1.0,0,,True,re-optimisation,False,,VWRL 100%,,bands
2025-10-13,148618.84212947512,0.0,0.047276143890623734,0.0,0.0,1.0,0,,False,,False,,VWRL 100%,,bands
2025-10-28,154290.28444665807,0.0,0.05035428673513942,0.0,0.0,1.0,0,,False,,False,,VWRL 100%,,bands
2025-11-11,154487.9767094508,0.0,0.04744659550746966,0.0,0.0,1.0,0,,False,,False,,VWRL 100%,,bands
2025-11-25,151584.3014868499,0.0,0.048775036293011054,0.0,0.0,1.0,0,,False,,False,,VWRL 100%,,bands
2025-12-09,153363.57898666183,0.0,0.044106876086209335,0.0,0.0,1.0,0,,False,,False,,VWRL 100%,,bands
2025-12-23,152942.94608091016,0.0,0.0477731030049815,0.0,0.0,1.0,0,,False,,False,,VWRL 100%,,bands
2026-01-09,156352.14679712037,0.0,0.04327308022262977,0.0,0.0,1.0,0,,False,,False,,VWRL 100%,,bands
2026-01-23,154814.90039152052,0.0,0.04358322706381634,0.0,0.0,1.0,0,,False,,False,,VWRL 100%,,bands
2026-02-06,155273.59625648317,0.0,0.04256577602962608,0.0,0.0,1.0,0,,False,,False,,VWRL 100%,,bands
2026-02-20,158298.49010040925,0.0,0.044729272266946785,0.0,0.0,1.0,0,,False,,False,,VWRL 100%,,bands
2026-03-06,156017.41997564628,0.0,0.04208314547480785,0.0,0.0,1.0,0,,False,,False,,VWRL 100%,,bands
2026-03-20,149807.14651699894,0.0,0.04369943770044249,0.0,0.0,1.0,0,,False,,False,,VWRL 100%,,bands
2026-04-07,152144.38323064492,0.0,0.041640191468633514,0.0,0.0,1.0,0,,False,,False,,VWRL 100%,,bands
2026-04-21,160722.5536833823,0.0,0.04299572160799836,0.0,0.0,1.0,0,,False,,False,,VWRL 100%,,bands
2026-05-06,165297.5867774727,0.0,0.04080685318816779,0.0,0.0,1.0,0,,False,,False,,VWRL 100%,,bands
2026-05-20,167187.2566270608,0.0,0.04232603283116054,0.0,0.0,1.0,0,,False,,False,,VWRL 100%,,bands
2026-06-04,171526.07624747214,0.0,0.040178196183912496,0.0,0.0,1.0,0,,False,,False,,VWRL 100%,,bands
2026-06-18,173693.36365966042,0.0,0.04185929225855278,0.0,0.0,1.0,0,,False,,False,,VWRL 100%,,bands
2026-07-02,170819.91713736366,0.0,0.039695167908885276,0.0,0.0,1.0,0,,False,,False,,VWRL 100%,,bands
2026-07-16,169970.38670395067,0.0,0.04128632442843916,0.0,0.0,1.0,0,,False,,False,,VWRL 100%,,bands
2026-07-30,168021.4460031517,0.0,0.04287748094799393,0.0,0.0,1.0,0,,False,,False,,VWRL 100%,,bands
2026-08-13,175317.4872647112,0.0,0.041021574928013615,0.0,0.0,1.0,0,,False,,False,,VWRL 100%,,bands
2026-08-27,173443.50288884217,0.0,0.042690815006467764,0.0,0.0,1.0,0,,False,,False,,VWRL 100%,,bands
2026-09-11,173356.04113432067,0.0,0.04074844074844042,0.0,0.0,1.0,0,,False,,False,,VWRL 100%,,bands
2021-09-27,100000.0,100000.0,0.0020569493304460895,0.5,0.6,0.0,2,"2 holding(s) outside tolerance band: AGBP.L, VWRL.L; portfolio drift 50.0% exceeds 3%; growth weight 0.0% outside policy range 55%–65%",True,initial,True,,VWRL/AGBP 60/40,,bands
2021-10-11,99836.09878799583,0.0,0.0021055516074988123,0.002115,0.002115,0.6021146489965908,0,,False,,False,,VWRL/AGBP 60/40,,bands
2021-10-25,101159.39467982337,0.0,0.0020556882660895948,0.006399,0.006399,0.6063989735344851,0,,False,,False,,VWRL/AGBP 60/40,,bands
2021-11-08,103747.7901769322,0.0,0.001063562665438278,0.012853,0.012853,0.6128530442456005,0,,False,,False,,VWRL/AGBP 60/40,,bands
2021-11-22,103921.40971877289,0.0,0.0009140505292295487,0.015553,0.015553,0.6155533234807306,0,,False,,False,,VWRL/AGBP 60/40,,bands
2021-12-06,102817.33808272937,0.0,0.002844703108543678,0.009123,0.009123,0.6091231291733131,0,,False,,False,,VWRL/AGBP 60/40,,bands
2021-12-20,102253.85598736451,0.0,0.0026583432841948973,0.007538,0.007538,0.6075383022896483,0,,False,,False,,VWRL/AGBP 60/40,,bands
2022-01-06,102262.57643843838,0.0,0.0007135075807427338,0.012846,0.012846,0.6128456260118914,0,,False,,False,,VWRL/AGBP 60/40,,bands
2022-01-20,101056.17044517965,0.0,0.0007135075807427338,0.009933,0.009933,0.6099332941969038,0,,False,,False,,VWRL/AGBP 60/40,,bands
2022-02-03,99529.73834894631,0.0,0.0,0.00709,0.00709,0.6070899416947819,0,,False,,False,,VWRL/AGBP 60/40,,bands
2022-02-17,98453.26168620108,0.0,0.0,0.007316,0.007316,0.607315739853257,0,,False,,False,,VWRL/AGBP 60/40,,bands
2022-03-03,97759.21863969386,0.0,0.0,0.00297,0.00297,0.602969931044728,0,,False,,False,,VWRL/AGBP 60/40,,bands
2022-03-17,98234.17599194046,0.0,0.0,0.011628,0.011628,0.6116277908067459,0,,False,,False,,VWRL/AGBP 60/40,,bands
2022-03-31,100322.2407015225,0.0,0.0,0.021852,0.021852,0.6218521175656887,0,,False,,False,,VWRL/AGBP 60/40,,bands
2022-04-14,98015.1286805573,0.0,0.0008631147924713645,0.020661,0.020661,0.6206606714075801,0,,False,,False,,VWRL/AGBP 60/40,,bands
2022-05-03,97146.62853289719,0.0,0.0,0.020767,0.020767,0.6207666135413087,0,,False,,False,,VWRL/AGBP 60/40,,bands
2022-05-17,95542.32731620505,0.0,0.00016621143855055642,0.015461,0.015461,0.6154614211364481,0,,False,,False,,VWRL/AGBP 60/40,,bands
2022-05-31,96195.32259984179,0.0,0.0005151721281426713,0.017503,0.017503,0.6175034115652008,0,,False,,False,,VWRL/AGBP 60/40,,bands
2022-06-16,90405.55685148627,0.0,0.0005405362223929178,0.005513,0.005513,0.6055127552182539,0,,False,,False,,VWRL/AGBP 60/40,,bands
2022-06-30,92728.24731572333,0.0,0.0017405359748439153,0.009645,0.009645,0.6096454389775319,0,,False,,False,,VWRL/AGBP 60/40,,bands
2022-07-14,93411.1822645818,0.0,0.00029248226182954085,0.010973,0.010973,0.6109734221328789,0,,False,,False,,VWRL/AGBP 60/40,,bands
2022-07-28,96698.49102014967,0.0,0.0017917368173772097,0.016404,0.016404,0.6164037151400901,0,,False,,False,,VWRL/AGBP 60/40,,bands
2022-08-11,98610.81896526169,0.0,0.002242392889505007,0.025659,0.025659,0.6256587914383328,0,,False,,False,,VWRL/AGBP 60/40,,bands
2022-08-25,98815.17021491706,0.0,0.0020425610392771354,0.032248,0.032248,0.6322484443241251,0,portfolio drift 3.2% exceeds 3%,True,portfolio drift 3.2% exceeds 3%,True,,VWRL/AGBP 60/40,,bands
2022-09-09,97736.34831146532,0.0,0.004690116126510713,0.001853,0.001853,0.6018527512696662,0,,False,,False,,VWRL/AGBP 60/40,,bands
2022-09-26,94933.01507474914,0.0,0.002991334760450215,0.000797,0.000797,0.6007972154948397,0,,False,,False,,VWRL/AGBP 60/40,,bands
2022-10-10,92824.52446092626,0.0,0.003191368817840212,0.003547,0.003547,0.5964528892543253,0,,True,re-optimisation,True,,VWRL/AGBP 60/40,,bands
2022-10-24,92736.81970866054,0.6385598521894735,0.006088465220061234,0.0028185,0.002822,0.6028152710497431,0,,False,,False,,VWRL/AGBP 60/40,,bands
2022-11-07,93433.02272913586,0.6385598521894735,0.008337738800678896,0.0038045,0.003808,0.6038007982904627,0,,False,,False,,VWRL/AGBP 60/40,,bands
2022-11-21,95145.1852767162,0.6385598521894735,0.008137827377937557,0.001219,0.001222,0.6012156595669766,0,,False,,False,,VWRL/AGBP 60/40,,bands
2022-12-05,95457.33772501028,0.6385598521894735,0.010580754643290557,0.002052,0.002055,0.5979446408629477,0,,False,,False,,VWRL/AGBP 60/40,,bands
2022-12-19,93198.44139872295,0.6385598521894735,0.012452407313744418,0.010159,0.010162,0.5898376407801601,0,,False,,False,,VWRL/AGBP 60/40,,bands
2023-01-05,94397.92606148691,0.6385598521894735,0.015022488802435952,0.001758,0.001761,0.5982385131940222,0,,False,,False,,VWRL/AGBP 60/40,,bands
2023-01-19,94919.75051586288,0.6385598521894735,0.014014337235380703,0.0073965,0.0074,0.592599773308183,0,,False,,False,,VWRL/AGBP 60/40,,bands
2023-02-02,98790.31061272683,0.6385598521894735,0.017393745651838044,0.0068105,0.006814,0.60680711889721,0,,False,,False,,VWRL/AGBP 60/40,,bands
2023-02-16,98128.28523977009,0.6385598521894735,0.01769636592704882,0.012902,0.012905,0.6128985011554245,0,,False,,False,,VWRL/AGBP 60/40,,bands
2023-03-02,95898.80217217618,0.6385598521894735,0.01769227175386412,0.0085435,0.008547,0.6085400901755187,0,,False,,False,,VWRL/AGBP 60/40,,bands
2023-03-16,95205.62078404897,0.6385598521894735,0.0188512956607223,0.0034765,0.00348,0.596520090648639,0,,False,,False,,VWRL/AGBP 60/40,,bands
2023-03-30,96189.09409656074,0.6385598521894735,0.021068612278393628,0.000686,0.000689,0.5993107131109005,0,,False,,False,,VWRL/AGBP 60/40,,bands
2023-04-17,97270.82844938744,0.6385598521894735,0.024149541088575255,0.005068,0.005071,0.6050645970877216,0,,False,,False,,VWRL/AGBP 60/40,,bands
2023-05-02,96461.49461762108,0.6385598521894735,0.025956766578066226,0.0016395,0.001643,0.5983570375134688,0,,False,,False,,VWRL/AGBP 60/40,,bands
2023-05-17,96790.30514421158,0.6385598521894735,0.02731740666509963,0.0010955000000000001,0.001099,0.6010921250245534,0,,False,,False,,VWRL/AGBP 60/40,,bands
2023-06-01,96883.9067689066,0.6385598521894735,0.028578123341973294,0.0016355,0.001639,0.6016321183066556,0,,False,,False,,VWRL/AGBP 60/40,,bands
2023-06-15,98433.3401658825,0.6385598521894735,0.030026041339723752,0.009819,0.009822,0.6098157864707686,0,,False,,False,,VWRL/AGBP 60/40,,bands
2023-06-29,98265.45672236173,0.6385598521894735,0.03141209387083532,0.0096095,0.009613,0.6096064477136123,0,,False,,False,,VWRL/AGBP 60/40,,bands
2023-07-13,97864.42343293142,0.6385598521894735,0.0326378551496489,0.0069429999999999995,0.006946,0.6069396854921659,0,,False,,False,,VWRL/AGBP 60/40,,bands
2023-07-27,99935.19814407673,0.6385598521894735,0.03412429431881514,0.014870999999999999,0.014874,0.6148678919777267,0,,False,,False,,VWRL/AGBP 60/40,,bands
2023-08-10,99321.2444992269,0.6385598521894735,0.03683801458854319,0.013514,0.013517,0.6135108290775279,0,,False,,False,,VWRL/AGBP 60/40,,bands
2023-08-24,97819.65474909676,0.6385598521894735,0.038375146974412244,0.010014,0.010017,0.6100105601437606,0,,False,,False,,VWRL/AGBP 60/40,,bands
2023-09-08,99332.49279983918,0.6385598521894735,0.04053030207727648,0.015714,0.015717,0.6157105719459541,0,,False,,False,,VWRL/AGBP 60/40,,bands
2023-09-22,99054.95266427236,0.6385598521894735,0.04252915033942206,0.0174105,0.017414,0.617407328405734,0,,False,,False,,VWRL/AGBP 60/40,,bands
2023-10-06,97384.47838664528,0.6385598521894735,0.04079231114554949,0.015957,0.01596,0.6159535370631917,0,,True,re-optimisation,True,,VWRL/AGBP 60/40,,bands
2023-10-20,96695.07053299742,5.679393783605974,0.042222104915298875,0.0008065,0.000836,0.5991644550085857,0,,False,,False,,VWRL/AGBP 60/40,,bands
2023-11-03,98521.29214535351,5.679393783605974,0.04233242938246384,0.001333,0.001362,0.5986378949565646,0,,False,,False,,VWRL/AGBP 60/40,,bands
2023-11-17,100403.08403586969,5.679393783605974,0.04492868732279143,0.0024194999999999998,0.002448,0.6023912713102271,0,,False,,False,,VWRL/AGBP 60/40,,bands
2023-12-01,100758.48931237365,5.679393783605974,0.041609344174142526,0.0012304999999999998,0.001259,0.5987412837065498,0,,False,,False,,VWRL/AGBP 60/40,,bands
2023-12-15,103219.1858650474,5.679393783605974,0.04307831888115676,0.00017250000000000002,0.0002,0.6001452389687547,0,,False,,False,,VWRL/AGBP 60/40,,bands
2024-01-03,103411.42899448123,5.679393783605974,0.045521747425057546,0.0008725,0.0009,0.6008449911928153,0,,False,,False,,VWRL/AGBP 60/40,,bands
2024-01-17,102836.8570078218,5.679393783605974,0.047494161581610905,0.0011005,0.001128,0.6010725041432604,0,,False,,False,,VWRL/AGBP 60/40,,bands
2024-01-31,104872.1810741313,5.679393783605974,0.05133515778103148,0.0049700000000000005,0.004997,0.6049430424113095,0,,False,,False,,VWRL/AGBP 60/40,,bands
2024-02-14,105979.78633635653,5.679393783605974,0.05153275533601409,0.013704999999999998,0.013732,0.6136779582734874,0,,False,,False,,VWRL/AGBP 60/40,,bands
2024-02-28,106868.7736678614,5.679393783605974,0.05246529469373806,0.0161285,0.016155,0.6161018014110766,0,,False,,False,,VWRL/AGBP 60/40,,bands
2024-03-13,107979.17082376998,5.679393783605974,0.05120242284342602,0.017181500000000002,0.017208,0.6171553951341913,0,,False,,False,,VWRL/AGBP 60/40,,bands
2024-03-27,109459.118243886,5.679393783605974,0.05347340844082238,0.021149,0.021175,0.6211229865075351,0,,False,,False,,VWRL/AGBP 60/40,,bands
2024-04-12,108999.51761763376,5.679393783605974,0.052002590308874996,0.023150999999999998,0.023177,0.6231249681838193,0,,False,,False,,VWRL/AGBP 60/40,,bands
2024-04-26,108225.5826236671,5.679393783605974,0.055445703914053235,0.023133,0.023159,0.6231067190541341,0,,False,,False,,VWRL/AGBP 60/40,,bands
2024-05-13,110007.34910878414,5.679393783605974,0.05428886947290934,0.025939999999999998,0.025966,0.625914165588802,0,,False,,False,,VWRL/AGBP 60/40,,bands
2024-05-28,109616.32977256575,5.679393783605974,0.05587687287151022,0.025105000000000002,0.025131,0.6250791807588593,0,,False,,False,,VWRL/AGBP 60/40,,bands
2024-06-11,110040.70033088258,5.679393783605974,0.053686340926178744,0.025016999999999998,0.025043,0.6249910787536387,0,,False,,False,,VWRL/AGBP 60/40,,bands
2024-06-25,111652.00473313376,5.679393783605974,0.05679625722001713,0.0269965,0.027022,0.6269706739334432,0,,False,,False,,VWRL/AGBP 60/40,,bands
2024-07-09,112308.73023029573,5.679393783605974,0.054748099984960996,0.029746,0.029771,0.6297206688482773,0,,False,,False,,VWRL/AGBP 60/40,,bands
2024-07-23,112120.70261112346,5.679393783605974,0.05689074765712787,0.026427,0.026452,0.6264015710100209,0,,False,,False,,VWRL/AGBP 60/40,,bands
2024-08-06,109809.64685204487,5.679393783605974,0.052043810374899246,0.012499,0.012525,0.6124733252238439,0,,False,,False,,VWRL/AGBP 60/40,,bands
2024-08-20,112866.50033835303,5.679393783605974,0.05464209100279138,0.0210885,0.021114,0.6210634515690778,0,,False,,False,,VWRL/AGBP 60/40,,bands
2024-09-04,111850.73594897258,5.679393783605974,0.053657375388712625,0.0163245,0.01635,0.616298855470424,0,,False,,False,,VWRL/AGBP 60/40,,bands
2024-09-18,112747.91427472966,5.679393783605974,0.05541776678440624,0.016649,0.016674,0.6166240472956088,0,,False,,False,,VWRL/AGBP 60/40,,bands
2024-10-02,114121.5076424027,5.679393783605974,0.05190912855466712,0.0214255,0.02145,0.6214005586572418,0,,True,re-optimisation,True,,VWRL/AGBP 60/40,,bands
2024-10-16,115616.16548335705,16.58786945123711,0.05489751614146732,0.007173499999999999,0.007245,0.6071019027827776,0,,False,,False,,VWRL/AGBP 60/40,,bands
2024-10-30,114979.65826744644,16.58786945123711,0.05582490610684321,0.007740500000000001,0.007813,0.6076684099867176,0,,False,,False,,VWRL/AGBP 60/40,,bands
2024-11-13,117021.47594846673,16.58786945123711,0.053356199848418884,0.015962999999999998,0.016034,0.6158920704258399,0,,False,,False,,VWRL/AGBP 60/40,,bands
2024-11-27,117868.26767230395,16.58786945123711,0.05540829431429395,0.0155705,0.015641,0.6155004160014045,0,,False,,False,,VWRL/AGBP 60/40,,bands
2024-12-11,118965.66008396799,16.58786945123711,0.05105630370722758,0.016836999999999998,0.016907,0.6167672995235903,0,,False,,False,,VWRL/AGBP 60/40,,bands
2024-12-27,117708.81846189837,16.58786945123711,0.05466885834074997,0.0167525,0.016823,0.6166818570471668,0,,False,,False,,VWRL/AGBP 60/40,,bands
2025-01-13,117697.53655598089,16.58786945123711,0.050555732479343085,0.020639499999999998,0.02071,0.6205690414021569,0,,False,,False,,VWRL/AGBP 60/40,,bands
2025-01-27,119334.54147518598,16.58786945123711,0.05368117810837103,0.0204205,0.02049,0.6203514762762451,0,,False,,False,,VWRL/AGBP 60/40,,bands
2025-02-10,121268.81097007533,16.58786945123711,0.05254418164383834,0.0247355,0.024804,0.6246672224873853,0,,False,,False,,VWRL/AGBP 60/40,,bands
2025-02-24,119733.10232812824,16.58786945123711,0.053945648130302226,0.0197565,0.019826,0.6196872966357346,0,,False,,False,,VWRL/AGBP 60/40,,bands
2025-03-10,115305.66069110924,16.58786945123711,0.05095650258973872,0.005135,0.005207,0.6050627497123243,0,,False,,False,,VWRL/AGBP 60/40,,bands
2025-03-24,116526.7343501584,16.58786945123711,0.050336781273096376,0.01038,0.010451,0.6103089050487792,0,,False,,False,,VWRL/AGBP 60/40,,bands
2025-04-07,108744.09853192617,16.58786945123711,0.04717785228876159,0.022526,0.022602,0.5773978174893882,0,,False,,False,,VWRL/AGBP 60/40,,bands
2025-04-23,112013.94390013914,16.58786945123711,0.05067046192552316,0.009394,0.009468,0.5905318790620117,0,,False,,False,,VWRL/AGBP 60/40,,bands
2025-05-08,114997.13849733402,16.58786945123711,0.047625089610583204,0.000708,0.00078,0.6006360610020165,0,,False,,False,,VWRL/AGBP 60/40,,bands
2025-05-22,115858.77297164153,16.58786945123711,0.04926068536214068,0.007405500000000001,0.007477,0.6073338057573165,0,,False,,False,,VWRL/AGBP 60/40,,bands
2025-06-06,117377.78305910985,16.58786945123711,0.048046601449027726,0.0092715,0.009342,0.6092011268138081,0,,False,,False,,VWRL/AGBP 60/40,,bands
2025-06-20,117541.75861220507,16.58786945123711,0.05064697859679046,0.0075785,0.007649,0.6075079431524101,0,,False,,False,,VWRL/AGBP 60/40,,bands
2025-07-04,119644.30327344133,16.58786945123711,0.0485721014085807,0.013105499999999999,0.013175,0.6130361027451363,0,,False,,False,,VWRL/AGBP 60/40,,bands
2025-07-18,121147.24590848575,16.58786945123711,0.0503389300172139,0.0187625,0.018831,0.6186936276153511,0,,False,,False,,VWRL/AGBP 60/40,,bands
2025-08-01,121425.54010836239,16.58786945123711,0.04693151837330212,0.0177265,0.017795,0.6176584028352509,0,,False,,False,,VWRL/AGBP 60/40,,bands
2025-08-15,122611.68998019892,16.58786945123711,0.04889673811324591,0.021877,0.021945,0.6218092970116456,0,,False,,False,,VWRL/AGBP 60/40,,bands
2025-09-01,123051.57180690946,16.58786945123711,0.04628122795615042,0.022081999999999997,0.022149,0.6220145095395959,0,,False,,False,,VWRL/AGBP 60/40,,bands
2025-09-15,125137.08445823757,16.58786945123711,0.04751718617919187,0.0245545,0.024621,0.6244880570471796,0,,False,,False,,VWRL/AGBP 60/40,,bands
2025-09-29,126435.82159588218,16.58786945123711,0.049422752745222454,0.0290085,0.029074,0.6289431763203444,0,,True,re-optimisation,True,,VWRL/AGBP 60/40,,bands
2025-10-13,127156.85709086238,0.0,0.047276143890623734,0.000718,0.000718,0.6007180424720928,0,,False,,False,,VWRL/AGBP 60/40,,bands
2025-10-28,130294.550398766,0.0,0.05035428673513942,0.008624,0.008624,0.6086237782447063,0,,False,,False,,VWRL/AGBP 60/40,,bands
2025-11-11,130352.69711979435,0.0,0.04744659550746966,0.009132,0.009132,0.6091317703310282,0,,False,,False,,VWRL/AGBP 60/40,,bands
2025-11-25,128860.29922969283,0.0,0.048775036293011054,0.004605,0.004605,0.6046049228477244,0,,False,,False,,VWRL/AGBP 60/40,,bands
2025-12-09,129573.76722388476,0.0,0.044106876086209335,0.008334,0.008334,0.6083335055309631,0,,False,,False,,VWRL/AGBP 60/40,,bands
2025-12-23,129460.80251465812,0.0,0.0477731030049815,0.007194,0.007194,0.6071943816771719,0,,False,,False,,VWRL/AGBP 60/40,,bands
2026-01-09,131365.14812884343,0.0,0.04327308022262977,0.011731,0.011731,0.611730700261581,0,,False,,False,,VWRL/AGBP 60/40,,bands
2026-01-23,130499.57384860792,0.0,0.04358322706381634,0.009734,0.009734,0.6097337740245503,0,,False,,False,,VWRL/AGBP 60/40,,bands
2026-02-06,130912.01227940293,0.0,0.04256577602962608,0.009614,0.009614,0.6096136752729129,0,,False,,False,,VWRL/AGBP 60/40,,bands
2026-02-20,132853.21570179862,0.0,0.044729272266946785,0.012409,0.012409,0.6124086117786112,0,,False,,False,,VWRL/AGBP 60/40,,bands
2026-03-06,131493.0868184616,0.0,0.04208314547480785,0.009827,0.009827,0.6098271545605284,0,,False,,False,,VWRL/AGBP 60/40,,bands
2026-03-20,127655.1972076402,0.0,0.04369943770044249,0.003157,0.003157,0.6031573418523727,0,,False,,False,,VWRL/AGBP 60/40,,bands
2026-04-07,128939.28141720028,0.0,0.041640191468633514,0.006467,0.006467,0.6064671281270628,0,,False,,False,,VWRL/AGBP 60/40,,bands
2026-04-21,133778.86280267022,0.0,0.04299572160799836,0.017484,0.017484,0.6174842888825399,0,,False,,False,,VWRL/AGBP 60/40,,bands
2026-05-06,136086.11800175314,0.0,0.04080685318816779,0.024294,0.024294,0.624294164377315,0,,False,,False,,VWRL/AGBP 60/40,,bands
2026-05-20,136781.2769260169,0.0,0.04232603283116054,0.028222,0.028222,0.628221948355528,0,,False,,False,,VWRL/AGBP 60/40,,bands
2026-06-04,139326.01578724605,0.0,0.040178196183912496,0.032753,0.032753,0.6327534512378453,0,portfolio drift 3.3% exceeds 3%,True,portfolio drift 3.3% exceeds 3%,True,,VWRL/AGBP 60/40,,bands
2026-06-18,140621.1073430799,0.0,0.04185929225855278,0.001985,0.001985,0.6019854957504319,0,,False,,False,,VWRL/AGBP 60/40,,bands
2026-07-02,139196.66108744554,0.0,0.039695167908885276,0.001915,0.001915,0.5980851293197134,0,,False,,False,,VWRL/AGBP 60/40,,bands
2026-07-16,138505.04034239598,0.0,0.04128632442843916,0.001918,0.001918,0.598082368822089,0,,False,,False,,VWRL/AGBP 60/40,,bands
2026-07-30,137402.49550729472,0.0,0.04287748094799393,0.004031,0.004031,0.595968647218003,0,,False,,False,,VWRL/AGBP 60/40,,bands
2026-08-13,141153.7791548692,0.0,0.041021574928013615,0.005321,0.005321,0.6053214208430774,0,,False,,False,,VWRL/AGBP 60/40,,bands
2026-08-27,140194.65352026242,0.0,0.042690815006467764,0.002948,0.002948,0.6029480567645971,0,,False,,False,,VWRL/AGBP 60/40,,bands
2026-09-11,139556.50620277083,0.0,0.04074844074844042,0.0054,0.0054,0.605399708762881,0,,False,,False,,VWRL/AGBP 60/40,,bands
2021-09-27,100000.0,100000.0,0.0020569493304460895,0.5,0.7,0.0,2,"2 holding(s) outside tolerance band: AGBP.L, VWRL.L; portfolio drift 50.0% exceeds 3%; growth weight 0.0% outside policy range 25%–35%",True,initial,True,,Two-fund 30%/70% (risk 3),3,bands
2021-10-11,99572.20090533886,0.0,0.0021055516074988123,0.001855,0.001855,0.30185522180066604,0,,False,,False,,Two-fund 30%/70% (risk 3),3,bands
2021-10-25,100350.24931817247,0.0,0.0020556882660895948,0.005644,0.005644,0.3056442485893561,0,,False,,False,,Two-fund 30%/70% (risk 3),3,bands
2021-11-08,102080.94650502298,0.0,0.001063562665438278,0.01143,0.01143,0.31143005242686544,0,,False,,False,,Two-fund 30%/70% (risk 3),3,bands
2021-11-22,101901.00559136091,0.0,0.0009140505292295487,0.013879,0.013879,0.31387898854364493,0,,False,,False,,Two-fund 30%/70% (risk 3),3,bands
2021-12-06,101644.81826199821,0.0,0.002844703108543678,0.008075,0.008075,0.3080748225885577,0,,False,,False,,Two-fund 30%/70% (risk 3),3,bands
2021-12-20,101290.33039147088,0.0,0.0026583432841948973,0.006659,0.006659,0.3066587591778884,0,,False,,False,,Two-fund 30%/70% (risk 3),3,bands
2022-01-06,100620.54292351258,0.0,0.0007135075807427338,0.011423,0.011423,0.3114233478279063,0,,False,,False,,Two-fund 30%/70% (risk 3),3,bands
2022-01-20,99801.39460587411,0.0,0.0007135075807427338,0.008801,0.008801,0.30880090995704557,0,,False,,False,,Two-fund 30%/70% (risk 3),3,bands
2022-02-03,98647.66329670764,0.0,0.0,0.006259,0.006259,0.30625917042464473,0,,False,,False,,Two-fund 30%/70% (risk 3),3,bands
2022-02-17,97552.93862344997,0.0,0.0,0.00646,0.00646,0.30646035017313444,0,,False,,False,,Two-fund 30%/70% (risk 3),3,bands
2022-03-03,97396.2959667609,0.0,0.0,0.002608,0.002608,0.3026083730241628,0,,False,,False,,Two-fund 30%/70% (risk 3),3,bands
2022-03-17,96806.36793130626,0.0,0.0,0.010324,0.010324,0.3103243791064773,0,,False,,False,,Two-fund 30%/70% (risk 3),3,bands
2022-03-31,97581.92395369377,0.0,0.0,0.019658,0.019658,0.31965755178582445,0,,False,,False,,Two-fund 30%/70% (risk 3),3,bands
2022-04-14,95483.80572225648,0.0,0.0008631147924713645,0.018557,0.018557,0.3185573465302039,0,,False,,False,,Two-fund 30%/70% (risk 3),3,bands
2022-05-03,94624.8704184175,0.0,0.0,0.018655,0.018655,0.31865503933934264,0,,False,,False,,Two-fund 30%/70% (risk 3),3,bands
2022-05-17,93695.80211746479,0.0,0.00016621143855055642,0.013795,0.013795,0.313795363398434,0,,False,,False,,Two-fund 30%/70% (risk 3),3,bands
2022-05-31,94090.63969720143,0.0,0.0005151721281426713,0.015658,0.015658,0.3156580722225877,0,,False,,False,,Two-fund 30%/70% (risk 3),3,bands
2022-06-16,89782.57721987105,0.0,0.0005405362223929178,0.004857,0.004857,0.3048571310340392,0,,False,,False,,Two-fund 30%/70% (risk 3),3,bands
2022-06-30,91610.24150200172,0.0,0.0017405359748439153,0.008543,0.008543,0.30854275741198683,0,,False,,False,,Two-fund 30%/70% (risk 3),3,bands
2022-07-14,92129.88184593113,0.0,0.00029248226182954085,0.009735,0.009735,0.30973528105197595,0,,False,,False,,Two-fund 30%/70% (risk 3),3,bands
2022-07-28,94715.72289368582,0.0,0.0017917368173772097,0.014654,0.014654,0.3146537200595787,0,,False,,False,,Two-fund 30%/70% (risk 3),3,bands
2022-08-11,95448.02591852064,0.0,0.002242392889505007,0.023195,0.023195,0.3231953999196241,0,,False,,False,,Two-fund 30%/70% (risk 3),3,bands
2022-08-25,94831.8758210987,0.0,0.0020425610392771354,0.029403,0.029403,0.32940262492469324,0,,False,,False,,Two-fund 30%/70% (risk 3),3,bands
2022-09-09,93652.90927374593,0.0,0.004690116126510713,0.030927,0.030927,0.3309265480373121,0,portfolio drift 3.1% exceeds 3%,True,portfolio drift 3.1% exceeds 3%,True,,Two-fund 30%/70% (risk 3),3,bands
2022-09-26,91092.06499249334,16.380575443212365,0.002991334760450215,0.000848,0.000938,0.29906170647928354,0,,False,,False,,Two-fund 30%/70% (risk 3),3,bands
2022-10-10,89555.87569956934,16.380575443212365,0.003191368817840212,0.004623499999999999,0.004715,0.29528471287827157,0,,True,re-optimisation,True,,Two-fund 30%/70% (risk 3),3,bands
2022-10-24,89158.59987604007,0.787198664362279,0.006088465220061234,0.002497,0.002501,0.30249251958365897,0,,False,,False,,Two-fund 30%/70% (risk 3),3,bands
2022-11-07,89716.89850236055,0.787198664362279,0.008337738800678896,0.0033664999999999997,0.003371,0.30336206063472,0,,False,,False,,Two-fund 30%/70% (risk 3),3,bands
2022-11-21,91657.58528411857,0.787198664362279,0.008137827377937557,0.0010899999999999998,0.001094,0.30108569612209507,0,,False,,False,,Two-fund 30%/70% (risk 3),3,bands
2022-12-05,92334.84225134383,0.787198664362279,0.010580754643290557,0.0017695,0.001774,0.2982264228781991,0,,False,,False,,Two-fund 30%/70% (risk 3),3,bands
2022-12-19,91060.9885522168,0.787198664362279,0.012452407313744418,0.0087565,0.008761,0.2912394537730724,0,,False,,False,,Two-fund 30%/70% (risk 3),3,bands
2023-01-05,91276.62778937453,0.787198664362279,0.015022488802435952,0.0015135,0.001518,0.29848235996587946,0,,False,,False,,Two-fund 30%/70% (risk 3),3,bands
2023-01-19,92426.65160132188,0.787198664362279,0.014014337235380703,0.0063915,0.006396,0.29360421389283325,0,,False,,False,,Two-fund 30%/70% (risk 3),3,bands
2023-02-02,94502.96866874394,0.787198664362279,0.017393745651838044,0.006032,0.006036,0.30602788573002865,0,,False,,False,,Two-fund 30%/70% (risk 3),3,bands
2023-02-16,93148.83797096294,0.787198664362279,0.01769636592704882,0.011496,0.0115,0.3114919035767292,0,,False,,False,,Two-fund 30%/70% (risk 3),3,bands
2023-03-02,91536.52372665127,0.787198664362279,0.01769227175386412,0.007578,0.007582,0.3075738416533357,0,,False,,False,,Two-fund 30%/70% (risk 3),3,bands
2023-03-16,92254.91413089949,0.787198664362279,0.0188512956607223,0.0030074999999999998,0.003012,0.2969884710923117,0,,False,,False,,Two-fund 30%/70% (risk 3),3,bands
2023-03-30,92884.20255183039,0.787198664362279,0.021068612278393628,0.000578,0.000582,0.2994176890077307,0,,False,,False,,Two-fund 30%/70% (risk 3),3,bands
2023-04-17,93253.82761755314,0.787198664362279,0.024149541088575255,0.0044845,0.004489,0.30448024900229004,0,,False,,False,,Two-fund 30%/70% (risk 3),3,bands
2023-05-02,93258.18259659671,0.787198664362279,0.025956766578066226,0.0014099999999999998,0.001414,0.2985856127592683,0,,False,,False,,Two-fund 30%/70% (risk 3),3,bands
2023-05-17,93256.8267402336,0.787198664362279,0.02731740666509963,0.0009815,0.000986,0.3009772701942811,0,,False,,False,,Two-fund 30%/70% (risk 3),3,bands
2023-06-01,93283.9208775341,0.787198664362279,0.028578123341973294,0.0014555,0.00146,0.3014513960773856,0,,False,,False,,Two-fund 30%/70% (risk 3),3,bands
2023-06-15,93804.34643323875,0.787198664362279,0.030026041339723752,0.008720499999999999,0.008725,0.3087161564240043,0,,False,,False,,Two-fund 30%/70% (risk 3),3,bands
2023-06-29,93669.16458704535,0.787198664362279,0.03141209387083532,0.0085325,0.008537,0.3085284498756236,0,,False,,False,,Two-fund 30%/70% (risk 3),3,bands
2023-07-13,93601.61547570614,0.787198664362279,0.0326378551496489,0.00615,0.006154,0.306145914363904,0,,False,,False,,Two-fund 30%/70% (risk 3),3,bands
2023-07-27,94626.72316004304,0.787198664362279,0.03412429431881514,0.013281000000000001,0.013285,0.31327657856265306,0,,False,,False,,Two-fund 30%/70% (risk 3),3,bands
2023-08-10,94207.92313456713,0.787198664362279,0.03683801458854319,0.01205,0.012054,0.31204583558302496,0,,False,,False,,Two-fund 30%/70% (risk 3),3,bands
2023-08-24,93196.5424080909,0.787198664362279,0.038375146974412244,0.008895,0.008899,0.30889089985087115,0,,False,,False,,Two-fund 30%/70% (risk 3),3,bands
2023-09-08,93955.08754276781,0.787198664362279,0.04053030207727648,0.014047,0.014051,0.31404297200858816,0,,False,,False,,Two-fund 30%/70% (risk 3),3,bands
2023-09-22,93489.88660992568,0.787198664362279,0.04252915033942206,0.0155955,0.0156,0.3155911217133483,0,,False,,False,,Two-fund 30%/70% (risk 3),3,bands
2023-10-06,92083.99022392787,0.787198664362279,0.04079231114554949,0.0142685,0.014273,0.3142642656024471,0,,True,re-optimisation,True,,Two-fund 30%/70% (risk 3),3,bands
2023-10-20,91530.39840738033,4.801631206591537,0.042222104915298875,0.000713,0.000739,0.2992605122787588,0,,False,,False,,Two-fund 30%/70% (risk 3),3,bands
2023-11-03,93320.4919056905,4.801631206591537,0.04233242938246384,0.0011735,0.001199,0.29880074560057535,0,,False,,False,,Two-fund 30%/70% (risk 3),3,bands
2023-11-17,94657.53860679918,4.801631206591537,0.04492868732279143,0.0021145,0.00214,0.3020889975648718,0,,False,,False,,Two-fund 30%/70% (risk 3),3,bands
2023-12-01,95427.38012399588,4.801631206591537,0.041609344174142526,0.001084,0.001109,0.29889059029106496,0,,False,,False,,Two-fund 30%/70% (risk 3),3,bands
2023-12-15,97586.68188361547,4.801631206591537,0.04307831888115676,0.0001415,0.000166,0.3001170265074115,0,,False,,False,,Two-fund 30%/70% (risk 3),3,bands
2024-01-03,97682.89961682161,4.801631206591537,0.045521747425057546,0.0007545,0.000779,0.3007300551129218,0,,False,,False,,Two-fund 30%/70% (risk 3),3,bands
2024-01-17,97112.47224634737,4.801631206591537,0.047494161581610905,0.0009545,0.000979,0.3009296903769625,0,,False,,False,,Two-fund 30%/70% (risk 3),3,bands
2024-01-31,98554.74081963742,4.801631206591537,0.05133515778103148,0.004366500000000001,0.004391,0.3043418374394634,0,,False,,False,,Two-fund 30%/70% (risk 3),3,bands
2024-02-14,98501.323059045,4.801631206591537,0.05153275533601409,0.0121905,0.012215,0.31216621059109845,0,,False,,False,,Two-fund 30%/70% (risk 3),3,bands
2024-02-28,99021.40018374601,4.801631206591537,0.05246529469373806,0.014392499999999999,0.014417,0.3143682180780532,0,,False,,False,,Two-fund 30%/70% (risk 3),3,bands
2024-03-13,99915.81937137377,4.801631206591537,0.05120242284342602,0.015354,0.015378,0.3153295389949219,0,,False,,False,,Two-fund 30%/70% (risk 3),3,bands
2024-03-27,100771.91756379516,4.801631206591537,0.05347340844082238,0.018997,0.019021,0.3189733624292961,0,,False,,False,,Two-fund 30%/70% (risk 3),3,bands
2024-04-12,100090.80969878563,4.801631206591537,0.052002590308874996,0.02085,0.020874,0.3208262676067275,0,,False,,False,,Two-fund 30%/70% (risk 3),3,bands
2024-04-26,99382.43181109182,4.801631206591537,0.055445703914053235,0.0208335,0.020858,0.32080944018993524,0,,False,,False,,Two-fund 30%/70% (risk 3),3,bands
2024-05-13,100653.58868906999,4.801631206591537,0.05428886947290934,0.0234475,0.023471,0.32342352649287803,0,,False,,False,,Two-fund 30%/70% (risk 3),3,bands
2024-05-28,100404.00107140261,4.801631206591537,0.05587687287151022,0.022668,0.022692,0.3226440520747168,0,,False,,False,,Two-fund 30%/70% (risk 3),3,bands
2024-06-11,100804.18542528957,4.801631206591537,0.053686340926178744,0.0225855,0.022609,0.32256184262108883,0,,False,,False,,Two-fund 30%/70% (risk 3),3,bands
2024-06-25,102019.02190141445,4.801631206591537,0.05679625722001713,0.0244355,0.024459,0.3244120589949674,0,,False,,False,,Two-fund 30%/70% (risk 3),3,bands
2024-07-09,102254.00744326193,4.801631206591537,0.054748099984960996,0.0270215,0.027045,0.32699831869062485,0,,False,,False,,Two-fund 30%/70% (risk 3),3,bands
2024-07-23,102522.73252397607,4.801631206591537,0.05689074765712787,0.0239025,0.023926,0.3238790584116384,0,,False,,False,,Two-fund 30%/70% (risk 3),3,bands
2024-08-06,102217.47150270353,4.801631206591537,0.052043810374899246,0.0110995,0.011123,0.3110763050660278,0,,False,,False,,Two-fund 30%/70% (risk 3),3,bands
2024-08-20,103916.96007744978,4.801631206591537,0.05464209100279138,0.018941,0.018964,0.3189179691981677,0,,False,,False,,Two-fund 30%/70% (risk 3),3,bands
2024-09-04,103611.69586248594,4.801631206591537,0.053657375388712625,0.0145705,0.014594,0.3145471953072168,0,,False,,False,,Two-fund 30%/70% (risk 3),3,bands
2024-09-18,104399.48062171959,4.801631206591537,0.05541776678440624,0.014867,0.01489,0.31484371481966056,0,,False,,False,,Two-fund 30%/70% (risk 3),3,bands
2024-10-02,105027.02612718433,4.801631206591537,0.05190912855466712,0.019252,0.019275,0.3192290924907319,0,,True,re-optimisation,True,,Two-fund 30%/70% (risk 3),3,bands
2024-10-16,105447.17598693304,13.71695944131261,0.05489751614146732,0.006366,0.006431,0.3063012539013558,0,,False,,False,,Two-fund 30%/70% (risk 3),3,bands
2024-10-30,104791.64544007697,13.71695944131261,0.05582490610684321,0.006872,0.006937,0.3068065210204007,0,,False,,False,,Two-fund 30%/70% (risk 3),3,bands
2024-11-13,105545.66023165538,13.71695944131261,0.053356199848418884,0.014284999999999999,0.01435,0.31421967527710604,0,,False,,False,,Two-fund 30%/70% (risk 3),3,bands
2024-11-27,106362.61283789144,13.71695944131261,0.05540829431429395,0.013927499999999999,0.013992,0.31386278674704665,0,,False,,False,,Two-fund 30%/70% (risk 3),3,bands
2024-12-11,107179.61645871545,13.71695944131261,0.05105630370722758,0.015081,0.015145,0.3150172472651409,0,,False,,False,,Two-fund 30%/70% (risk 3),3,bands
2024-12-27,106058.72432146248,13.71695944131261,0.05466885834074997,0.0150045,0.015069,0.31493965339836677,0,,False,,False,,Two-fund 30%/70% (risk 3),3,bands
2025-01-13,105522.22042636441,13.71695944131261,0.050555732479343085,0.018571,0.018636,0.3185056422740316,0,,False,,False,,Two-fund 30%/70% (risk 3),3,bands
2025-01-27,107019.9336151999,13.71695944131261,0.05368117810837103,0.018369,0.018433,0.3183045773207947,0,,False,,False,,Two-fund 30%/70% (risk 3),3,bands
2025-02-10,108152.71148951657,13.71695944131261,0.05254418164383834,0.022366499999999997,0.02243,0.3223027402496275,0,,False,,False,,Two-fund 30%/70% (risk 3),3,bands
2025-02-24,107468.89623856336,13.71695944131261,0.053945648130302226,0.017757000000000002,0.017821,0.3176929757904213,0,,False,,False,,Two-fund 30%/70% (risk 3),3,bands
2025-03-10,105434.44345601156,13.71695944131261,0.05095650258973872,0.004554,0.004619,0.3044893504754566,0,,False,,False,,Two-fund 30%/70% (risk 3),3,bands
2025-03-24,105847.83949891015,13.71695944131261,0.050336781273096376,0.0092345,0.009299,0.30916965182500966,0,,False,,False,,Two-fund 30%/70% (risk 3),3,bands
2025-04-07,102894.8344709078,13.71695944131261,0.04717785228876159,0.0191375,0.019204,0.2807959469916262,0,,False,,False,,Two-fund 30%/70% (risk 3),3,bands
2025-04-23,104296.67202298203,13.71695944131261,0.05067046192552316,0.0080915,0.008157,0.2918425138113683,0,,False,,False,,Two-fund 30%/70% (risk 3),3,bands
2025-05-08,105737.93470926951,13.71695944131261,0.047625089610583204,0.0006525,0.000717,0.30058768633101984,0,,False,,False,,Two-fund 30%/70% (risk 3),3,bands
2025-05-22,105637.56242258217,13.71695944131261,0.04926068536214068,0.006573,0.006638,0.30650783569240037,0,,False,,False,,Two-fund 30%/70% (risk 3),3,bands
2025-06-06,106770.57949299304,13.71695944131261,0.048046601449027726,0.00824,0.008304,0.30817582915838687,0,,False,,False,,Two-fund 30%/70% (risk 3),3,bands
2025-06-20,107148.71416663047,13.71695944131261,0.05064697859679046,0.006727,0.006791,0.3066625577098827,0,,False,,False,,Two-fund 30%/70% (risk 3),3,bands
2025-07-04,108304.67258294599,13.71695944131261,0.0485721014085807,0.011689999999999999,0.011753,0.3116265525708364,0,,False,,False,,Two-fund 30%/70% (risk 3),3,bands
2025-07-18,108876.83282241806,13.71695944131261,0.0503389300172139,0.016843,0.016906,0.3167796553346868,0,,False,,False,,Two-fund 30%/70% (risk 3),3,bands
2025-08-01,109271.58250694821,13.71695944131261,0.04693151837330212,0.015894,0.015957,0.3158309871096581,0,,False,,False,,Two-fund 30%/70% (risk 3),3,bands
2025-08-15,109753.62175599442,13.71695944131261,0.04889673811324591,0.0197115,0.019774,0.3196493322569611,0,,False,,False,,Two-fund 30%/70% (risk 3),3,bands
2025-09-01,110118.37015958468,13.71695944131261,0.04628122795615042,0.0199015,0.019964,0.3198390439134677,0,,False,,False,,Two-fund 30%/70% (risk 3),3,bands
2025-09-15,111628.81086775108,13.71695944131261,0.04751718617919187,0.0221965,0.022258,0.32213465126699364,0,,False,,False,,Two-fund 30%/70% (risk 3),3,bands
2025-09-29,112139.4629997036,13.71695944131261,0.049422752745222454,0.0263685,0.02643,0.3263071912181656,0,,True,re-optimisation,True,,Two-fund 30%/70% (risk 3),3,bands
2025-10-13,112688.81550322782,0.0,0.047276143890623734,0.000599,0.000599,0.30059931637321824,0,,False,,False,,Two-fund 30%/70% (risk 3),3,bands
2025-10-28,114327.2720500158,0.0,0.05035428673513942,0.007598,0.007598,0.3075981136415746,0,,False,,False,,Two-fund 30%/70% (risk 3),3,bands
2025-11-11,114304.86519662337,0.0,0.04744659550746966,0.008053,0.008053,0.30805261417777363,0,,False,,False,,Two-fund 30%/70% (risk 3),3,bands
2025-11-25,113643.04050222313,0.0,0.048775036293011054,0.004023,0.004023,0.30402290971774654,0,,False,,False,,Two-fund 30%/70% (risk 3),3,bands
2025-12-09,113736.52590790862,0.0,0.044106876086209335,0.007339,0.007339,0.30733866853273134,0,,False,,False,,Two-fund 30%/70% (risk 3),3,bands
2025-12-23,113800.89671689243,0.0,0.0477731030049815,0.006322,0.006322,0.3063223580133954,0,,False,,False,,Two-fund 30%/70% (risk 3),3,bands
2026-01-09,114814.09177785325,0.0,0.04327308022262977,0.010387,0.010387,0.3103870426867234,0,,False,,False,,Two-fund 30%/70% (risk 3),3,bands
2026-01-23,114346.54499250613,0.0,0.04358322706381634,0.008592,0.008592,0.3085919835044526,0,,False,,False,,Two-fund 30%/70% (risk 3),3,bands
2026-02-06,114725.36664208487,0.0,0.04256577602962608,0.008484,0.008484,0.30848431459336323,0,,False,,False,,Two-fund 30%/70% (risk 3),3,bands
2026-02-20,116014.80505117963,0.0,0.044729272266946785,0.010998,0.010998,0.31099849468755203,0,,False,,False,,Two-fund 30%/70% (risk 3),3,bands
2026-03-06,115203.4667172374,0.0,0.04208314547480785,0.008676,0.008676,0.30867572207021815,0,,False,,False,,Two-fund 30%/70% (risk 3),3,bands
2026-03-20,112785.16127818545,0.0,0.04369943770044249,0.002744,0.002744,0.3027439659900468,0,,False,,False,,Two-fund 30%/70% (risk 3),3,bands
2026-04-07,113446.44133672146,0.0,0.041640191468633514,0.005675,0.005675,0.3056750386986372,0,,False,,False,,Two-fund 30%/70% (risk 3),3,bands
2026-04-21,116070.18304314242,0.0,0.04299572160799836,0.01561,0.01561,0.31561023888227646,0,,False,,False,,Two-fund 30%/70% (risk 3),3,bands
2026-05-06,117044.39049858204,0.0,0.04080685318816779,0.021892,0.021892,0.3218924851967008,0,,False,,False,,Two-fund 30%/70% (risk 3),3,bands
2026-05-20,117046.53822432538,0.0,0.04232603283116054,0.025566,0.025566,0.325566362368139,0,,False,,False,,Two-fund 30%/70% (risk 3),3,bands
2026-06-04,118524.02631484116,0.0,0.040178196183912496,0.029852,0.029852,0.3298516689650785,0,,False,,False,,Two-fund 30%/70% (risk 3),3,bands
2026-06-18,119429.41769239915,0.0,0.04185929225855278,0.031487,0.031487,0.33148725844894206,0,portfolio drift 3.1% exceeds 3%,True,portfolio drift 3.1% exceeds 3%,True,,Two-fund 30%/70% (risk 3),3,bands
2026-07-02,118802.02302390164,0.0,0.039695167908885276,0.003405,0.003405,0.2965951292646406,0,,False,,False,,Two-fund 30%/70% (risk 3),3,bands
2026-07-16,118212.14556423022,0.0,0.04128632442843916,0.003407,0.003407,0.2965927334226046,0,,False,,False,,Two-fund 30%/70% (risk 3),3,bands
2026-07-30,117582.03337895122,0.0,0.04287748094799393,0.005237,0.005237,0.29476308661860334,0,,False,,False,,Two-fund 30%/70% (risk 3),3,bands
2026-08-13,119378.98970323722,0.0,0.041021574928013615,0.002933,0.002933,0.30293306731938496,0,,False,,False,,Two-fund 30%/70% (risk 3),3,bands
2026-08-27,118923.9992101273,0.0,0.042690815006467764,0.000842,0.000842,0.30084158949166695,0,,False,,False,,Two-fund 30%/70% (risk 3),3,bands
2026-09-11,118016.42127120457,0.0,0.04074844074844042,0.003002,0.003002,0.3030022710257301,0,,False,,False,,Two-fund 30%/70% (risk 3),3,bands
2021-09-27,100000.0,100000.0,0.0020569493304460895,0.5,0.5,0.0,2,"2 holding(s) outside tolerance band: AGBP.L, VWRL.L; portfolio drift 50.0% exceeds 3%; growth weight 0.0% outside policy range 45%–55%",True,initial,True,,Two-fund 50%/50% (risk 5),5,bands
2021-10-11,99748.13282711015,0.0,0.0021055516074988123,0.002205,0.002205,0.502204701942595,0,,False,,False,,Two-fund 50%/50% (risk 5),5,bands
2021-10-25,100889.67955927306,0.0,0.0020556882660895948,0.006683,0.006683,0.5066834170186814,0,,False,,False,,Two-fund 50%/50% (risk 5),5,bands
2021-11-08,103192.17561962912,0.0,0.001063562665438278,0.013461,0.013461,0.5134606755300687,0,,False,,False,,Two-fund 50%/50% (risk 5),5,bands
2021-11-22,103247.94167630223,0.0,0.0009140505292295487,0.016307,0.016307,0.5163070573499201,0,,False,,False,,Two-fund 50%/50% (risk 5),5,bands
2021-12-06,102426.49814248565,0.0,0.002844703108543678,0.00954,0.00954,0.5095395221776504,0,,False,,False,,Two-fund 50%/50% (risk 5),5,bands
2021-12-20,101932.68078873331,0.0,0.0026583432841948973,0.007877,0.007877,0.5078771399944069,0,,False,,False,,Two-fund 50%/50% (risk 5),5,bands
2022-01-06,101715.2319334631,0.0,0.0007135075807427338,0.013453,0.013453,0.5134528647915121,0,,False,,False,,Two-fund 50%/50% (risk 5),5,bands
2022-01-20,100637.9118320778,0.0,0.0007135075807427338,0.01039,0.01039,0.5103901851073714,0,,False,,False,,Two-fund 50%/50% (risk 5),5,bands
2022-02-03,99235.71333153342,0.0,0.0,0.007407,0.007407,0.5074072379676102,0,,False,,False,,Two-fund 50%/50% (risk 5),5,bands
2022-02-17,98153.15399861737,0.0,0.0,0.007644,0.007644,0.5076438625596262,0,,False,,False,,Two-fund 50%/50% (risk 5),5,bands
2022-03-03,97638.24441538285,0.0,0.0,0.003098,0.003098,0.5030975112527712,0,,False,,False,,Two-fund 50%/50% (risk 5),5,bands
2022-03-17,97758.23997172905,0.0,0.0,0.012171,0.012171,0.5121712507392991,0,,False,,False,,Two-fund 50%/50% (risk 5),5,bands
2022-03-31,99408.80178557959,0.0,0.0,0.022972,0.022972,0.5229717816615765,0,,False,,False,,Two-fund 50%/50% (risk 5),5,bands
2022-04-14,97171.3543611237,0.0,0.0008631147924713645,0.021708,0.021708,0.5217084120361707,0,,False,,False,,Two-fund 50%/50% (risk 5),5,bands
2022-05-03,96306.04249473728,0.0,0.0,0.021821,0.021821,0.5218206982756517,0,,False,,False,,Two-fund 50%/50% (risk 5),5,bands
2022-05-17,94926.81891662496,0.0,0.00016621143855055642,0.01621,0.01621,0.5162100765253889,0,,False,,False,,Two-fund 50%/50% (risk 5),5,bands
2022-05-31,95493.761632295,0.0,0.0005151721281426713,0.018367,0.018367,0.5183666701246987,0,,False,,False,,Two-fund 50%/50% (risk 5),5,bands
2022-06-16,90197.89697428118,0.0,0.0005405362223929178,0.005756,0.005756,0.5057556740281952,0,,False,,False,,Two-fund 50%/50% (risk 5),5,bands
2022-06-30,92355.57871114946,0.0,0.0017405359748439153,0.010088,0.010088,0.5100878747601004,0,,False,,False,,Two-fund 50%/50% (risk 5),5,bands
2022-07-14,92984.08212503158,0.0,0.00029248226182954085,0.011483,0.011483,0.5114831520027247,0,,False,,False,,Two-fund 50%/50% (risk 5),5,bands
2022-07-28,96037.56831132839,0.0,0.0017917368173772097,0.017205,0.017205,0.5172047960095874,0,,False,,False,,Two-fund 50%/50% (risk 5),5,bands
2022-08-11,97556.554616348,0.0,0.002242392889505007,0.027017,0.027017,0.527016748209787,0,,False,,False,,Two-fund 50%/50% (risk 5),5,bands
2022-08-25,97487.40541697759,0.0,0.0020425610392771354,0.03405,0.03405,0.5340496495998709,0,portfolio drift 3.4% exceeds 3%,True,portfolio drift 3.4% exceeds 3%,True,,Two-fund 50%/50% (risk 5),5,bands
2022-09-09,96354.86953462049,0.0,0.004690116126510713,0.001899,0.001899,0.5018990041133391,0,,False,,False,,Two-fund 50%/50% (risk 5),5,bands
2022-09-26,93632.3678909296,0.0,0.002991334760450215,0.000798,0.000798,0.5007982721978262,0,,False,,False,,Two-fund 50%/50% (risk 5),5,bands
2022-10-10,91718.59684695827,0.0,0.003191368817840212,0.003722,0.003722,0.49627811099647173,0,,True,re-optimisation,True,,Two-fund 50%/50% (risk 5),5,bands
2022-10-24,91524.98265100757,0.6620410948227118,0.006088465220061234,0.002944,0.002948,0.5029402943189452,0,,False,,False,,Two-fund 50%/50% (risk 5),5,bands
2022-11-07,92174.18020084084,0.6620410948227118,0.008337738800678896,0.0039735,0.003977,0.5039697175095399,0,,False,,False,,Two-fund 50%/50% (risk 5),5,bands
2022-11-21,93964.53761803606,0.6620410948227118,0.008137827377937557,0.0012745,0.001278,0.5012712098475349,0,,False,,False,,Two-fund 50%/50% (risk 5),5,bands
2022-12-05,94401.36442200567,0.6620410948227118,0.010580754643290557,0.0021315,0.002135,0.4978650811975214,0,,False,,False,,Two-fund 50%/50% (risk 5),5,bands
2022-12-19,92478.51046526337,0.6620410948227118,0.012452407313744418,0.0105335,0.010537,0.4894630929089916,0,,False,,False,,Two-fund 50%/50% (risk 5),5,bands
2023-01-05,93342.25014906241,0.6620410948227118,0.015022488802435952,0.0018254999999999999,0.001829,0.49817071996714385,0,,False,,False,,Two-fund 50%/50% (risk 5),5,bands
2023-01-19,94078.58787415073,0.6620410948227118,0.014014337235380703,0.0076775,0.007681,0.49231936864519665,0,,False,,False,,Two-fund 50%/50% (risk 5),5,bands
2023-02-02,97337.02529084751,0.6620410948227118,0.017393745651838044,0.0071185,0.007122,0.507115157091849,0,,False,,False,,Two-fund 50%/50% (risk 5),5,bands
2023-02-16,96438.65531570045,0.6620410948227118,0.01769636592704882,0.0135165,0.01352,0.513512790869679,0,,False,,False,,Two-fund 50%/50% (risk 5),5,bands
2023-03-02,94419.63075684663,0.6620410948227118,0.01769227175386412,0.0089355,0.008939,0.5089319572727858,0,,False,,False,,Two-fund 50%/50% (risk 5),5,bands
2023-03-16,94208.26732326286,0.6620410948227118,0.0188512956607223,0.0036115,0.003615,0.49638459036529614,0,,False,,False,,Two-fund 50%/50% (risk 5),5,bands
2023-03-30,95070.93022487036,0.6620410948227118,0.021068612278393628,0.0007105,0.000714,0.4992864445424615,0,,False,,False,,Two-fund 50%/50% (risk 5),5,bands
2023-04-17,95909.6741284531,0.6620410948227118,0.024149541088575255,0.0052945,0.005298,0.5052910256673641,0,,False,,False,,Two-fund 50%/50% (risk 5),5,bands
2023-05-02,95378.03719142961,0.6620410948227118,0.025956766578066226,0.0017025,0.001706,0.49829399359423915,0,,False,,False,,Two-fund 50%/50% (risk 5),5,bands
2023-05-17,95594.16810031328,0.6620410948227118,0.02731740666509963,0.0011455,0.001149,0.5011423925217263,0,,False,,False,,Two-fund 50%/50% (risk 5),5,bands
2023-06-01,95665.07483778225,0.6620410948227118,0.028578123341973294,0.001709,0.001712,0.5017055247920869,0,,False,,False,,Two-fund 50%/50% (risk 5),5,bands
2023-06-15,96863.38221191439,0.6620410948227118,0.030026041339723752,0.0102745,0.010278,0.5102710138558652,0,,False,,False,,Two-fund 50%/50% (risk 5),5,bands
2023-06-29,96706.64499428362,0.6620410948227118,0.03141209387083532,0.0100545,0.010058,0.510051178057163,0,,False,,False,,Two-fund 50%/50% (risk 5),5,bands
2023-07-13,96419.41638246003,0.6620410948227118,0.0326378551496489,0.0072575,0.007261,0.5072540480971497,0,,False,,False,,Two-fund 50%/50% (risk 5),5,bands
2023-07-27,98133.43263844028,0.6620410948227118,0.03412429431881514,0.0155915,0.015595,0.5155881715911056,0,,False,,False,,Two-fund 50%/50% (risk 5),5,bands
2023-08-10,97586.03718821309,0.6620410948227118,0.03683801458854319,0.014161,0.014164,0.5141577022082567,0,,False,,False,,Two-fund 50%/50% (risk 5),5,bands
2023-08-24,96251.64013692536,0.6620410948227118,0.038375146974412244,0.010478999999999999,0.010482,0.5104755940531212,0,,False,,False,,Two-fund 50%/50% (risk 5),5,bands
2023-09-08,97507.13213782347,0.6620410948227118,0.04053030207727648,0.0164805,0.016484,0.5164772600260281,0,,False,,False,,Two-fund 50%/50% (risk 5),5,bands
2023-09-22,97165.49807857099,0.6620410948227118,0.04252915033942206,0.0182725,0.018276,0.5182693627851795,0,,False,,False,,Two-fund 50%/50% (risk 5),5,bands
2023-10-06,95585.1714538931,0.6620410948227118,0.04079231114554949,0.0167375,0.016741,0.5167337348250834,0,,True,re-optimisation,True,,Two-fund 50%/50% (risk 5),5,bands
2023-10-20,94942.22581523769,5.847074935787077,0.042222104915298875,0.000843,0.000874,0.49912635448936415,0,,False,,False,,Two-fund 50%/50% (risk 5),5,bands
2023-11-03,96756.58229267,5.847074935787077,0.04233242938246384,0.0013915,0.001422,0.4985782395018142,0,,False,,False,,Two-fund 50%/50% (risk 5),5,bands
2023-11-17,98450.55157549826,5.847074935787077,0.04492868732279143,0.0025195,0.002549,0.5024896313454971,0,,False,,False,,Two-fund 50%/50% (risk 5),5,bands
2023-12-01,98949.47149869426,5.847074935787077,0.041609344174142526,0.0012845,0.001314,0.4986856917710386,0,,False,,False,,Two-fund 50%/50% (risk 5),5,bands
2023-12-15,101306.743671043,5.847074935787077,0.04307831888115676,0.000176,0.000205,0.5001473516522298,0,,False,,False,,Two-fund 50%/50% (risk 5),5,bands
2024-01-03,101465.82973429597,5.847074935787077,0.045521747425057546,0.0009055000000000001,0.000934,0.5008765604796566,0,,False,,False,,Two-fund 50%/50% (risk 5),5,bands
2024-01-17,100892.49200540595,5.847074935787077,0.047494161581610905,0.001143,0.001172,0.5011137767042785,0,,False,,False,,Two-fund 50%/50% (risk 5),5,bands
2024-01-31,102723.33192009859,5.847074935787077,0.05133515778103148,0.0051845,0.005213,0.5051556605308034,0,,False,,False,,Two-fund 50%/50% (risk 5),5,bands
2024-02-14,103429.61902603741,5.847074935787077,0.05153275533601409,0.014354,0.014382,0.5143256391600817,0,,False,,False,,Two-fund 50%/50% (risk 5),5,bands
2024-02-28,104191.27589002991,5.847074935787077,0.05246529469373806,0.01691,0.016938,0.5168820889435087,0,,False,,False,,Two-fund 50%/50% (risk 5),5,bands
2024-03-13,105227.33268425748,5.847074935787077,0.05120242284342602,0.0180225,0.01805,0.5179949087005957,0,,False,,False,,Two-fund 50%/50% (risk 5),5,bands
2024-03-27,106491.94853812495,5.847074935787077,0.05347340844082238,0.022222,0.022249,0.5221945184310539,0,,False,,False,,Two-fund 50%/50% (risk 5),5,bands
2024-04-12,105955.54868864133,5.847074935787077,0.052002590308874996,0.0243465,0.024374,0.5243189564376837,0,,False,,False,,Two-fund 50%/50% (risk 5),5,bands
2024-04-26,105204.02679900345,5.847074935787077,0.055445703914053235,0.024327500000000002,0.024355,0.5242996147775565,0,,False,,False,,Two-fund 50%/50% (risk 5),5,bands
2024-05-13,106809.74649903456,5.847074935787077,0.05428886947290934,0.027312,0.027339,0.527284652556768,0,,False,,False,,Two-fund 50%/50% (risk 5),5,bands
2024-05-28,106467.52529395123,5.847074935787077,0.05587687287151022,0.0264235,0.026451,0.5263961042445733,0,,False,,False,,Two-fund 50%/50% (risk 5),5,bands
2024-06-11,106883.67517565741,5.847074935787077,0.053686340926178744,0.0263295,0.026357,0.5263023635649873,0,,False,,False,,Two-fund 50%/50% (risk 5),5,bands
2024-06-25,108358.36549736075,5.847074935787077,0.05679625722001713,0.028437,0.028464,0.5284097743504578,0,,False,,False,,Two-fund 50%/50% (risk 5),5,bands
2024-07-09,108869.4011817904,5.847074935787077,0.054748099984960996,0.03137,0.031397,0.5313432478135275,0,portfolio drift 3.1% exceeds 3%,True,portfolio drift 3.1% exceeds 3%,True,,Two-fund 50%/50% (risk 5),5,bands
2024-07-23,108875.8900053637,3.913440277065547,0.05689074765712787,0.0034799999999999996,0.003498,0.49650234502499385,0,,False,,False,,Two-fund 50%/50% (risk 5),5,bands
2024-08-06,107456.1606869365,3.913440277065547,0.052043810374899246,0.018244,0.018262,0.4817378027478381,0,,False,,False,,Two-fund 50%/50% (risk 5),5,bands
2024-08-20,109924.92720566879,3.913440277065547,0.05464209100279138,0.0091655,0.009183,0.4908165724194997,0,,False,,False,,Two-fund 50%/50% (risk 5),5,bands
2024-09-04,109222.89885157932,3.913440277065547,0.053657375388712625,0.014211999999999999,0.01423,0.4857702140705515,0,,False,,False,,Two-fund 50%/50% (risk 5),5,bands
2024-09-18,110079.26135468122,3.913440277065547,0.05541776678440624,0.0138685,0.013886,0.4861136774247431,0,,False,,False,,Two-fund 50%/50% (risk 5),5,bands
2024-10-02,111126.52565869705,3.913440277065547,0.05190912855466712,0.008808,0.008826,0.4911744603403947,0,,True,re-optimisation,True,,Two-fund 50%/50% (risk 5),5,bands
2024-10-16,112222.37401180228,0.0,0.05489751614146732,0.007453,0.007453,0.5074534956144375,0,,False,,False,,Two-fund 50%/50% (risk 5),5,bands
2024-10-30,111577.99777563338,0.0,0.05582490610684321,0.008048,0.008048,0.5080478926039309,0,,False,,False,,Two-fund 50%/50% (risk 5),5,bands
2024-11-13,113169.10946889751,0.0,0.053356199848418884,0.016699,0.016699,0.5166992489972511,0,,False,,False,,Two-fund 50%/50% (risk 5),5,bands
2024-11-27,114006.91060388663,0.0,0.05540829431429395,0.016285,0.016285,0.5162851327505134,0,,False,,False,,Two-fund 50%/50% (risk 5),5,bands
2024-12-11,115007.35847678948,0.0,0.05105630370722758,0.017622,0.017622,0.5176221764783498,0,,False,,False,,Two-fund 50%/50% (risk 5),5,bands
2024-12-27,113796.20467996353,0.0,0.05466885834074997,0.017533,0.017533,0.5175328707001235,0,,False,,False,,Two-fund 50%/50% (risk 5),5,bands
2025-01-13,113599.5718353313,0.0,0.050555732479343085,0.021647,0.021647,0.5216465377076697,0,,False,,False,,Two-fund 50%/50% (risk 5),5,bands
2025-01-27,115190.40027284034,0.0,0.05368117810837103,0.021415,0.021415,0.5214146703126489,0,,False,,False,,Two-fund 50%/50% (risk 5),5,bands
2025-02-10,116845.36874259349,0.0,0.05254418164383834,0.025995,0.025995,0.5259953185700239,0,,False,,False,,Two-fund 50%/50% (risk 5),5,bands
2025-02-24,115607.47007049384,0.0,0.053945648130302226,0.020711,0.020711,0.5207106690286244,0,,False,,False,,Two-fund 50%/50% (risk 5),5,bands
2025-03-10,112016.37735118039,0.0,0.05095650258973872,0.005318,0.005318,0.5053183468848247,0,,False,,False,,Two-fund 50%/50% (risk 5),5,bands
2025-03-24,112954.67143170143,0.0,0.050336781273096376,0.010819,0.010819,0.5108185153416058,0,,False,,False,,Two-fund 50%/50% (risk 5),5,bands
2025-04-07,106862.08501753735,0.0,0.04717785228876159,0.023292,0.023292,0.476708325225546,0,,False,,False,,Two-fund 50%/50% (risk 5),5,bands
2025-04-23,109478.72373127725,0.0,0.05067046192552316,0.009791,0.009791,0.4902089710616876,0,,False,,False,,Two-fund 50%/50% (risk 5),5,bands
2025-05-08,111923.25040101047,0.0,0.047625089610583204,0.000695,0.000695,0.5006954758210456,0,,False,,False,,Two-fund 50%/50% (risk 5),5,bands
2025-05-22,112446.99549540904,0.0,0.04926068536214068,0.007696,0.007696,0.5076963829072042,0,,False,,False,,Two-fund 50%/50% (risk 5),5,bands
2025-06-06,113832.5634219101,0.0,0.048046601449027726,0.009654,0.009654,0.5096542256441235,0,,False,,False,,Two-fund 50%/50% (risk 5),5,bands
2025-06-20,114072.40532688441,0.0,0.05064697859679046,0.007878,0.007878,0.5078776371682318,0,,False,,False,,Two-fund 50%/50% (risk 5),5,bands
2025-07-04,115844.75643265908,0.0,0.0485721014085807,0.013685,0.013685,0.5136854215494737,0,,False,,False,,Two-fund 50%/50% (risk 5),5,bands
2025-07-18,117021.99270175792,0.0,0.0503389300172139,0.019658,0.019658,0.5196575531035954,0,,False,,False,,Two-fund 50%/50% (risk 5),5,bands
2025-08-01,117341.8851326044,0.0,0.04693151837330212,0.018562,0.018562,0.5185622304907632,0,,False,,False,,Two-fund 50%/50% (risk 5),5,bands
2025-08-15,118281.73674493915,0.0,0.04889673811324591,0.022958,0.022958,0.5229581571993053,0,,False,,False,,Two-fund 50%/50% (risk 5),5,bands
2025-09-01,118695.90609529409,0.0,0.04628122795615042,0.023176,0.023176,0.5231756055498047,0,,False,,False,,Two-fund 50%/50% (risk 5),5,bands
2025-09-15,120582.28721510444,0.0,0.04751718617919187,0.025802,0.025802,0.5258019552978096,0,,False,,False,,Two-fund 50%/50% (risk 5),5,bands
2025-09-29,121605.29934687485,0.0,0.049422752745222454,0.030548,0.030548,0.5305478857737053,0,portfolio drift 3.1% exceeds 3%,True,re-optimisation,True,,Two-fund 50%/50% (risk 5),5,bands
2025-10-13,122264.99715366386,0.0,0.047276143890623734,0.000737,0.000737,0.5007367187381044,0,,False,,False,,Two-fund 50%/50% (risk 5),5,bands
2025-10-28,124869.12326993956,0.0,0.05035428673513942,0.009004,0.009004,0.5090040348740745,0,,False,,False,,Two-fund 50%/50% (risk 5),5,bands
2025-11-11,124898.30835511594,0.0,0.04744659550746966,0.009537,0.009537,0.5095371303770976,0,,False,,False,,Two-fund 50%/50% (risk 5),5,bands
2025-11-25,123702.15807455106,0.0,0.048775036293011054,0.004795,0.004795,0.5047945510378385,0,,False,,False,,Two-fund 50%/50% (risk 5),5,bands
2025-12-09,124193.428187367,0.0,0.044106876086209335,0.0087,0.0087,0.5086995194532962,0,,False,,False,,Two-fund 50%/50% (risk 5),5,bands
2025-12-23,124144.26131667716,0.0,0.0477731030049815,0.007505,0.007505,0.5075052165707635,0,,False,,False,,Two-fund 50%/50% (risk 5),5,bands
2026-01-09,125731.55740900133,0.0,0.04327308022262977,0.012268,0.012268,0.512268039942168,0,,False,,False,,Two-fund 50%/50% (risk 5),5,bands
2026-01-23,125007.5517063292,0.0,0.04358322706381634,0.010169,0.010169,0.5101691766619099,0,,False,,False,,Two-fund 50%/50% (risk 5),5,bands
2026-02-06,125408.93440295669,0.0,0.04256577602962608,0.010043,0.010043,0.5100430590392016,0,,False,,False,,Two-fund 50%/50% (risk 5),5,bands
2026-02-20,127119.71184232067,0.0,0.044729272266946785,0.012981,0.012981,0.5129813551216349,0,,False,,False,,Two-fund 50%/50% (risk 5),5,bands
2026-03-06,125954.33166500632,0.0,0.04208314547480785,0.010267,0.010267,0.5102672458177239,0,,False,,False,,Two-fund 50%/50% (risk 5),5,bands
2026-03-20,122619.35987637879,0.0,0.04369943770044249,0.003282,0.003282,0.5032817646567622,0,,False,,False,,Two-fund 50%/50% (risk 5),5,bands
2026-04-07,123681.74133424473,0.0,0.041640191468633514,0.006743,0.006743,0.5067433295619772,0,,False,,False,,Two-fund 50%/50% (risk 5),5,bands
2026-04-21,127733.25856442397,0.0,0.04299572160799836,0.018335,0.018335,0.518335006454482,0,,False,,False,,Two-fund 50%/50% (risk 5),5,bands
2026-05-06,129564.81063272453,0.0,0.04080685318816779,0.025554,0.025554,0.525553770704702,0,,False,,False,,Two-fund 50%/50% (risk 5),5,bands
2026-05-20,130011.32694174876,0.0,0.04232603283116054,0.029736,0.029736,0.5297362445700822,0,,False,,False,,Two-fund 50%/50% (risk 5),5,bands
2026-06-04,132177.06525883268,0.0,0.040178196183912496,0.034579,0.034579,0.5345788295915215,0,portfolio drift 3.5% exceeds 3%,True,portfolio drift 3.5% exceeds 3%,True,,Two-fund 50%/50% (risk 5),5,bands
2026-06-18,133304.52247606777,0.0,0.04185929225855278,0.002035,0.002035,0.5020353500131542,0,,False,,False,,Two-fund 50%/50% (risk 5),5,bands
2026-07-02,132168.88841186414,0.0,0.039695167908885276,0.002028,0.002028,0.4979723460464046,0,,False,,False,,Two-fund 50%/50% (risk 5),5,bands
2026-07-16,131512.33747080358,0.0,0.04128632442843916,0.002031,0.002031,0.49796947511599604,0,,False,,False,,Two-fund 50%/50% (risk 5),5,bands
2026-07-30,130580.30794060674,0.0,0.04287748094799393,0.004227,0.004227,0.4957731307955761,0,,False,,False,,Two-fund 50%/50% (risk 5),5,bands
2026-08-13,133623.2696812878,0.0,0.041021574928013615,0.005521,0.005521,0.5055208811092012,0,,False,,False,,Two-fund 50%/50% (risk 5),5,bands
2026-08-27,132846.89273538283,0.0,0.042690815006467764,0.00304,0.00304,0.5030400827999082,0,,False,,False,,Two-fund 50%/50% (risk 5),5,bands
2026-09-11,132106.89019910866,0.0,0.04074844074844042,0.005603,0.005603,0.5056027966709801,0,,False,,False,,Two-fund 50%/50% (risk 5),5,bands
2021-09-27,100000.0,100000.0,0.0020569493304460895,0.5,0.7,0.0,2,"2 holding(s) outside tolerance band: AGBP.L, VWRL.L; portfolio drift 50.0% exceeds 3%; growth weight 0.0% outside policy range 65%–75%",True,initial,True,,Two-fund 70%/30% (risk 7),7,bands
2021-10-11,99924.0647488815,0.0,0.0021055516074988123,0.001849,0.001849,0.7018486889852221,0,,False,,False,,Two-fund 70%/30% (risk 7),7,bands
2021-10-25,101429.10980037367,0.0,0.0020556882660895948,0.005584,0.005584,0.7055842129963518,0,,False,,False,,Two-fund 70%/30% (risk 7),7,bands
2021-11-08,104303.40473423529,0.0,0.001063562665438278,0.011187,0.011187,0.7111865051127473,0,,False,,False,,Two-fund 70%/30% (risk 7),7,bands
2021-11-22,104594.87776124357,0.0,0.0009140505292295487,0.013522,0.013522,0.713521531067867,0,,False,,False,,Two-fund 70%/30% (risk 7),7,bands
2021-12-06,103208.1780229731,0.0,0.002844703108543678,0.007953,0.007953,0.7079525081271092,0,,False,,False,,Two-fund 70%/30% (risk 7),7,bands
2021-12-20,102575.03118599574,0.0,0.0026583432841948973,0.006575,0.006575,0.7065753615604812,0,,False,,False,,Two-fund 70%/30% (risk 7),7,bands
2022-01-06,102809.92094341366,0.0,0.0007135075807427338,0.01118,0.01118,0.711180083107745,0,,False,,False,,Two-fund 70%/30% (risk 7),7,bands
2022-01-20,101474.4290582815,0.0,0.0007135075807427338,0.008656,0.008656,0.7086558071394459,0,,False,,False,,Two-fund 70%/30% (risk 7),7,bands
2022-02-03,99823.7633663592,0.0,0.0,0.006185,0.006185,0.7061854263528513,0,,False,,False,,Two-fund 70%/30% (risk 7),7,bands
2022-02-17,98753.3693737848,0.0,0.0,0.006382,0.006382,0.7063818191513077,0,,False,,False,,Two-fund 70%/30% (risk 7),7,bands
2022-03-03,97880.19286400484,0.0,0.0,0.002595,0.002595,0.702595477834888,0,,False,,False,,Two-fund 70%/30% (risk 7),7,bands
2022-03-17,98710.11201215186,0.0,0.0,0.010125,0.010125,0.7101252609491608,0,,False,,False,,Two-fund 70%/30% (risk 7),7,bands
2022-03-31,101235.67961746542,0.0,0.0,0.018948,0.018948,0.7189480796763396,0,,False,,False,,Two-fund 70%/30% (risk 7),7,bands
2022-04-14,98858.90299999093,0.0,0.0008631147924713645,0.017924,0.017924,0.7179237885212094,0,,False,,False,,Two-fund 70%/30% (risk 7),7,bands
2022-05-03,97987.21457105709,0.0,0.0,0.018015,0.018015,0.7180149082496441,0,,False,,False,,Two-fund 70%/30% (risk 7),7,bands
2022-05-17,96157.83571578516,0.0,0.00016621143855055642,0.013442,0.013442,0.7134421457127907,0,,False,,False,,Two-fund 70%/30% (risk 7),7,bands
2022-05-31,96896.88356738859,0.0,0.0005151721281426713,0.015205,0.015205,0.7152045966558217,0,,False,,False,,Two-fund 70%/30% (risk 7),7,bands
2022-06-16,90613.21672869135,0.0,0.0005405362223929178,0.004813,0.004813,0.7048126063489873,0,,False,,False,,Two-fund 70%/30% (risk 7),7,bands
2022-06-30,93100.91592029721,0.0,0.0017405359748439153,0.008406,0.008406,0.7084059760515687,0,,False,,False,,Two-fund 70%/30% (risk 7),7,bands
2022-07-14,93838.28240413204,0.0,0.00029248226182954085,0.009558,0.009558,0.7095580425182205,0,,False,,False,,Two-fund 70%/30% (risk 7),7,bands
2022-07-28,97359.41372897096,0.0,0.0017917368173772097,0.014256,0.014256,0.7142558139512676,0,,False,,False,,Two-fund 70%/30% (risk 7),7,bands
2022-08-11,99665.08331417537,0.0,0.002242392889505007,0.022214,0.022214,0.7222139495508136,0,,False,,False,,Two-fund 70%/30% (risk 7),7,bands
2022-08-25,100142.93501285651,0.0,0.0020425610392771354,0.027843,0.027843,0.727843262985201,0,,False,,False,,Two-fund 70%/30% (risk 7),7,bands
2022-09-09,99169.78774515266,0.0,0.004690116126510713,0.029206,0.029206,0.729206084467294,0,,False,,False,,Two-fund 70%/30% (risk 7),7,bands
2022-09-26,96271.30290022763,0.0,0.002991334760450215,0.028336,0.028336,0.7283357786754973,0,,False,,False,,Two-fund 70%/30% (risk 7),7,bands
2022-10-10,93915.62580881163,0.0,0.003191368817840212,0.024744,0.024744,0.7247435043090578,0,,True,re-optimisation,True,,Two-fund 70%/30% (risk 7),7,bands
2022-10-24,93897.93798077572,0.0,0.006088465220061234,0.002714,0.002714,0.7027135021041243,0,,False,,False,,Two-fund 70%/30% (risk 7),7,bands
2022-11-07,94641.76067139645,0.0,0.008337738800678896,0.003573,0.003573,0.7035730254595298,0,,False,,False,,Two-fund 70%/30% (risk 7),7,bands
2022-11-21,96272.17590554428,0.0,0.008137827377937557,0.001317,0.001317,0.7013167666491855,0,,False,,False,,Two-fund 70%/30% (risk 7),7,bands
2022-12-05,96456.12163065217,0.0,0.010580754643290557,0.001545,0.001545,0.6984549661598569,0,,False,,False,,Two-fund 70%/30% (risk 7),7,bands
2022-12-19,93854.39537452611,0.0,0.012452407313744418,0.008672,0.008672,0.6913284451081683,0,,False,,False,,Two-fund 70%/30% (risk 7),7,bands
2023-01-05,95397.3388717942,0.0,0.015022488802435952,0.001288,0.001288,0.6987124320984099,0,,False,,False,,Two-fund 70%/30% (risk 7),7,bands
2023-01-19,95698.58576008951,0.0,0.014014337235380703,0.006238,0.006238,0.6937619210282612,0,,False,,False,,Two-fund 70%/30% (risk 7),7,bands
2023-02-02,100193.84778775333,0.0,0.017393745651838044,0.006191,0.006191,0.7061905021235484,0,,False,,False,,Two-fund 70%/30% (risk 7),7,bands
2023-02-16,99774.92527394168,0.0,0.01769636592704882,0.011474,0.011474,0.7114743823652412,0,,False,,False,,Two-fund 70%/30% (risk 7),7,bands
2023-03-02,97331.45111338786,0.0,0.01769227175386412,0.007697,0.007697,0.7076965660715518,0,,False,,False,,Two-fund 70%/30% (risk 7),7,bands
2023-03-16,96144.4753240915,0.0,0.0188512956607223,0.002794,0.002794,0.6972061993454665,0,,False,,False,,Two-fund 70%/30% (risk 7),7,bands
2023-03-30,97251.04813804518,0.0,0.021068612278393628,0.000349,0.000349,0.6996510568049884,0,,False,,False,,Two-fund 70%/30% (risk 7),7,bands
2023-04-17,98581.16737914973,0.0,0.024149541088575255,0.004674,0.004674,0.7046741012144503,0,,False,,False,,Two-fund 70%/30% (risk 7),7,bands
2023-05-02,97487.59532843572,0.0,0.025956766578066226,0.001184,0.001184,0.6988161634312123,0,,False,,False,,Two-fund 70%/30% (risk 7),7,bands
2023-05-17,97931.73934897463,0.0,0.02731740666509963,0.001209,0.001209,0.7012087693502167,0,,False,,False,,Two-fund 70%/30% (risk 7),7,bands
2023-06-01,98048.5462434943,0.0,0.028578123341973294,0.00168,0.00168,0.7016804990541848,0,,False,,False,,Two-fund 70%/30% (risk 7),7,bands
2023-06-15,99956.91280875505,0.0,0.030026041339723752,0.008804,0.008804,0.7088036745875624,0,,False,,False,,Two-fund 70%/30% (risk 7),7,bands
2023-06-29,99777.73996133562,0.0,0.03141209387083532,0.008622,0.008622,0.7086220722883604,0,,False,,False,,Two-fund 70%/30% (risk 7),7,bands
2023-07-13,99260.28240313151,0.0,0.0326378551496489,0.006306,0.006306,0.7063058122413012,0,,False,,False,,Two-fund 70%/30% (risk 7),7,bands
2023-07-27,101695.31020608597,0.0,0.03412429431881514,0.013177,0.013177,0.7131769150959194,0,,False,,False,,Two-fund 70%/30% (risk 7),7,bands
2023-08-10,101013.60082956166,0.0,0.03683801458854319,0.012004,0.012004,0.7120040144617573,0,,False,,False,,Two-fund 70%/30% (risk 7),7,bands
2023-08-24,99341.77435553868,0.0,0.038375146974412244,0.008973,0.008973,0.7089726401941637,0,,False,,False,,Two-fund 70%/30% (risk 7),7,bands
2023-09-08,101117.34784219801,0.0,0.04053030207727648,0.013905,0.013905,0.7139046066523373,0,,False,,False,,Two-fund 70%/30% (risk 7),7,bands
2023-09-22,100905.82080208551,0.0,0.04252915033942206,0.015368,0.015368,0.7153682563109389,0,,False,,False,,Two-fund 70%/30% (risk 7),7,bands
2023-10-06,99144.31656973767,0.0,0.04079231114554949,0.014114,0.014114,0.7141143857230723,0,,True,re-optimisation,True,,Two-fund 70%/30% (risk 7),7,bands
2023-10-20,98407.70669668901,5.115464309292747,0.042222104915298875,0.0007019999999999999,0.000728,0.6992719945078585,0,,False,,False,,Two-fund 70%/30% (risk 7),7,bands
2023-11-03,100244.25125937189,5.115464309292747,0.04233242938246384,0.0011635,0.001189,0.6988109450468797,0,,False,,False,,Two-fund 70%/30% (risk 7),7,bands
2023-11-17,102318.80816399137,5.115464309292747,0.04492868732279143,0.0021190000000000002,0.002144,0.7020937729911958,0,,False,,False,,Two-fund 70%/30% (risk 7),7,bands
2023-12-01,102524.97457759769,5.115464309292747,0.041609344174142526,0.0010730000000000002,0.001098,0.6989016276870034,0,,False,,False,,Two-fund 70%/30% (risk 7),7,bands
2023-12-15,105090.2698560378,5.115464309292747,0.04307831888115676,0.000155,0.000179,0.7001307586000478,0,,False,,False,,Two-fund 70%/30% (risk 7),7,bands
2024-01-03,105316.6945663195,5.115464309292747,0.045521747425057546,0.000767,0.000791,0.7007427855248387,0,,False,,False,,Two-fund 70%/30% (risk 7),7,bands
2024-01-17,104741.46647470005,5.115464309292747,0.047494161581610905,0.0009664999999999999,0.000991,0.700941667073961,0,,False,,False,,Two-fund 70%/30% (risk 7),7,bands
2024-01-31,106986.67008841294,5.115464309292747,0.05133515778103148,0.004344000000000001,0.004368,0.7043199443990159,0,,False,,False,,Two-fund 70%/30% (risk 7),7,bands
2024-02-14,108509.31800546151,5.115464309292747,0.05153275533601409,0.0119275,0.011951,0.7119039475812015,0,,False,,False,,Two-fund 70%/30% (risk 7),7,bands
2024-02-28,109529.40645303027,5.115464309292747,0.05246529469373806,0.014022,0.014045,0.7139987325880729,0,,False,,False,,Two-fund 70%/30% (risk 7),7,bands
2024-03-13,110715.70310819501,5.115464309292747,0.05120242284342602,0.014931,0.014954,0.7149080153862521,0,,False,,False,,Two-fund 70%/30% (risk 7),7,bands
2024-03-27,112417.38418663014,5.115464309292747,0.05347340844082238,0.018347500000000003,0.01837,0.7183249350579669,0,,False,,False,,Two-fund 70%/30% (risk 7),7,bands
2024-04-12,112037.9386103345,5.115464309292747,0.052002590308874996,0.020067500000000002,0.02009,0.7200447536793771,0,,False,,False,,Two-fund 70%/30% (risk 7),7,bands
2024-04-26,111241.59742747512,5.115464309292747,0.055445703914053235,0.020052,0.020075,0.7200290534532242,0,,False,,False,,Two-fund 70%/30% (risk 7),7,bands
2024-05-13,113204.02372939423,5.115464309292747,0.05428886947290934,0.0224585,0.022481,0.7224361788849233,0,,False,,False,,Two-fund 70%/30% (risk 7),7,bands
2024-05-28,112762.81585703987,5.115464309292747,0.05587687287151022,0.0217435,0.021766,0.7217208456114051,0,,False,,False,,Two-fund 70%/30% (risk 7),7,bands
2024-06-11,113195.25194629325,5.115464309292747,0.053686340926178744,0.021668,0.021691,0.7216453608055938,0,,False,,False,,Two-fund 70%/30% (risk 7),7,bands
2024-06-25,114946.50185914905,5.115464309292747,0.05679625722001713,0.023363000000000002,0.023385,0.7233406372443747,0,,False,,False,,Two-fund 70%/30% (risk 7),7,bands
2024-07-09,115753.62298291872,5.115464309292747,0.054748099984960996,0.025713,0.025735,0.7256910097739575,0,,False,,False,,Two-fund 70%/30% (risk 7),7,bands
2024-07-23,115401.95698936694,5.115464309292747,0.05689074765712787,0.022876,0.022898,0.7228535959671503,0,,False,,False,,Two-fund 70%/30% (risk 7),7,bands
2024-08-06,112374.44460731646,5.115464309292747,0.052043810374899246,0.010884000000000001,0.010907,0.7108614874489135,0,,False,,False,,Two-fund 70%/30% (risk 7),7,bands
2024-08-20,115913.98007349498,5.115464309292747,0.05464209100279138,0.018296,0.018318,0.7182738971980762,0,,False,,False,,Two-fund 70%/30% (risk 7),7,bands
2024-09-04,114644.71491086252,5.115464309292747,0.053657375388712625,0.0141915,0.014214,0.714169072885142,0,,False,,False,,Two-fund 70%/30% (risk 7),7,bands
2024-09-18,115579.85229306859,5.115464309292747,0.05541776678440624,0.014471999999999999,0.014494,0.7144497844975651,0,,False,,False,,Two-fund 70%/30% (risk 7),7,bands
2024-10-02,117219.1854155147,5.115464309292747,0.05190912855466712,0.018585499999999998,0.018607,0.7185637618502082,0,,True,re-optimisation,True,,Two-fund 70%/30% (risk 7),7,bands
2024-10-16,119107.48885200504,14.779600159928577,0.05489751614146732,0.006248,0.00631,0.7061859541285843,0,,False,,False,,Two-fund 70%/30% (risk 7),7,bands
2024-10-30,118479.64920791646,14.779600159928577,0.05582490610684321,0.0067410000000000005,0.006803,0.7066785381716633,0,,False,,False,,Two-fund 70%/30% (risk 7),7,bands
2024-11-13,120995.45259422479,14.779600159928577,0.053356199848418884,0.013864999999999999,0.013926,0.7138042408378634,0,,False,,False,,Two-fund 70%/30% (risk 7),7,bands
2024-11-27,121851.22906799958,14.779600159928577,0.05540829431429395,0.0135265,0.013587,0.7134660720276013,0,,False,,False,,Two-fund 70%/30% (risk 7),7,bands
2024-12-11,123050.18939897013,14.779600159928577,0.05105630370722758,0.014620000000000001,0.01468,0.7145599320687741,0,,False,,False,,Two-fund 70%/30% (risk 7),7,bands
2024-12-27,121745.91253917094,14.779600159928577,0.05466885834074997,0.0145465,0.014607,0.7144860781015597,0,,False,,False,,Two-fund 70%/30% (risk 7),7,bands
2025-01-13,121930.05167324915,14.779600159928577,0.050555732479343085,0.0178955,0.017956,0.717835131648071,0,,False,,False,,Two-fund 70%/30% (risk 7),7,bands
2025-01-27,123614.78524893644,14.779600159928577,0.05368117810837103,0.017708,0.017768,0.7176481313416391,0,,False,,False,,Two-fund 70%/30% (risk 7),7,bands
2025-02-10,125842.39189353428,14.779600159928577,0.05254418164383834,0.021413500000000002,0.021472,0.721354692913633,0,,False,,False,,Two-fund 70%/30% (risk 7),7,bands
2025-02-24,123993.59972366045,14.779600159928577,0.053945648130302226,0.0171365,0.017196,0.7170765966129634,0,,False,,False,,Two-fund 70%/30% (risk 7),7,bands
2025-03-10,118686.9828543157,14.779600159928577,0.05095650258973872,0.0044729999999999995,0.004535,0.7044106991939452,0,,False,,False,,Two-fund 70%/30% (risk 7),7,bands
2025-03-24,120205.47712667723,14.779600159928577,0.050336781273096376,0.0090335,0.009095,0.7089718864303356,0,,False,,False,,Two-fund 70%/30% (risk 7),7,bands
2025-04-07,110645.57168426353,14.779600159928577,0.04717785228876159,0.0199085,0.019975,0.6800248550567256,0,,False,,False,,Two-fund 70%/30% (risk 7),7,bands
2025-04-23,114602.18170642474,14.779600159928577,0.05067046192552316,0.008262499999999999,0.008327,0.6916725473040096,0,,False,,False,,Two-fund 70%/30% (risk 7),7,bands
2025-05-08,118151.55063618658,14.779600159928577,0.047625089610583204,0.0006095,0.000672,0.7005465508536582,0,,False,,False,,Two-fund 70%/30% (risk 7),7,bands
2025-05-22,119368.91735892928,14.779600159928577,0.04926068536214068,0.0064495,0.006511,0.7063876760122401,0,,False,,False,,Two-fund 70%/30% (risk 7),7,bands
2025-06-06,121027.72865328583,14.779600159928577,0.048046601449027726,0.008072,0.008133,0.7080105122311877,0,,False,,False,,Two-fund 70%/30% (risk 7),7,bands
2025-06-20,121111.62308018336,14.779600159928577,0.05064697859679046,0.0066,0.006661,0.7065392756183095,0,,False,,False,,Two-fund 70%/30% (risk 7),7,bands
2025-07-04,123561.0624377357,14.779600159928577,0.0485721014085807,0.011394999999999999,0.011455,0.7113354144291599,0,,False,,False,,Two-fund 70%/30% (risk 7),7,bands
2025-07-18,125406.51872930222,14.779600159928577,0.0503389300172139,0.01628,0.016339,0.7162210232279546,0,,False,,False,,Two-fund 70%/30% (risk 7),7,bands
2025-08-01,125640.79380330574,14.779600159928577,0.04693151837330212,0.0153875,0.015446,0.7153288066050202,0,,False,,False,,Two-fund 70%/30% (risk 7),7,bands
2025-08-15,127085.92261057689,14.779600159928577,0.04889673811324591,0.018959999999999998,0.019018,0.7189019004218279,0,,False,,False,,Two-fund 70%/30% (risk 7),7,bands
2025-09-01,127552.65635145357,14.779600159928577,0.04628122795615042,0.019136,0.019194,0.7190782648933494,0,,False,,False,,Two-fund 70%/30% (risk 7),7,bands
2025-09-15,129846.89567547782,14.779600159928577,0.04751718617919187,0.021258,0.021315,0.7212014421437477,0,,False,,False,,Two-fund 70%/30% (risk 7),7,bands
2025-09-29,131435.57052477266,14.779600159928577,0.049422752745222454,0.025070500000000003,0.025127,0.7250143762589706,0,,True,re-optimisation,True,,Two-fund 70%/30% (risk 7),7,bands
2025-10-13,132222.90351485342,0.0,0.047276143890623734,0.000637,0.000637,0.7006374394405841,0,,False,,False,,Two-fund 70%/30% (risk 7),7,bands
2025-10-28,135931.81089085346,0.0,0.05035428673513942,0.007528,0.007528,0.7075280040972094,0,,False,,False,,Two-fund 70%/30% (risk 7),7,bands
2025-11-11,136021.15759742458,0.0,0.04744659550746966,0.007969,0.007969,0.7079692187464698,0,,False,,False,,Two-fund 70%/30% (risk 7),7,bands
2025-11-25,134211.17584855898,0.0,0.048775036293011054,0.004031,0.004031,0.7040308702383524,0,,False,,False,,Two-fund 70%/30% (risk 7),7,bands
2025-12-09,135163.55009067053,0.0,0.044106876086209335,0.007276,0.007276,0.7072758052306343,0,,False,,False,,Two-fund 70%/30% (risk 7),7,bands
2025-12-23,134981.83053855473,0.0,0.0477731030049815,0.006286,0.006286,0.70628550770032,0,,False,,False,,Two-fund 70%/30% (risk 7),7,bands
2026-01-09,137225.5263815304,0.0,0.04327308022262977,0.010224,0.010224,0.7102236014981219,0,,False,,False,,Two-fund 70%/30% (risk 7),7,bands
2026-01-23,136208.45233454488,0.0,0.04358322706381634,0.008492,0.008492,0.7084918459585575,0,,False,,False,,Two-fund 70%/30% (risk 7),7,bands
2026-02-06,136632.1228526374,0.0,0.04256577602962608,0.008388,0.008388,0.7083876035388882,0,,False,,False,,Two-fund 70%/30% (risk 7),7,bands
2026-02-20,138818.99186356907,0.0,0.044729272266946785,0.010811,0.010811,0.7108108416256196,0,,False,,False,,Two-fund 70%/30% (risk 7),7,bands
2026-03-06,137250.74680532885,0.0,0.04208314547480785,0.008573,0.008573,0.7085728905196617,0,,False,,False,,Two-fund 70%/30% (risk 7),7,bands
2026-03-20,132875.9849170855,0.0,0.04369943770044249,0.002768,0.002768,0.7027683463506755,0,,False,,False,,Two-fund 70%/30% (risk 7),7,bands
2026-04-07,134397.44871225214,0.0,0.041640191468633514,0.005653,0.005653,0.7056527793048208,0,,False,,False,,Two-fund 70%/30% (risk 7),7,bands
2026-04-21,140080.3409284493,0.0,0.04299572160799836,0.015197,0.015197,0.7151971761836263,0,,False,,False,,Two-fund 70%/30% (risk 7),7,bands
2026-05-06,142897.7151604805,0.0,0.04080685318816779,0.021053,0.021053,0.7210533275707897,0,,False,,False,,Two-fund 70%/30% (risk 7),7,bands
2026-05-20,143860.39296668596,0.0,0.04232603283116054,0.024416,0.024416,0.7244160871564391,0,,False,,False,,Two-fund 70%/30% (risk 7),7,bands
2026-06-04,146810.32441322587,0.0,0.040178196183912496,0.028282,0.028282,0.7282822270494475,0,,False,,False,,Two-fund 70%/30% (risk 7),7,bands
2026-06-18,148367.9043686245,0.0,0.04185929225855278,0.029742,0.029742,0.7297421300317172,0,,False,,False,,Two-fund 70%/30% (risk 7),7,bands
2026-07-02,146559.5481702328,0.0,0.039695167908885276,0.026525,0.026525,0.7265249719393707,0,,False,,False,,Two-fund 70%/30% (risk 7),7,bands
2026-07-16,145831.1286496361,0.0,0.04128632442843916,0.026523,0.026523,0.7265226902361223,0,,False,,False,,Two-fund 70%/30% (risk 7),7,bands
2026-07-30,144506.87393600005,0.0,0.04287748094799393,0.024774,0.024774,0.72477360496361,0,,False,,False,,Two-fund 70%/30% (risk 7),7,bands
2026-08-13,149194.83003933312,0.0,0.041021574928013615,0.032483,0.032483,0.7324831191951048,0,portfolio drift 3.2% exceeds 3%,True,portfolio drift 3.2% exceeds 3%,True,,Two-fund 70%/30% (risk 7),7,bands
2026-08-27,148025.35175088083,0.0,0.042690815006467764,0.002011,0.002011,0.6979888913872051,0,,False,,False,,Two-fund 70%/30% (risk 7),7,bands
2026-09-11,147494.97580285996,0.0,0.04074844074844042,0.000146,0.000146,0.7001455456994558,0,,False,,False,,Two-fund 70%/30% (risk 7),7,bands
2021-09-27,100000.0,100000.0,0.0020569493304460895,0.5,1.0,0.0,1,1 holding(s) outside tolerance band: VWRL.L; portfolio drift 50.0% exceeds 3%; growth weight 0.0% outside policy range 95%–100%,True,initial,True,,Two-fund 100%/0% (risk 10),10,bands
2021-10-11,100187.96263153847,0.0,0.0021055516074988123,0.0,0.0,1.0,0,,False,,False,,Two-fund 100%/0% (risk 10),10,bands
2021-10-25,102238.25516202456,0.0,0.0020556882660895948,0.0,0.0,1.0,0,,False,,False,,Two-fund 100%/0% (risk 10),10,bands
2021-11-08,105970.24840614451,0.0,0.001063562665438278,0.0,0.0,1.0,0,,False,,False,,Two-fund 100%/0% (risk 10),10,bands
2021-11-22,106615.28188865556,0.0,0.0009140505292295487,0.0,0.0,1.0,0,,False,,False,,Two-fund 100%/0% (risk 10),10,bands
2021-12-06,104380.69784370427,0.0,0.002844703108543678,0.0,0.0,1.0,0,,False,,False,,Two-fund 100%/0% (risk 10),10,bands
2021-12-20,103538.55678188939,0.0,0.0026583432841948973,0.0,0.0,1.0,0,,False,,False,,Two-fund 100%/0% (risk 10),10,bands
2022-01-06,104451.95445833945,0.0,0.0007135075807427338,0.0,0.0,1.0,0,,False,,False,,Two-fund 100%/0% (risk 10),10,bands
2022-01-20,102729.20489758703,0.0,0.0007135075807427338,0.0,0.0,1.0,0,,False,,False,,Two-fund 100%/0% (risk 10),10,bands
2022-02-03,100705.83841859786,0.0,0.0,0.0,0.0,1.0,0,,False,,False,,Two-fund 100%/0% (risk 10),10,bands
2022-02-17,99653.69243653589,0.0,0.0,0.0,0.0,1.0,0,,False,,False,,Two-fund 100%/0% (risk 10),10,bands
2022-03-03,98243.11553693781,0.0,0.0,0.0,0.0,1.0,0,,False,,False,,Two-fund 100%/0% (risk 10),10,bands
2022-03-17,100137.92007278604,0.0,0.0,0.0,0.0,1.0,0,,False,,False,,Two-fund 100%/0% (risk 10),10,bands
2022-03-31,103975.99636529415,0.0,0.0,0.0,0.0,1.0,0,,False,,False,,Two-fund 100%/0% (risk 10),10,bands
2022-04-14,101390.22595829175,0.0,0.0008631147924713645,0.0,0.0,1.0,0,,False,,False,,Two-fund 100%/0% (risk 10),10,bands
2022-05-03,100508.97268553678,0.0,0.0,0.0,0.0,1.0,0,,False,,False,,Two-fund 100%/0% (risk 10),10,bands
2022-05-17,98004.36091452542,0.0,0.00016621143855055642,0.0,0.0,1.0,0,,False,,False,,Two-fund 100%/0% (risk 10),10,bands
2022-05-31,99001.56647002895,0.0,0.0005151721281426713,0.0,0.0,1.0,0,,False,,False,,Two-fund 100%/0% (risk 10),10,bands
2022-06-16,91236.19636030657,0.0,0.0005405362223929178,0.0,0.0,1.0,0,,False,,False,,Two-fund 100%/0% (risk 10),10,bands
2022-06-30,94218.9217340188,0.0,0.0017405359748439153,0.0,0.0,1.0,0,,False,,False,,Two-fund 100%/0% (risk 10),10,bands
2022-07-14,95119.58282278272,0.0,0.00029248226182954085,0.0,0.0,1.0,0,,False,,False,,Two-fund 100%/0% (risk 10),10,bands
2022-07-28,99342.18185543481,0.0,0.0017917368173772097,0.0,0.0,1.0,0,,False,,False,,Two-fund 100%/0% (risk 10),10,bands
2022-08-11,102827.87636091642,0.0,0.002242392889505007,0.0,0.0,1.0,0,,False,,False,,Two-fund 100%/0% (risk 10),10,bands
2022-08-25,104126.22940667487,0.0,0.0020425610392771354,0.0,0.0,1.0,0,,False,,False,,Two-fund 100%/0% (risk 10),10,bands
2022-09-09,103307.4465987077,0.0,0.004690116126510713,0.0,0.0,1.0,0,,False,,False,,Two-fund 100%/0% (risk 10),10,bands
2022-09-26,100168.3348027742,0.0,0.002991334760450215,0.0,0.0,1.0,0,,False,,False,,Two-fund 100%/0% (risk 10),10,bands
2022-10-10,97235.34251150902,0.0,0.003191368817840212,0.0,0.0,1.0,0,,True,re-optimisation,False,,Two-fund 100%/0% (risk 10),10,bands
2022-10-24,97593.8846193843,0.0,0.006088465220061234,0.0,0.0,1.0,0,,False,,False,,Two-fund 100%/0% (risk 10),10,bands
2022-11-07,98487.30263664409,0.0,0.008337738800678896,0.0,0.0,1.0,0,,False,,False,,Two-fund 100%/0% (risk 10),10,bands
2022-11-21,99862.69014473881,0.0,0.008137827377937557,0.0,0.0,1.0,0,,False,,False,,Two-fund 100%/0% (risk 10),10,bands
2022-12-05,99645.21687181288,0.0,0.010580754643290557,0.0,0.0,1.0,0,,False,,False,,Two-fund 100%/0% (risk 10),10,bands
2022-12-19,95968.18788572757,0.0,0.012452407313744418,0.0,0.0,1.0,0,,False,,False,,Two-fund 100%/0% (risk 10),10,bands
2023-01-05,98587.756181048,0.0,0.015022488802435952,0.0,0.0,1.0,0,,False,,False,,Two-fund 100%/0% (risk 10),10,bands
2023-01-19,98198.3589474038,0.0,0.014014337235380703,0.0,0.0,1.0,0,,False,,False,,Two-fund 100%/0% (risk 10),10,bands
2023-02-02,104652.87871950536,0.0,0.017393745651838044,0.0,0.0,1.0,0,,False,,False,,Two-fund 100%/0% (risk 10),10,bands
2023-02-16,104995.07547004984,0.0,0.01769636592704882,0.0,0.0,1.0,0,,False,,False,,Two-fund 100%/0% (risk 10),10,bands
2023-03-02,101879.90660346793,0.0,0.01769227175386412,0.0,0.0,1.0,0,,False,,False,,Two-fund 100%/0% (risk 10),10,bands
2023-03-16,99145.6867596803,0.0,0.0188512956607223,0.0,0.0,1.0,0,,False,,False,,Two-fund 100%/0% (risk 10),10,bands
2023-03-30,100638.4725726663,0.0,0.021068612278393628,0.0,0.0,1.0,0,,False,,False,,Two-fund 100%/0% (risk 10),10,bands
2023-04-17,102747.32369955098,0.0,0.024149541088575255,0.0,0.0,1.0,0,,False,,False,,Two-fund 100%/0% (risk 10),10,bands
2023-05-02,100762.87515662964,0.0,0.025956766578066226,0.0,0.0,1.0,0,,False,,False,,Two-fund 100%/0% (risk 10),10,bands
2023-05-17,101568.50459106013,0.0,0.02731740666509963,0.0,0.0,1.0,0,,False,,False,,Two-fund 100%/0% (risk 10),10,bands
2023-06-01,101758.0596726771,0.0,0.028578123341973294,0.0,0.0,1.0,0,,False,,False,,Two-fund 100%/0% (risk 10),10,bands
2023-06-15,104791.73871758937,0.0,0.030026041339723752,0.0,0.0,1.0,0,,False,,False,,Two-fund 100%/0% (risk 10),10,bands
2023-06-29,104577.09891856121,0.0,0.03141209387083532,0.0,0.0,1.0,0,,False,,False,,Two-fund 100%/0% (risk 10),10,bands
2023-07-13,103694.69489927003,0.0,0.0326378551496489,0.0,0.0,1.0,0,,False,,False,,Two-fund 100%/0% (risk 10),10,bands
2023-07-27,107272.01881800221,0.0,0.03412429431881514,0.0,0.0,1.0,0,,False,,False,,Two-fund 100%/0% (risk 10),10,bands
2023-08-10,106377.68783831917,0.0,0.03683801458854319,0.0,0.0,1.0,0,,False,,False,,Two-fund 100%/0% (risk 10),10,bands
2023-08-24,104171.67324128874,0.0,0.038375146974412244,0.0,0.0,1.0,0,,False,,False,,Two-fund 100%/0% (risk 10),10,bands
2023-09-08,106771.19565280496,0.0,0.04053030207727648,0.0,0.0,1.0,0,,False,,False,,Two-fund 100%/0% (risk 10),10,bands
2023-09-22,106766.2860950623,0.0,0.04252915033942206,0.0,0.0,1.0,0,,False,,False,,Two-fund 100%/0% (risk 10),10,bands
2023-10-06,104718.60710741767,0.0,0.04079231114554949,0.0,0.0,1.0,0,,True,re-optimisation,False,,Two-fund 100%/0% (risk 10),10,bands
2023-10-20,103832.48305640972,0.0,0.042222104915298875,0.0,0.0,1.0,0,,False,,False,,Two-fund 100%/0% (risk 10),10,bands
2023-11-03,105700.53082230725,0.0,0.04233242938246384,0.0,0.0,1.0,0,,False,,False,,Two-fund 100%/0% (risk 10),10,bands
2023-11-17,108394.83470125584,0.0,0.04492868732279143,0.0,0.0,1.0,0,,False,,False,,Two-fund 100%/0% (risk 10),10,bands
2023-12-01,108119.42208754469,0.0,0.041609344174142526,0.0,0.0,1.0,0,,False,,False,,Two-fund 100%/0% (risk 10),10,bands
2023-12-15,111019.60006636802,0.0,0.04307831888115676,0.0,0.0,1.0,0,,False,,False,,Two-fund 100%/0% (risk 10),10,bands
2024-01-03,111356.05804560786,0.0,0.045521747425057546,0.0,0.0,1.0,0,,False,,False,,Two-fund 100%/0% (risk 10),10,bands
2024-01-17,110779.27555770882,0.0,0.047494161581610905,0.0,0.0,1.0,0,,False,,False,,Two-fund 100%/0% (risk 10),10,bands
2024-01-31,113699.26326010069,0.0,0.05133515778103148,0.0,0.0,1.0,0,,False,,False,,Two-fund 100%/0% (risk 10),10,bands
2024-02-14,116559.1652514316,0.0,0.05153275533601409,0.0,0.0,1.0,0,,False,,False,,Two-fund 100%/0% (risk 10),10,bands
2024-02-28,118001.13063897158,0.0,0.05246529469373806,0.0,0.0,1.0,0,,False,,False,,Two-fund 100%/0% (risk 10),10,bands
2024-03-13,119431.08621853321,0.0,0.05120242284342602,0.0,0.0,1.0,0,,False,,False,,Two-fund 100%/0% (risk 10),10,bands
2024-03-27,121846.31836364731,0.0,0.05347340844082238,0.0,0.0,1.0,0,,False,,False,,Two-fund 100%/0% (risk 10),10,bands
2024-04-12,121725.78768449968,0.0,0.052002590308874996,0.0,0.0,1.0,0,,False,,False,,Two-fund 100%/0% (risk 10),10,bands
2024-04-26,120857.95208119454,0.0,0.055445703914053235,0.0,0.0,1.0,0,,False,,False,,Two-fund 100%/0% (risk 10),10,bands
2024-05-13,123401.18895358546,0.0,0.05428886947290934,0.0,0.0,1.0,0,,False,,False,,Two-fund 100%/0% (risk 10),10,bands
2024-05-28,122798.52636194596,0.0,0.05587687287151022,0.0,0.0,1.0,0,,False,,False,,Two-fund 100%/0% (risk 10),10,bands
2024-06-11,123256.55581696887,0.0,0.053686340926178744,0.0,0.0,1.0,0,,False,,False,,Two-fund 100%/0% (risk 10),10,bands
2024-06-25,125457.49649424021,0.0,0.05679625722001713,0.0,0.0,1.0,0,,False,,False,,Two-fund 100%/0% (risk 10),10,bands
2024-07-09,126748.93802953343,0.0,0.054748099984960996,0.0,0.0,1.0,0,,False,,False,,Two-fund 100%/0% (risk 10),10,bands
2024-07-23,125869.79155427482,0.0,0.05689074765712787,0.0,0.0,1.0,0,,False,,False,,Two-fund 100%/0% (risk 10),10,bands
2024-08-06,120534.26883155663,0.0,0.052043810374899246,0.0,0.0,1.0,0,,False,,False,,Two-fund 100%/0% (risk 10),10,bands
2024-08-20,125627.26232732975,0.0,0.05464209100279138,0.0,0.0,1.0,0,,False,,False,,Two-fund 100%/0% (risk 10),10,bands
2024-09-04,123541.55723332266,0.0,0.053657375388712625,0.0,0.0,1.0,0,,False,,False,,Two-fund 100%/0% (risk 10),10,bands
2024-09-18,124598.22002981446,0.0,0.05541776678440624,0.0,0.0,1.0,0,,False,,False,,Two-fund 100%/0% (risk 10),10,bands
2024-10-02,127093.10905264244,0.0,0.05190912855466712,0.0,0.0,1.0,0,,True,re-optimisation,False,,Two-fund 100%/0% (risk 10),10,bands
2024-10-16,130281.69752163114,0.0,0.05489751614146732,0.0,0.0,1.0,0,,False,,False,,Two-fund 100%/0% (risk 10),10,bands
2024-10-30,129685.35239669474,0.0,0.05582490610684321,0.0,0.0,1.0,0,,False,,False,,Two-fund 100%/0% (risk 10),10,bands
2024-11-13,133774.53101146486,0.0,0.053356199848418884,0.0,0.0,1.0,0,,False,,False,,Two-fund 100%/0% (risk 10),10,bands
2024-11-27,134656.86664169753,0.0,0.05540829431429395,0.0,0.0,1.0,0,,False,,False,,Two-fund 100%/0% (risk 10),10,bands
2024-12-11,136190.31094351248,0.0,0.05105630370722758,0.0,0.0,1.0,0,,False,,False,,Two-fund 100%/0% (risk 10),10,bands
2024-12-27,134732.82781562427,0.0,0.05466885834074997,0.0,0.0,1.0,0,,False,,False,,Two-fund 100%/0% (risk 10),10,bands
2025-01-13,135569.1059744292,0.0,0.050555732479343085,0.0,0.0,1.0,0,,False,,False,,Two-fund 100%/0% (risk 10),10,bands
2025-01-27,137406.48874550746,0.0,0.05368117810837103,0.0,0.0,1.0,0,,False,,False,,Two-fund 100%/0% (risk 10),10,bands
2025-02-10,140605.10553646003,0.0,0.05254418164383834,0.0,0.0,1.0,0,,False,,False,,Two-fund 100%/0% (risk 10),10,bands
2025-02-24,137717.8017289092,0.0,0.053945648130302226,0.0,0.0,1.0,0,,False,,False,,Two-fund 100%/0% (risk 10),10,bands
2025-03-10,129495.38715339218,0.0,0.05095650258973872,0.0,0.0,1.0,0,,False,,False,,Two-fund 100%/0% (risk 10),10,bands
2025-03-24,132001.39943034897,0.0,0.050336781273096376,0.0,0.0,1.0,0,,False,,False,,Two-fund 100%/0% (risk 10),10,bands
2025-04-07,116542.43515473869,0.0,0.04717785228876159,0.0,0.0,1.0,0,,False,,False,,Two-fund 100%/0% (risk 10),10,bands
2025-04-23,122777.47258484442,0.0,0.05067046192552316,0.0,0.0,1.0,0,,False,,False,,Two-fund 100%/0% (risk 10),10,bands
2025-05-08,128204.033722258,0.0,0.047625089610583204,0.0,0.0,1.0,0,,False,,False,,Two-fund 100%/0% (risk 10),10,bands
2025-05-22,130604.94887541023,0.0,0.04926068536214068,0.0,0.0,1.0,0,,False,,False,,Two-fund 100%/0% (risk 10),10,bands
2025-06-06,132724.1197413776,0.0,0.048046601449027726,0.0,0.0,1.0,0,,False,,False,,Two-fund 100%/0% (risk 10),10,bands
2025-06-20,132540.13174422726,0.0,0.05064697859679046,0.0,0.0,1.0,0,,False,,False,,Two-fund 100%/0% (risk 10),10,bands
2025-07-04,136138.61552872945,0.0,0.0485721014085807,0.0,0.0,1.0,0,,False,,False,,Two-fund 100%/0% (risk 10),10,bands
2025-07-18,139120.92019661912,0.0,0.0503389300172139,0.0,0.0,1.0,0,,False,,False,,Two-fund 100%/0% (risk 10),10,bands
2025-08-01,139207.184896859,0.0,0.04693151837330212,0.0,0.0,1.0,0,,False,,False,,Two-fund 100%/0% (risk 10),10,bands
2025-08-15,141511.69817776312,0.0,0.04889673811324591,0.0,0.0,1.0,0,,False,,False,,Two-fund 100%/0% (risk 10),10,bands
2025-09-01,142066.25562185555,0.0,0.04628122795615042,0.0,0.0,1.0,0,,False,,False,,Two-fund 100%/0% (risk 10),10,bands
2025-09-15,145048.56028974525,0.0,0.04751718617919187,0.0,0.0,1.0,0,,False,,False,,Two-fund 100%/0% (risk 10),10,bands
2025-09-29,147599.46989425353,0.0,0.049422752745222454,0.0,0.0,1.0,0,,True,re-optimisation,False,,Two-fund 100%/0% (risk 10),10,bands
2025-10-13,148618.84212947512,0.0,0.047276143890623734,0.0,0.0,1.0,0,,False,,False,,Two-fund 100%/0% (risk 10),10,bands
2025-10-28,154290.28444665807,0.0,0.05035428673513942,0.0,0.0,1.0,0,,False,,False,,Two-fund 100%/0% (risk 10),10,bands
2025-11-11,154487.9767094508,0.0,0.04744659550746966,0.0,0.0,1.0,0,,False,,False,,Two-fund 100%/0% (risk 10),10,bands
2025-11-25,151584.3014868499,0.0,0.048775036293011054,0.0,0.0,1.0,0,,False,,False,,Two-fund 100%/0% (risk 10),10,bands
2025-12-09,153363.57898666183,0.0,0.044106876086209335,0.0,0.0,1.0,0,,False,,False,,Two-fund 100%/0% (risk 10),10,bands
2025-12-23,152942.94608091016,0.0,0.0477731030049815,0.0,0.0,1.0,0,,False,,False,,Two-fund 100%/0% (risk 10),10,bands
2026-01-09,156352.14679712037,0.0,0.04327308022262977,0.0,0.0,1.0,0,,False,,False,,Two-fund 100%/0% (risk 10),10,bands
2026-01-23,154814.90039152052,0.0,0.04358322706381634,0.0,0.0,1.0,0,,False,,False,,Two-fund 100%/0% (risk 10),10,bands
2026-02-06,155273.59625648317,0.0,0.04256577602962608,0.0,0.0,1.0,0,,False,,False,,Two-fund 100%/0% (risk 10),10,bands
2026-02-20,158298.49010040925,0.0,0.044729272266946785,0.0,0.0,1.0,0,,False,,False,,Two-fund 100%/0% (risk 10),10,bands
2026-03-06,156017.41997564628,0.0,0.04208314547480785,0.0,0.0,1.0,0,,False,,False,,Two-fund 100%/0% (risk 10),10,bands
2026-03-20,149807.14651699894,0.0,0.04369943770044249,0.0,0.0,1.0,0,,False,,False,,Two-fund 100%/0% (risk 10),10,bands
2026-04-07,152144.38323064492,0.0,0.041640191468633514,0.0,0.0,1.0,0,,False,,False,,Two-fund 100%/0% (risk 10),10,bands
2026-04-21,160722.5536833823,0.0,0.04299572160799836,0.0,0.0,1.0,0,,False,,False,,Two-fund 100%/0% (risk 10),10,bands
2026-05-06,165297.5867774727,0.0,0.04080685318816779,0.0,0.0,1.0,0,,False,,False,,Two-fund 100%/0% (risk 10),10,bands
2026-05-20,167187.2566270608,0.0,0.04232603283116054,0.0,0.0,1.0,0,,False,,False,,Two-fund 100%/0% (risk 10),10,bands
2026-06-04,171526.07624747214,0.0,0.040178196183912496,0.0,0.0,1.0,0,,False,,False,,Two-fund 100%/0% (risk 10),10,bands
2026-06-18,173693.36365966042,0.0,0.04185929225855278,0.0,0.0,1.0,0,,False,,False,,Two-fund 100%/0% (risk 10),10,bands
2026-07-02,170819.91713736366,0.0,0.039695167908885276,0.0,0.0,1.0,0,,False,,False,,Two-fund 100%/0% (risk 10),10,bands
2026-07-16,169970.38670395067,0.0,0.04128632442843916,0.0,0.0,1.0,0,,False,,False,,Two-fund 100%/0% (risk 10),10,bands
2026-07-30,168021.4460031517,0.0,0.04287748094799393,0.0,0.0,1.0,0,,False,,False,,Two-fund 100%/0% (risk 10),10,bands
2026-08-13,175317.4872647112,0.0,0.041021574928013615,0.0,0.0,1.0,0,,False,,False,,Two-fund 100%/0% (risk 10),10,bands
2026-08-27,173443.50288884217,0.0,0.042690815006467764,0.0,0.0,1.0,0,,False,,False,,Two-fund 100%/0% (risk 10),10,bands
2026-09-11,173356.04113432067,0.0,0.04074844074844042,0.0,0.0,1.0,0,,False,,False,,Two-fund 100%/0% (risk 10),10,bands
