date,Risk 3 (bands),Risk 3 (calendar),Risk 5 (bands),Risk 5 (calendar),Risk 7 (bands),Risk 7 (calendar),Risk 10 (bands),Risk 10 (calendar),VWRL 100%,VWRL/AGBP 60/40,Two-fund 30%/70% (risk 3),Two-fund 50%/50% (risk 5),Two-fund 70%/30% (risk 7),Two-fund 100%/0% (risk 10)
2021-09-27,100000.0,100000.0,100000.0,100000.0,100000.0,100000.0,100000.0,100000.0,100000.0,100000.0,100000.0,100000.0,100000.0,100000.0
2021-09-28,99900.00000000001,99900.00000000001,99900.0,99900.0,99900.0,99900.0,99900.0,99900.0,99900.0,99900.0,99900.0,99900.0,99900.0,99900.0
2021-09-29,99917.29821093004,99917.29821093004,100086.98510980287,100086.98510980287,100262.62636440458,100262.62636440458,100798.14252513758,100798.14252513758,100821.47514816975,100460.64450332228,100190.02151968669,100370.43684211042,100550.85216453415,100821.47514816975
2021-09-30,99495.92764262829,99495.92764262829,99544.64943356127,99544.64943356127,99660.1870646604,99660.1870646604,100250.52883764714,100250.52883764714,100130.36659006192,100007.1822963554,99914.79407607552,99976.38622292876,100037.97836978204,100130.36659006192
2021-10-01,99469.60196087217,99469.60196087217,99293.88590380222,99293.88590380222,99189.25978324072,99189.25978324072,99252.30500647856,99252.30500647856,99128.25346865621,99487.39382529454,99756.74909277329,99577.17891445411,99397.60873613496,99128.25346865621
2021-10-04,99336.52062901414,99336.52062901414,98943.45937167588,98943.45937167588,98610.3066706849,98610.3066706849,98160.95736314265,98160.95736314265,97769.06949627792,98660.24247011424,99328.62220049149,98883.03571357334,98437.44922665518,97769.06949627792
2021-10-05,99509.32175102783,99509.32175102783,99413.62478543002,99413.62478543002,99364.96422542441,99364.96422542441,99378.74500625236,99378.74500625236,99059.14524922209,99364.4494918515,99593.42767382355,99440.77555250886,99288.12343119415,99059.14524922209
2021-10-06,99078.27856810782,99078.27856810782,98884.15425920859,98884.15425920859,98779.89029438843,98779.89029438843,98718.8897209055,98718.8897209055,98264.36557404092,98864.29974323617,99314.25037013262,99014.28328553498,98714.31620093736,98264.36557404092
2021-10-07,99723.25158860156,99723.25158860156,99907.7842777443,99907.7842777443,100126.07375150861,100126.07375150861,100543.87041581562,100543.87041581562,100199.47480949608,99959.40471156756,99779.35213812119,99899.38718708543,100019.42223604971,100199.47480949608
2021-10-08,99180.41563584408,99180.41563584408,99317.11803099875,99317.11803099875,99536.25296611163,99536.25296611163,100195.75363173423,100195.75363173423,99842.40395852349,99698.60201421609,99590.75055598553,99662.65152813922,99734.55250029295,99842.40395852349
2021-10-11,99102.1815640537,99102.1815640537,99325.8204263467,99325.8204263467,99633.41819640479,99633.41819640479,100478.84728763388,100478.84728763388,100187.96263153847,99836.09878799583,99572.20090533886,99748.13282711015,99924.0647488815,100187.96263153847
2021-10-12,99348.69753561962,99348.42696742133,99424.98927908727,99424.32737926471,99576.20848853962,99575.51389191985,99809.81979741162,99809.81979741162,99450.77020991175,99440.34352178773,99432.5235056947,99437.73684975671,99442.95019381872,99450.77020991175
2021-10-13,99674.74149733216,99676.45221537308,99649.13931938483,99654.39355562601,99708.16529917365,99713.78119217206,99561.16235082246,99561.16235082246,99162.8075783733,99349.04534464722,99488.72366935268,99395.6047862157,99302.48590307875,99162.8075783733
2021-10-14,100710.19362678533,100707.32957334486,100932.46841053711,100938.15256645122,101150.18558518603,101157.36238988185,100837.69869153773,100837.69869153773,100475.9252630769,100202.87652841107,99998.0899774117,100134.61434474462,100271.13871207755,100475.9252630769
2021-10-15,100550.9607857595,100547.27306182805,100809.19369106954,100810.77372625671,101059.11105103347,101061.78149911978,101084.17511722806,101084.17511722806,100809.95418229004,100403.29387993895,100098.29865317565,100301.62880435117,100504.95895552673,100809.95418229004
2021-10-18,100396.10367149654,100390.71293205593,100792.46937902927,100789.91326126656,101181.50678193496,101179.83962148876,101453.74023126344,101453.74023126344,101213.10889678152,100563.70730685128,100076.65611440362,100401.35690936873,100726.05770433386,101213.10889678152
2021-10-19,100577.32609394506,100571.66820848925,100985.41481093722,100984.26697733336,101359.47413267003,101359.48171178893,101532.56917789334,101532.56917789334,101362.84630152956,100665.19072145341,100141.94903639633,100490.77682643439,100839.60461647245,101362.84630152956
2021-10-20,100728.63790355502,100721.85581046417,101191.22414788822,101189.32168716971,101627.17071173408,101626.57694803984,101885.65058883704,101885.65058883704,101662.3298989477,100837.11776523857,100218.2086649567,100630.81473181128,101043.42079866584,101662.3298989477
2021-10-21,100551.78530537362,100545.15904321223,101049.95880294075,101048.89970242223,101514.77049338672,101515.10588219324,101727.09484295364,101727.09484295364,101397.40041124662,100538.48321255943,99894.29531354402,100323.75391288761,100753.21251223123,101397.40041124662
2021-10-22,100976.11605849533,100968.33218058574,101563.8507899656,101564.04791635905,102098.31249410486,102100.35655376321,102190.13216529044,102190.13216529044,101789.03415985838,100781.2228761469,100025.36441336329,100529.27005521904,101033.17569707477,101789.03415985838
2021-10-25,101119.67073010125,101110.49549854141,101740.07882423047,101737.16401949845,102316.81028877904,102315.61655605014,102599.73694146257,102599.73694146257,102238.25516202456,101159.39467982337,100350.24931817247,100889.67955927306,101429.10980037367,102238.25516202456
2021-10-26,101278.82201853547,101266.81999466696,102024.81037375721,102017.93391804276,102665.59590547989,102660.40093095956,103037.71052998623,103037.71052998623,102652.92205447369,101384.91287178622,100433.90598477061,101067.91057611434,101701.9151674581,102652.92205447369
2021-10-27,102093.26371621563,102077.87924671006,102784.77908521969,102772.77099500295,103314.58747524198,103313.19242022354,103052.64973355379,103052.64973355379,102514.69682768328,101464.9402395224,100677.62279840176,101202.50109248218,101727.37938656262,102514.69682768328
2021-10-28,102088.55770124552,102070.68549863162,102804.28386544042,102791.33269101841,103322.90929235613,103322.81426095615,102826.97096357898,102826.97096357898,102261.28830586192,101266.33493966164,100520.11991501144,101017.59659811157,101515.07328121172,102261.28830586192
2021-10-29,101616.12018113481,101606.10730140534,102476.99691046495,102468.06576807823,103161.39985634753,103160.42113264231,103444.18125160986,103444.18125160986,102837.2135689388,101557.57049631939,100597.83819185485,101237.65972816455,101877.48126447426,102837.2135689388
2021-11-01,101689.62701288571,101677.28958294001,102703.29051334261,102692.41582219234,103558.74063400764,103555.27259769641,104064.6005122992,104064.6005122992,103574.39720264343,101933.9201036005,100703.5622793183,101523.80082883977,102344.03937836124,103574.39720264343
2021-11-02,102256.79403641757,102238.75506195135,103348.16347042959,103331.37119380022,104260.42433479226,104250.67253984306,104769.49031777884,104769.49031777884,104184.87657543736,102436.0067302478,101124.35434635563,101998.78926895041,102873.22419154519,104184.87657543736
2021-11-03,101918.78422312137,101902.40481137611,102964.08447447034,102950.55970056744,103830.82135156075,103822.16355081508,104334.02271023282,104334.02271023282,103758.69750503062,102172.5398735833,100982.92164999782,101776.00046572147,102569.07928144513,103758.69750503062
2021-11-04,103030.81735175669,103007.14506807094,104386.39452251446,104361.26940324911,105549.22327532119,105534.16961927587,106275.53106880271,106275.53106880271,105636.21069900927,103376.64563442019,101681.97183597839,102811.75436827292,103941.53690056747,105636.21069900927
2021-11-05,103965.43065748693,103936.9249604992,105386.93143070608,105354.1208877331,106572.79781766822,106556.57055924738,107031.42331811656,107031.42331811656,106361.87336683417,103959.48320983937,102157.69059209328,103358.88567059068,104560.08074908807,106361.87336683417
2021-11-08,103806.29252013536,103779.52748187866,105147.22177907235,105117.1430155584,106272.8299982772,106259.08809350379,106638.33979141204,106638.33979141204,105970.24840614451,103747.7901769322,102080.94650502298,103192.17561962912,104303.40473423529,105970.24840614451
2021-11-09,104056.97696443197,104025.61123284361,105353.28301741455,105319.77001043588,106426.57507221213,106414.22990154845,106393.79287440167,106392.74281790623,105659.25263076872,103596.11192672137,102048.75639868586,103080.32675070953,104111.8971027332,105659.25263076872
2021-11-10,103398.03879595641,103366.5358027233,104828.22105624263,104792.36373056262,106148.3296261083,106131.64861090228,106899.82237820509,106899.51820596177,106073.91073529574,103716.86720088706,101949.08455008057,103127.6063172849,104306.12808448925,106073.91073529574
2021-11-11,103432.85599529918,103397.8200592421,104991.43549418768,104952.09193120112,106469.22086216853,106450.46302962604,107469.78749932183,107473.9787561883,106557.69463510113,103925.65813898772,101951.6307669027,103267.64901495939,104583.66726301609,106557.69463510113
2021-11-12,103551.9742906936,103513.06096810751,105137.32938380582,105094.38727635663,106624.14859222244,106602.49624535682,107600.08974993833,107601.3176293062,106857.1694445972,104093.70205293206,102021.10150918321,103402.83520501578,104784.56890084835,106857.1694445972
2021-11-15,103530.01197879219,103487.4636342121,105139.81652460716,105094.27513419437,106635.83616387585,106612.89411971181,107533.07707764769,107533.4892896424,106845.65726663958,104016.95631612824,101895.43060324473,103309.78107850041,104724.13155375609,106845.65726663958
2021-11-16,103296.07098591137,103253.70854895511,104973.685977544,104926.35986412574,106548.94689929656,106523.42868941011,107820.45499131741,107817.21596215971,107122.09893229828,104167.29878643728,101951.19867704155,103428.59874997204,104905.99882290253,107122.09893229828
2021-11-17,103020.03116934402,102982.58902337337,104578.55524649509,104536.68771424929,106064.58742864727,106043.68788650095,107166.1541626225,107165.1444052839,106338.84022299685,103681.82473201555,101689.06311377959,103017.57085927023,104346.07860476087,106338.84022299685
2021-11-18,103473.55812604689,103432.19650044337,104975.77982454555,104931.46691847304,106359.5888120616,106338.0125830994,106999.38880123457,106993.46735767348,106085.43170117549,103619.01843512573,101769.20848558842,103002.41511861328,104235.62175163819,106085.43170117549
2021-11-19,103835.50970682203,103793.1839409417,105307.86398391967,105262.3233763472,106643.51747651833,106620.98475734949,107161.80156935158,107154.01389201534,106200.61499620645,103789.00820010062,101980.30310302126,103186.10650107416,104391.90989912709,106200.61499620645
2021-11-22,103527.04204425639,103480.09408189509,105183.9478948929,105131.72046522087,106641.35203762818,106612.90004669275,107665.02801303915,107648.09303762516,106615.28188865556,103921.40971877289,101901.00559136091,103247.94167630223,104594.87776124357,106615.28188865556
2021-11-23,103056.73597461087,103012.97398052101,104612.19242648923,104564.59809800558,105935.85085279997,105912.84930330797,106650.67442152512,106639.12180756414,105682.2857746061,103225.81304737228,101383.45850194692,102611.69486556383,103839.93122918074,105682.2857746061
2021-11-24,103163.05320160867,103107.69244509158,104851.76970279787,104791.1652982092,106316.83050071637,106282.38122665098,107236.94006400958,107216.97718701247,106235.17789384564,103495.4693033072,101440.68786040336,102810.54215567258,104180.3964509418,106235.17789384564
2021-11-25,103471.50622809626,103410.53447626073,105262.29364488553,105196.3242791657,106813.0279851364,106775.86697668438,107723.69602470753,107703.61693415807,106707.43203984917,103825.38197767726,101663.84443104833,103104.86946213427,104545.89449322023,106707.43203984917
2021-11-26,103408.06192547745,103372.36255517097,104623.92211641026,104598.56116595682,105604.38734603015,105612.88893162509,105066.43750105986,105040.00883263833,103839.32669034453,102314.03775830753,101170.07105927978,101932.71552529829,102695.3599913168,103839.32669034453
2021-11-29,103669.69336482638,103622.94970158517,105048.00926532681,105006.34526868968,106169.44404922669,106159.95730727604,106024.37343127842,105990.45642723376,104714.73555083956,102874.20228961916,101493.8023437039,102414.06897431408,103334.33560492427,104714.73555083956
2021-11-30,103866.98538787519,103827.78162853199,105105.01688950595,105076.44759498656,106085.6508526294,106091.84295779747,105476.09957878714,105448.13136857537,104138.81028776268,102648.92730590311,101531.51506950843,102276.45656043821,103021.39805136801,104138.81028776268
2021-12-01,104168.75090435366,104118.74522791579,105590.35178351677,105550.50699959106,106739.88909589474,106734.88168921955,106441.14139079404,106421.65288159625,105233.06477243989,103227.87845201444,101723.98871169535,102726.58187190807,103729.1750321208,105233.06477243989
2021-12-02,103643.8287294712,103618.62276500365,104735.24722250583,104725.1670005355,105564.07294511382,105586.92924579985,104765.37967428607,104763.23172289932,103516.80994908899,102225.28535859808,101256.6419157299,101902.40421097535,102548.16650622082,103516.80994908899
2021-12-03,103896.673387339,103868.35459855988,104976.74892697063,104964.32099769243,105794.17256534501,105815.74970950895,104900.8916633928,104890.23353444513,103608.95131236048,102346.53074950268,101399.71532735931,102030.92560878821,102662.13589021713,103608.95131236048
2021-12-06,104249.50043546413,104213.96033370153,105484.49758066853,105461.76554168308,106417.70107231001,106428.9365952389,105758.52527838715,105747.22481363543,104380.69784370427,102817.33808272937,101644.81826199821,102426.49814248565,103208.1780229731,104380.69784370427
2021-12-07,104925.0880083388,104855.48575052232,106731.48253611161,106668.08767416132,108169.42225400766,108145.77052706553,108138.17269424157,108115.66451759153,106903.24452019396,104261.02765859393,102279.36501239392,103600.47344319393,104921.58187399394,106903.24452019396
2021-12-08,104700.381396651,104637.64589453801,106494.4225079358,106436.58312669188,107935.23359983158,107917.62672018049,107990.10029003171,107972.26080425803,106857.16944459714,104225.62319881542,102251.96351447912,103567.73663736998,104883.50976026084,106857.16944459714
2021-12-09,104649.23996875927,104589.98491456332,106495.05270216489,106438.78432076407,108001.50855764048,107983.23676951023,108391.71893626865,108366.03744050582,107133.61989817795,104360.45211303682,102280.576274181,103667.16016675156,105053.74405932213,107133.61989817795
2021-12-10,104750.1789297893,104688.33219853441,106458.10868031156,106401.01967431407,107829.21429537918,107806.92195504524,107889.80486487005,107866.128097633,106511.61955950427,104045.45306835388,102195.8281999911,103428.91144556628,104661.99469114149,106511.61955950427
2021-12-13,104635.61807084281,104581.0300392015,106243.03469450717,106191.67443576198,107529.00450950926,107503.93875135422,107570.73009704774,107537.64577610635,106039.3566255786,103820.29276627442,102155.9948717963,103265.52680144837,104375.05873110048,106039.3566255786
2021-12-14,103619.92415641088,103598.97774429203,104997.04477536325,104973.6435995998,106102.3786824642,106089.90558089869,106385.43696281928,106361.86841684797,104910.54803118433,103104.21053753566,101749.45741729919,102652.6261641235,103555.79491094785,104910.54803118433
2021-12-15,103292.35992868993,103287.29484356852,104644.02879816874,104632.41172055845,105736.6315623533,105730.45359161591,106322.99633345846,106294.53540897825,104899.0270653046,103143.85814477576,101827.48145437916,102705.06591464358,103582.65037490799,104899.0270653046
2021-12-16,103633.64257331745,103612.15722776686,105260.62198252042,105234.16198960975,106624.75260871457,106613.98777279598,107492.6459925161,107459.69942348266,105931.90992133235,103662.70807043611,101960.80668226394,103095.40760771206,104230.00853316017,105931.90992133235
2021-12-17,103513.10731360533,103495.94865385849,104935.89524778206,104914.34556652691,106138.58595660575,106125.55070478507,106780.04092278631,106754.89510147284,105353.80521304972,103393.44308991623,101923.1714975661,102903.35255913285,103883.5336206996,105353.80521304972
2021-12-20,102975.74297571562,102967.87721716298,104070.66241239372,104060.07495357977,104962.65160865853,104950.21408273713,105051.55436138324,105039.15675811894,103538.55678188939,102253.85598736451,101290.33039147088,101932.68078873331,102575.03118599574,103538.55678188939
2021-12-21,102856.57384797501,102844.89487600488,104267.72213334427,104251.12157643952,105477.71535456351,105467.15341315485,106277.300613008,106261.67655792677,104810.3853758756,102865.63161169912,101407.06628856677,102379.44317065501,103351.82005274325,104810.3853758756
2021-12-22,103158.41217093354,103138.33561211504,104744.7484425278,104720.25222179561,106106.3987686069,106089.10210097453,107070.78130184022,107047.27319014166,105561.92326087858,103339.83628620754,101673.27105520428,102784.3145425398,103895.35802987531,105561.92326087858
2021-12-23,103160.6710599632,103138.6779921909,104860.48050050382,104832.1762457155,106340.22782235178,106320.10829276899,107625.94087560379,107599.32514912085,106012.8442276448,103583.22906567308,101761.0176941943,102975.82527518016,104190.63285616602,106012.8442276448
2021-12-24,103288.74653052994,103264.34996405512,105019.06670777852,104988.75534511452,106510.21602213309,106486.08513481235,107788.46848071543,107754.91514567695,105989.71509945393,103569.35158875857,101754.07895573704,102964.26071108472,104174.4424664324,105989.71509945393
2021-12-29,102870.1340257799,102848.12486303816,104735.9808261681,104703.47262296635,106356.44302633454,106332.22220283745,108126.84979191454,108091.43067601454,106278.76745359524,103630.26224153372,101643.8833324876,102968.13593851835,104292.38854454912,106278.76745359524
2021-12-30,103080.04888299991,103056.53515853171,104967.19874698982,104934.00937263545,106616.7007639816,106594.57881165996,108328.88518285331,108296.43645739247,106533.13493662803,103833.32077520891,101808.46015414456,103158.36723485411,104508.2743155637,106533.13493662803
2021-12-31,103018.43591773655,102998.14818205468,104776.33452616449,104747.0891147542,106341.38706879412,106322.04654837241,107938.35876343958,107912.6251988165,106209.3977113782,103666.2382406532,101758.86863760944,103030.44837297194,104302.02810833446,106209.3977113782
2022-01-04,102808.93345619646,102782.9888144652,104689.53755206188,104655.43729852025,106352.55621976279,106330.27980111548,108137.59587591855,108116.45343596977,106220.96227547363,103475.2989605307,101416.05147432351,102788.88313179497,104161.71478926645,106220.96227547363
2022-01-05,102629.06742566336,102605.36854824847,104495.20312517612,104463.26183111174,106154.65431682034,106135.96526993088,107896.83937870906,107879.74081485065,105966.59479244082,103256.71789776933,101224.31022676572,102579.24867410146,103934.18712143722,105966.59479244082
2022-01-06,101638.59034899344,101630.5754321871,103236.74479833359,103216.540550402,104685.80464202976,104673.90566041516,106430.7682793513,106423.79140317319,104451.95445833945,102262.57643843838,100620.54292351258,101715.2319334631,102809.92094341366,104451.95445833945
2022-01-07,101194.31906141291,101191.03409816687,102730.80424838868,102713.73149063718,104123.99742433042,104116.00759385049,105885.37773865098,105888.58739013768,103989.47774865558,101864.810238498,100271.30960587983,101333.64336095861,102395.9771160374,103989.47774865558
2022-01-10,100812.75566415502,100828.30586718243,102075.79396942984,102083.69260110271,103245.87902593488,103261.6402324381,104656.35082442526,104673.61636230715,102659.83515536999,101047.62429635291,99838.46615209008,100644.57158159862,101450.67701110717,102659.83515536999
2022-01-11,101535.92717259594,101539.07499156322,103021.0532547807,103018.50429203606,104393.59430180077,104409.33055745825,105825.10767323422,105838.79281047292,103989.47774865558,101888.0884817593,100312.04653158711,101362.74116503523,102413.43579848338,103989.47774865558
2022-01-12,101926.0846669042,101927.37754343761,103487.64383567721,103485.59948577498,104908.65240490524,104929.15852607125,106279.62627221261,106295.37504567728,104451.95445833945,102208.25313700468,100525.47714600363,101647.327806671,102769.17846733838,104451.95445833945
2022-01-13,102079.41219639922,102087.76750101693,103562.92422166998,103570.78424944785,104879.73411791367,104909.02390099323,106011.81646564406,106028.13327534946,104220.71610349753,102146.33573031268,100590.55045042407,101627.74063701647,102664.93082360891,104220.71610349753
2022-01-14,101451.84385433461,101474.37394528654,102744.88505615239,102769.6741312567,103929.57641707665,103973.54136995878,104923.40529121443,104953.19312903321,103006.6926876329,101320.2942621242,100055.49544299266,100898.69465574701,101741.89386850137,103006.6926876329
2022-01-17,101311.96612616364,101319.82603840371,102787.52709932263,102791.26549164102,104163.68453513985,104186.06449683923,105634.12778833685,105658.01672009345,103746.67482971822,101643.22316470668,100065.63441594804,101117.36024845378,102169.08608095956,103746.67482971822
2022-01-18,100647.09051137847,100667.40352668619,101942.59413783993,101960.48000510782,103183.81534368847,103216.75494994236,104516.25704783053,104548.78804693981,102567.3362849621,100877.0413521028,99609.32015245831,100454.46761888795,101299.61508531764,102567.3362849621
2022-01-19,100217.0809280081,100244.8783628844,101410.67382397989,101434.55922937539,102611.87808626083,102647.01123836082,104067.60786722219,104108.82025142391,102000.79614077492,100552.73675875828,99466.69222224581,100190.72191325412,100914.75160426245,102000.79614077492
2022-01-20,100478.80509586216,100501.54519422284,101755.16390514161,101771.52424768101,103032.77988610016,103065.34056144762,104639.36220174978,104685.17891078591,102729.20489758703,101056.17044517965,99801.39460587411,100637.9118320778,101474.4290582815,102729.20489758703
2022-01-21,100100.1955458991,100148.47546213972,101022.5560705038,101070.62460390647,101980.16979793945,102039.81786642813,103041.40615018687,103097.87885245382,101110.5099501601,100147.435173642,99425.12909125345,99906.6664795125,100388.20386777155,101110.5099501601
2022-01-24,99619.87247158839,99708.26246805848,99833.6773689362,99945.13105492183,100138.91612634457,100259.37615952497,99729.92292398881,99783.1593745543,97711.26026385918,98146.93781902826,98473.69598540508,98255.85720782052,98038.018430236,97711.26026385918
2022-01-25,99554.04343251063,99634.76395371913,99895.05662139316,99992.48000935471,100348.50162200166,100454.97033880599,100232.37899674803,100281.25943881065,98081.24692431295,98376.73956188442,98598.35904006302,98450.61272127728,98302.86640249155,98081.24692431295
2022-01-26,99787.92862205724,99845.05634397357,100534.62000008985,100597.73334807635,101341.52461004666,101414.12457713365,101919.20663650517,101967.20746381258,99769.31161395689,99272.42472841767,98899.75956426325,99148.20300703286,99396.64644980247,99769.31161395689
2022-01-27,99900.87100474304,99951.69397751431,100770.64213151883,100825.21134333561,101678.37456690516,101743.70120086145,102308.74832962078,102352.78380825729,99838.68135617393,99247.65814141378,98804.39073034367,99099.90233772373,99395.41394510382,99838.68135617393
2022-01-28,99425.93822535388,99485.93188035788,100121.22924460394,100190.30063922986,100856.00285649984,100933.49827880901,101129.16577158846,101172.15346682296,98809.65568112506,98606.81349663276,98454.68185826353,98556.10295050968,98657.52404275583,98809.65568112506
2022-01-31,99569.77004235254,99603.04536750885,100665.75423897435,100699.11201229283,101834.78978787808,101880.83494489423,103074.67663846358,103124.23955454209,101029.57564384767,99884.09352393172,99024.98193399474,99597.72299395272,100170.4640539107,101029.57564384767
2022-02-01,99905.99380127534,99935.3737947715,101125.80587463664,101153.72146210769,102388.31662143103,102431.67578021807,103690.42080462852,103740.7868166704,101549.87517400872,100157.22078486154,99112.72999300115,99809.05718757474,100505.38438214835,101549.87517400872
2022-02-02,100408.87399302669,100437.60951136299,101715.34414512571,101745.3303068428,102997.34853978206,103045.1761656309,104046.75120059411,104094.67982885047,101700.17922253818,100313.79164631333,99274.00096414468,99967.1947522571,100660.38854036955,101700.17922253818
2022-02-03,99104.3367944311,99130.87597297283,100397.94465680627,100418.80990992265,101719.04642781948,101753.6036627019,103096.16829229343,103142.95528935142,100705.83841859786,99529.73834894631,98647.66329670764,99235.71333153342,99823.7633663592,100705.83841859786
2022-02-04,98369.58400589478,98393.27821177283,99721.54809146385,99735.81806041895,101121.01815891905,101150.74311405962,102643.59081189371,102689.00865088805,100393.66575744345,99156.94116708229,98229.39772431142,98847.760019492,99466.12231467258,100393.66575744345
2022-02-07,98524.01605131557,98540.26390047565,100010.32194082352,100015.90335473404,101534.00684947862,101557.31641502422,103268.22602651294,103314.09053521785,100983.32620864372,99434.58402905299,98273.02739435995,99047.3984841553,99821.76957395067,100983.32620864372
2022-02-08,98407.79815773298,98425.6309918463,99763.78590079058,99767.48162011882,101211.58652230403,101225.74625188003,103306.77121080065,103351.90863331323,101133.63907835097,99491.5812589576,98260.03789441257,99081.06680410926,99902.09571380596,101133.63907835097
2022-02-09,99371.40500991062,99378.31576385556,101009.08798793281,100999.55231696705,102678.26821566696,102692.67531039027,104827.74295385905,104877.31248795205,102752.33402577789,100513.56344233276,98834.48550474891,99953.87079647146,101073.25608819404,102752.33402577789
2022-02-10,98616.21834062591,98622.30996849104,100206.27455567977,100199.2906766451,101864.64065873699,101876.94708504605,104117.95114177215,104165.7536109765,102047.04557597886,99906.84829286611,98301.70033053154,99371.79897208791,100441.89761364431,102047.04557597886
2022-02-11,98021.1098132232,98034.8574432729,99463.98906255302,99467.59119211044,100996.49291332452,101014.13231945634,103034.67324235424,103078.32273938297,100937.08559461756,99113.95368038086,97746.60474470333,98658.17070182168,99569.73665894003,100937.08559461756
2022-02-14,97400.66934813197,97425.13556943259,98629.02531129282,98648.42114457497,100024.71651445738,100051.95855574406,101775.15750511338,101816.5952007815,99711.49761465749,98402.03385640382,97419.93603771357,98074.66791684041,98729.39979596724,99711.49761465749
2022-02-15,97809.87370016226,97822.30388971294,99288.30982823264,99292.08946009309,100890.50059746488,100909.89088620535,102993.00100127711,103038.78818626712,100937.08559461754,99090.52444062915,97705.60357513784,98628.88415213204,99552.16472912625,100937.08559461754
2022-02-16,97889.89467063516,97915.59403898244,99207.80250958737,99225.03092985493,100655.10790149662,100687.19034596528,102444.0141025235,102491.6125108014,100393.66575744344,98799.61826007589,97604.08263705023,98401.10638573399,99198.13013441778,100393.66575744344
2022-02-17,98038.09216737143,98077.14789560607,99167.383867532,99199.97801274784,100452.74941887312,100500.02156832528,101778.21187982494,101824.70101409803,99653.69243653589,98453.26168620108,97552.93862344997,98153.15399861737,98753.3693737848,99653.69243653589
2022-02-18,98154.97754248469,98209.27333874913,99116.18017051798,99167.89626389206,100199.67212718804,100266.02474657602,100743.90269041345,100786.46655863903,98462.79814886214,97758.25134218024,97229.84123716882,97582.11464050975,97934.38804385072,98462.79814886214
2022-02-21,97977.02936349275,98042.70391582778,98642.97857630684,98707.0630291936,99443.6524623432,99519.16693709507,99562.7577700845,99595.96639388995,97306.58873229689,97091.86166740838,96930.81636874202,97038.17990118626,97145.54343363052,97306.58873229689
2022-02-22,97598.6354980938,97657.54695731931,98377.5397093419,98430.98707721499,99321.94184713927,99384.20504859595,99913.6858309318,99945.5783892021,97607.19682935582,97219.50980514058,96928.74453697915,97122.58804908677,97316.4315611944,97607.19682935582
2022-02-23,97272.51157843739,97335.94321534931,97970.88516326033,98026.71888668099,98863.84576404159,98925.92235642375,99453.90502567688,99481.54274688571,97040.65668516862,96807.33904529441,96632.35081538875,96749.00963532584,96865.66845526296,97040.65668516862
2022-02-24,96721.1338905975,96791.31954841403,97223.61042200221,97294.48061187824,97978.22118099367,98059.26719162278,98078.66217939017,98094.24331997847,95676.32922077451,96006.31356540989,96253.80182388643,96088.80965156874,95923.81747925105,95676.32922077451
2022-02-25,97720.58692162191,97760.93286040873,98864.47943274936,98897.61829040576,100162.69318424682,100207.30714896244,101440.1512043073,101474.57006884743,99006.20916485845,97971.0510399405,97194.68244625205,97712.261508711,98229.84057116999,99006.20916485845
2022-02-28,97981.50066564245,98021.36545670261,99116.88212956999,99152.49708289388,100404.21186532077,100454.84978740913,101515.44900454795,101547.17079555703,99156.52203456571,98287.7363096872,97636.1470160283,98070.53987846756,98504.93274090682,99156.52203456571
2022-03-01,99511.03615506951,99574.05746286767,100252.80488002932,100324.48162003883,101107.34201249767,101205.20740347396,100653.90475871642,100675.07335165663,98115.93179542142,97938.6971477051,97805.77116191786,97894.38848577603,97983.0058096342,98115.93179542142
2022-03-02,99024.31724534229,99069.01358419163,100052.50677219708,100100.15342875809,101184.25833560558,101253.75615022585,101598.04235438688,101620.32497828711,98925.27485854598,98174.3724736585,97611.19568499291,97986.64687743664,98362.09806988039,98925.27485854598
2022-03-03,98330.70651767742,98380.7457035932,99225.75966137664,99277.26719262569,100279.52825128779,100348.91824863634,100846.11732233022,100865.14129520698,98243.11553693781,97759.21863969386,97396.2959667609,97638.24441538285,97880.19286400484,98243.11553693781
2022-03-04,98478.07985972712,98542.69087928449,99070.74256785687,99143.85919479484,99865.52465518356,99960.27430090883,99687.21566941268,99692.19189658109,96925.03750774765,97069.90597626507,97178.55732765315,97106.12309339442,97033.68885913573,96925.03750774765
2022-03-07,97909.44377677713,97965.33424035388,98571.0984049191,98637.11294738142,99482.2365401989,99564.10522296389,99479.46651972065,99468.13967007303,96497.2368479945,96721.45267849592,96889.61455137198,96777.50663612128,96665.39872087057,96497.2368479945
2022-03-08,96922.70616342413,96986.23477924087,97372.97809511205,97452.57222905724,98244.17936295662,98321.71424217611,98204.78593204767,98185.00292981749,94959.47620688005,95554.72402290566,96001.15988492488,95703.53597691207,95405.91206889927,94959.47620688005
2022-03-09,97491.93594612171,97562.0101385931,98443.17263600124,98539.61429543023,99676.55722095455,99799.2147570595,100411.07804898813,100459.53114382952,97560.94739415187,96998.45308801564,96576.58235841348,96857.82951148157,97139.0766645497,97560.94739415187
2022-03-10,96672.24022559437,96745.09693607502,97550.7892573653,97648.41150086012,98724.48247737359,98841.67400444654,99444.66369617436,99479.74814627114,96520.36597618539,96169.08442348096,95905.62325895266,96081.26403530486,96256.90481165709,96520.36597618539
2022-03-11,97243.96702243041,97312.12931163436,98231.32780296028,98322.26297772377,99480.04857997166,99593.5775367527,100329.5775313324,100362.27898153792,97167.84042668501,96610.28953853121,96192.12637241586,96470.90181649275,96749.67726056966,97167.84042668501
2022-03-14,96428.86646092651,96511.0288843238,97412.61672812489,97525.5643290749,98630.7844974611,98771.86637879901,99640.37140563408,99701.79898897954,96508.80141208995,96000.08133960402,95618.5412852396,95872.90132148255,96127.26135772551,96508.80141208995
2022-03-15,96375.96284064773,96454.3819335678,97530.831774649,97634.70886183053,98859.957329176,98996.27511071698,100132.1303879197,100183.63776226676,97017.53637815555,96313.1320658273,95784.82883158112,96137.03098774524,96489.23314390937,97017.53637815555
2022-03-16,96833.9374021821,96916.56873926123,98343.25518626378,98455.46537544782,100022.03100734849,100178.11519842973,102156.26609809474,102251.21494751373,99329.95521128605,97712.2998477051,96499.0583250194,97307.88600680986,98116.71368860034,99329.95521128605
2022-03-17,97227.65418453989,97308.61568371633,98855.26712684528,98964.69914228097,100642.2550801725,100795.47735255894,102956.65549529837,103049.38640319402,100137.92007278604,98234.17599194046,96806.36793130626,97758.23997172905,98710.11201215186,100137.92007278604
2022-03-18,97637.9798749225,97712.69013795044,99407.8486572001,99506.97843486456,101294.13696503894,101441.45101380743,103765.22046505063,103857.08504056331,101158.31254620245,98871.79594557345,97156.90849510171,98300.16679541621,99443.42509573072,101158.31254620245
2022-03-21,96987.96322144232,97042.85815873487,98835.49794636265,98902.45297865209,100838.14637642314,100942.87424013337,103948.38849413049,104021.07307520928,101135.12562828958,98721.20391898922,96910.76263701395,98117.72349166412,99324.68434631432,101135.12562828958
2022-03-22,96759.44409581025,96793.67453337021,98819.10426280482,98862.35489472034,101014.07488757788,101105.09321417667,104440.91014273271,104518.50032014652,101784.4654889553,98968.26971855237,96856.12289075018,98264.22077595163,99672.31866115311,101784.4654889553
2022-03-23,97026.21662825788,97065.51110559472,99076.20082294122,99126.89991075367,101267.41142336087,101365.12634354422,104517.07274387876,104590.41419085456,101784.4654889553,98958.50474213701,96839.03418202332,98252.01455543246,99664.9949288416,101784.4654889553
2022-03-24,97395.19246291163,97439.49907010823,99412.3656959807,99470.09912080715,101588.00539971265,101687.91233272426,104682.15576247095,104746.37080772538,101854.03508928603,99008.05997316666,96873.57863607713,98296.5661941368,99719.55375219652,101854.03508928603
2022-03-25,97140.08303755923,97168.50173851906,99313.77025746729,99350.29817766462,101622.75977213397,101700.406583381,105023.78061111945,105076.44972498766,102143.92021945352,98994.54223626433,96632.50874887245,98207.19774046703,99781.88673206164,102143.92021945352
2022-03-28,97873.02716160595,97894.49805047023,100271.33509522668,100306.68193712525,102730.48759499523,102821.51314923623,105979.49958713648,106041.72790180928,103001.9865742956,99515.24029016934,96900.18057707464,98643.55371913777,100386.9268612009,103001.9865742956
2022-03-29,98180.27450162997,98182.14818963308,100820.6240662948,100828.30138932417,103486.95850434878,103561.85990005711,107395.38740408188,107482.24435665079,104683.31679063021,100592.37835788837,97524.17453333197,99569.6437497029,101615.11296607382,104683.31679063021
2022-03-30,98054.0438497255,98054.83650223246,100677.09634225351,100682.80125667098,103358.79554819854,103428.61720206997,107335.54440815041,107417.92969275206,104613.74719029949,100579.92407844137,97554.5567445478,99571.46830047684,101588.37985640591,104613.74719029949
2022-03-31,98511.93078783946,98527.66548914736,100961.93682372717,100988.5848771344,103464.34871258707,103549.82635509936,106879.97153753122,106946.56051821276,103975.99636529415,100322.2407015225,97581.92395369377,99408.80178557959,101235.67961746542,103975.99636529415
2022-04-01,98336.92421445617,98365.52128445628,100697.42749676835,100750.44012274308,103112.14152728261,103229.31003285485,106180.23150710671,106264.05385080342,103465.80455188201,99920.44597614236,97261.42704433762,99034.10633220745,100806.78562007728,103465.80455188201
2022-04-04,98923.37793462478,98946.23898908631,101385.26201070526,101435.91527821646,103887.28772988223,104005.68389384671,106969.00053826875,107063.78194427188,104265.88149546165,100421.973600705,97539.0426796375,99460.99662701582,101382.95057439417,104265.88149546165
2022-04-05,98353.79937092525,98358.81992513491,100866.66323616868,100920.47961100997,103440.3393639118,103557.80616307903,106810.58271468776,106879.63194770912,103871.64196479808,99999.93257288817,97096.15052895574,99032.00522491068,100967.85992086565,103871.64196479808
2022-04-06,97264.75743997535,97294.87336479184,99541.48217653202,99598.01846615331,101918.8374820001,102033.18082852973,105231.8693438118,105299.64600255,102132.33118379313,98800.13999986528,96300.9966119194,97967.09220388331,99633.18779584725,102132.33118379313
2022-04-07,96794.97396488275,96820.98335570177,99040.63368357721,99097.3867747851,101432.0543206184,101542.57903046026,105114.45072643718,105176.8208775811,101854.03508928603,98592.15838041005,96145.7508487531,97776.68920319107,99407.62755762906,101854.03508928603
2022-04-08,96956.12760562032,96941.18300670544,99498.4504412787,99556.23542010065,102253.60851405082,102359.45638406115,106572.10393421394,106629.89469493479,103268.67593995812,99341.36024231216,96395.87346907769,98359.53131790066,100323.18916672366,103268.67593995812
2022-04-11,96028.51947533556,96040.70609965725,98334.51787658862,98394.28280872984,100883.26958171504,100985.513587484,105107.96343960348,105171.96168951482,101703.29800637209,98277.17008832352,95707.57414978709,97420.63810881137,99133.70206783566,101703.29800637209
2022-04-12,96381.33009098549,96392.21015781694,98685.69725775422,98744.48879252802,101246.90570148974,101348.06609765462,105424.47318481497,105479.82921452886,101993.18313653959,98558.49356150908,95982.47638023621,97699.82116775145,99417.16595526671,101993.18313653959
2022-04-13,96182.92129116434,96209.3208273546,98398.40346247138,98457.53306398321,100865.01532163066,100965.97224245596,104836.8236404639,104900.31885726839,101482.98247653534,98223.08568475507,95778.16309091989,97408.11148681001,99038.05988270014,101482.98247653534
2022-04-14,95765.05683459756,95779.5655376791,97996.248234433,98057.28199876838,100493.9332675594,100594.1659509345,104818.85079002824,104874.92590477117,101390.22595829175,98015.1286805573,95483.80572225648,97171.3543611237,98858.90299999093,101390.22595829175
2022-04-19,95360.88292522907,95344.21730601373,97730.62817288701,97793.25521517811,100403.57341418248,100501.4165751888,105214.76593513455,105250.7726977154,101656.91532395425,97995.50695578317,95249.45067965488,97080.1548637404,98910.85904782596,101656.91532395425
2022-04-20,95667.13886051494,95651.81216880264,98126.79622228137,98191.99710475984,100828.03857446281,100930.5854510796,105442.60485235171,105485.6027264396,101935.21141846137,98221.05957399037,95435.44569063712,97292.52161287262,99149.59753510813,101935.21141846137
2022-04-21,95611.86117312117,95588.75635051088,98140.42037557349,98209.1383601109,100891.73202702016,100997.67038621703,105466.32318154527,105508.82547730274,101865.63297153852,98077.77835175136,95236.88738691097,97130.81469680455,99024.74200669816,101865.63297153852
2022-04-22,95378.18878805432,95394.82154689707,97780.71975828453,97862.61398729545,100385.85241728983,100504.23597239368,104207.61215478535,104263.6131278513,100740.87725103392,97297.48775419497,94714.94563156576,96436.64037998524,98158.33512840472,100740.87725103392
2022-04-25,95180.73641431716,95243.51084234253,97283.82421744363,97371.4071364681,99529.15803266742,99659.62094128132,102665.64165533042,102724.36060163577,99326.24524695391,96659.5866065015,94659.5926261622,95992.9219463884,97326.25126661462,99326.24524695391
2022-04-26,95534.08577372269,95594.82032184445,97632.38231761246,97722.04694651144,99882.79718932112,100014.88475751181,102998.78187699472,103037.59185713639,99500.16924778075,96890.85963066606,94933.87741783007,96238.53222638741,97543.18703494476,99500.16924778075
2022-04-27,95253.78216809235,95282.20383941614,97504.34648018275,97582.15445965627,99968.69927509595,100087.32105475699,103733.70400615247,103776.00563929205,100230.68543762178,97280.35191098854,95067.60176601361,96542.76852933022,98017.93529264684,100230.68543762178
2022-04-28,95227.50984600921,95228.29763169061,97675.2849126006,97747.87548677571,100385.18345155987,100493.36872680737,104605.2555164477,104651.78759878846,101169.91042845498,97638.86709173367,94990.5845891927,96756.10625755336,98521.62792591401,101169.91042845498
2022-04-29,94920.2700803522,94930.34674992668,97318.27541232145,97387.73245174067,100009.36457968935,100112.07316189396,104251.30212681525,104316.07430260358,100972.79066312319,97477.6397641995,94856.27659000673,96603.85203946856,98351.42748893044,100972.79066312319
2022-05-03,94501.80755003341,94509.7078350413,96863.61381427642,96929.07149438364,99500.0840087094,99601.19001853697,103788.65910403582,103850.74922873262,100508.97268553678,97146.62853289719,94624.8704184175,96306.04249473728,97987.21457105709,100508.97268553678
2022-05-04,93933.13150154037,93949.86614033114,96212.19419659466,96275.12556260766,98752.9610275083,98851.90590217708,102935.76576338313,102993.43528109878,99546.55193019859,96457.88067344092,94141.37723087266,95685.7128592515,97230.04848763034,99546.55193019859
2022-05-05,94116.10940455098,94099.77750499155,96525.64285414813,96580.76881907758,99268.80101941532,99355.1969473306,104042.58478254624,104075.13101104191,100497.37480328427,96897.54903820826,94197.67971440125,95997.59259693926,97797.50547947727,100497.37480328427
2022-05-06,93186.34270842327,93168.95233620866,95479.33318801262,95526.49197057153,98152.8745246293,98229.4205669996,103076.52268220966,103104.98181066681,99581.33673036394,96260.0600279544,93769.10250114725,95429.74085235201,97090.3792035568,99581.33673036394
2022-05-09,92492.83966490327,92531.10527521797,94383.90940323567,94441.33804701186,96575.568768842,96668.62232863023,100584.8441326049,100593.31336129783,96995.56632336149,94720.31426575243,93013.87522254564,94151.50125135016,95289.1272801547,96995.56632336149
2022-05-10,93147.74993737014,93228.61438772645,94910.70632194036,94977.08878502736,96886.80067237637,96993.82435955066,100230.51675630924,100254.40449383076,96589.72891044541,94695.49961934122,93274.82765101307,94221.94229656516,95169.05694211727,96589.72891044541
2022-05-11,93764.33524321212,93832.31916044827,95702.59290514498,95775.19493117982,97865.5380700401,97975.69016545684,101342.662625106,101380.7768954289,97714.4757843579,95391.82547785626,93649.83774798003,94811.16290123084,95972.48805448167,97714.4757843579
2022-05-12,94243.40216198534,94387.65378570707,95924.0187215892,96019.96656845715,97715.952828826,97855.94360487307,99868.11860886421,99908.34548242664,96392.60029852152,94756.8615206058,93530.05743716902,94347.92682612687,95165.79621508473,96392.60029852152
2022-05-13,94743.41450347254,94828.47241494019,96804.68843157368,96889.93043631542,98974.44912329459,99104.87793221931,101930.45118868163,101985.06868645913,98560.94425694752,95971.95323474388,94030.20996809116,95324.70547919298,96619.2009902948,98560.94425694752
2022-05-16,94798.82330652852,94902.9628367515,96776.78216697297,96866.26285991771,98836.8641234852,98971.83467038516,101468.89711090447,101519.3309440873,98073.93936144825,95724.66099561087,93962.70222123286,95137.34140415154,96311.98058707023,98073.93936144825
2022-05-17,94203.87567508701,94289.13949500071,96181.47679541848,96259.54039027866,98279.13667193917,98400.77653440816,101380.94814063908,101450.68149741174,98004.36091452542,95542.32731620505,93695.80211746479,94926.81891662496,96157.83571578516,98004.36091452542
2022-05-18,93372.62314726424,93473.62896030684,95119.52517115204,95184.92182015232,97004.88464343344,97113.9116871639,100111.55261754263,100176.38322108725,96891.2030762733,94866.62286666989,93348.18770946733,94360.47781426902,95372.76791907076,96891.2030762733
2022-05-19,92438.82683153676,92575.53158472336,93872.68815729186,93928.69323609168,95465.41458166638,95563.90624319836,98311.53294675314,98377.58213636794,95233.05977785158,93879.54663420076,92864.41177646263,93541.16834828805,94217.92492011347,95233.05977785158
2022-05-20,92173.18277490359,92314.38210840937,93483.79395131164,93532.45620370925,94984.80136828407,95072.71334372215,98017.99452504877,98087.64639514287,95070.72481268515,93911.01578435351,93041.2340131048,93621.08852727061,94200.94304143643,95070.72481268515
2022-05-23,92218.00191033838,92306.34550805313,93820.05997193485,93871.85150504365,95654.91654916106,95741.6357325929,99438.03841320997,99512.86586704518,96415.79606302653,94632.14387364083,93294.40473160156,94186.23082629441,95078.05692098726,96415.79606302653
2022-05-24,92247.4328642681,92384.46731544686,93587.47774634027,93631.40821884206,95118.3847550555,95198.17505681454,98234.77765243614,98296.4563770779,95012.75309460692,93999.24464175945,93239.11330212383,93745.86752854756,94252.62175497132,95012.75309460692
2022-05-25,92715.5991671075,92825.74763646627,94210.0990362284,94262.62901519448,95894.56534400914,95984.5419840342,99235.40168916351,99296.28632234322,95940.38020318763,94581.20537649101,93561.82425646856,94241.41166981685,94920.99908316517,95940.38020318763
2022-05-26,93115.60445394751,93184.65097526296,94830.84184455301,94890.24280210199,96785.93339360274,96880.68790795824,100781.34334432372,100860.34744888124,97482.57121886079,95469.41903431225,93959.55489590086,94966.13098817514,95972.70708044939,97482.57121886079
2022-05-27,93760.72074875419,93802.32022382633,95713.74112937426,95780.12348665774,97894.89756056326,97997.39380510797,102159.29368694893,102245.45251330832,98897.21206953289,96376.78223046573,94486.45985116537,95746.67477069894,97006.88969023252,98897.21206953289
2022-05-30,93931.17966845716,93947.1722899647,96060.23408558211,96132.47352583431,98459.7319912641,98565.26616025857,103116.3210735216,103221.84874044592,99882.81974278392,96860.7544393313,94594.20546174182,96105.23811346813,97616.27076519445,99882.81974278392
2022-05-31,92589.361007805,92584.0559375785,94587.59805280506,94652.48416442024,96957.60258997123,97050.76980932425,102254.28611324533,102355.47293071738,99001.56647002895,96195.32259984179,94090.63969720143,95493.761632295,96896.88356738859,99001.56647002895
2022-06-01,92701.37656580872,92696.43199258184,94711.81830405381,94779.4117957814,97098.34942998094,97192.80371186922,102303.24519130215,102393.43220360881,99140.7145172825,96187.04225052395,93971.78805045506,95448.62418383433,96925.4603172136,99140.7145172825
2022-06-06,92388.77868171822,92333.8901908045,94602.74692349233,94643.83622954649,97254.03003493171,97315.13790142332,103087.71480975964,103194.27730855501,99848.03494261856,96408.36619755498,93828.61463875728,95548.44901128908,97268.28338382088,99848.03494261856
2022-06-07,92521.6462786104,92503.7181686751,94590.42071193972,94649.44964100204,97058.58702718947,97140.15681445264,102413.4491848891,102504.935108748,99152.312399535,96065.13085062284,93749.74468893872,95293.33546339479,96836.92623785089,99152.312399535
2022-06-08,92461.36795652764,92403.13004385997,94700.53976165746,94748.78632192385,97407.27604701623,97476.05338308086,103261.82490313753,103359.61836078204,100091.5373903682,96554.46766620476,93901.66537308217,95670.2002351639,97438.73509724563,100091.5373903682
2022-06-09,91781.92045154473,91752.21374369044,93830.72922943931,93890.98464003636,96334.41217906805,96420.08913892355,101809.29778768173,101898.13770402102,98653.70962178323,95543.37464721774,93210.62341629365,94765.79090357639,96320.95839085913,98653.70962178323
2022-06-10,90366.31965556057,90373.84732914726,92074.81475795672,92135.34377258287,94357.99698047905,94439.29310768028,99536.34479872705,99606.1789158973,96392.60029852153,93975.8309985062,92163.25402349472,93371.63867350237,94580.02332351005,96392.60029852153
2022-06-13,89127.44926201005,89151.10134223198,90733.57440343339,90795.44835631628,92894.18762576557,92978.97297184907,97747.41230125366,97805.53185012437,94398.19803410655,92396.48226326765,90895.1954351385,91896.05332055794,92896.9112059774,94398.19803410655
2022-06-14,88723.81252086567,88716.41655341763,90433.29226929107,90482.84803795272,92792.62591291833,92861.67727240795,98122.08974235784,98196.35042197001,94977.96829444153,92566.66058088117,90758.17979571092,91963.83365249108,93169.48750927128,94977.96829444153
2022-06-15,89345.72917717963,89360.69506785851,91060.69135505994,91118.27699731976,93379.65455362214,93454.69184116626,98503.08230076477,98575.86592798245,95128.70537735548,92662.96107162931,90813.65284233468,92046.52499519776,93279.39714806085,95128.70537735548
2022-06-16,87883.46461436032,87982.81416235147,88928.45699599397,88996.87280492864,90509.60284008252,90609.33069359971,94516.31573834231,94561.69265812002,91236.19636030657,90405.55685148627,89782.57721987105,90197.89697428118,90613.21672869135,91236.19636030657
2022-06-17,87830.34929200065,87886.08018291673,88931.13034545153,88972.1242121649,90655.00361480414,90727.92183151511,95213.76981462842,95268.08145445045,92054.97916827377,91035.46164193454,90270.82349718013,90780.58226034974,91290.34102351936,92054.97916827377
2022-06-20,87589.18331510929,87600.05642760327,88796.48212521794,88811.35450354966,90680.74105851514,90733.37385356596,95879.78669444815,95943.95816599116,92446.83478786872,91186.61185835816,90241.44466122525,90871.55612598051,91501.6675907358,92446.83478786872
2022-06-21,87845.31333657456,87837.99512041017,89227.45515962307,89246.75113887303,91315.65551173616,91376.54142486199,96871.67189290472,96951.63794626246,93598.97598048563,91873.99356276,90580.25674946577,91442.74795832859,92305.23916719141,93598.97598048563
2022-06-22,88476.49241736963,88504.3998837267,89812.76086875623,89858.22012876526,91780.62870986944,91875.54803448479,96810.75813359606,96892.42946363882,93458.61831287028,91930.36557344292,90784.17601887239,91548.30238858607,92312.42875829976,93458.61831287028
2022-06-23,89091.82233812955,89146.58236903769,90319.92509675049,90382.53813502571,92138.28262526379,92253.72938484617,96763.50352266093,96848.08155479113,93177.8940535763,92050.91026270736,91205.67241955567,91769.16431499014,92332.6562104246,93177.8940535763
2022-06-24,90006.15013184882,90042.0424185927,91675.17879749744,91749.72271264768,93906.43657403605,94035.48487164445,98922.3159317528,99034.205489945,95470.49483994767,93363.98903761168,91784.1096858597,92837.36258702769,93890.61548819569,95470.49483994767
2022-06-27,89571.51619458523,89553.37513718745,91411.31724874329,91454.68589337595,93865.43094389296,93970.61928863658,99613.4205530384,99743.56340443243,96113.82163933237,93646.49945757302,91796.00782125353,93029.6689121332,94263.33000301287,96113.82163933237
2022-06-28,88970.14956296801,88912.6635749106,90836.09442846088,90850.37556666457,93392.20138585583,93458.98070458512,99681.6282404644,99795.35817120984,96300.9770949039,93612.34787866408,91595.87596648422,92940.19057460412,94284.50518272404,96300.9770949039
2022-06-29,88948.85607870146,88906.69061317484,90655.99756680477,90667.2081272827,93029.98723397327,93089.88676633537,98941.98837210948,99039.23863333931,95517.28370384054,93331.53216461305,91692.21851019243,92785.09427980616,93877.97004941994,95517.28370384054
2022-06-30,89197.7847602375,89211.55182982134,90641.9511043574,90684.12702171499,92685.88907784126,92781.92250883028,97798.86115216631,97893.4798373483,94218.9217340188,92728.24731572333,91610.24150200172,92355.57871114946,93100.91592029721,94218.9217340188
2022-07-01,90398.52357016588,90455.71882760209,91862.0366188058,91938.3399293287,93869.65260863547,93996.16420581093,98465.00740296944,98560.29016768117,95072.79395888983,93506.12065573508,92331.11567836902,93114.45232994639,93897.78898152377,95072.79395888983
2022-07-04,89866.22612245534,89866.18387238045,91375.10347508585,91421.37030301064,93478.41193298732,93575.08373386039,98626.55808199964,98723.04623064552,95166.37168667559,93460.73313832121,92181.50422705544,93034.32350123263,93887.1427754098,95166.37168667559
2022-07-05,90074.61129364229,90110.73372536346,91449.62697043561,91519.42677214139,93364.76177023987,93498.42077847388,98081.25307352537,98181.75009574031,94955.82626118927,93488.6604818652,92388.28614737214,93121.86903703416,93855.45192669622,94955.82626118927
2022-07-06,90148.58227379344,90109.03290871358,91787.32832077378,91828.02329172859,93979.53641735304,94086.45721798016,99449.67369925165,99574.55257874206,96090.43166941758,94075.69931930077,92564.65005671316,93572.01623177156,94579.38240682997,96090.43166941758
2022-07-07,90444.97782707537,90389.71689011726,92285.53018453944,92328.5894114717,94673.87316664952,94776.69425421955,100401.70159472399,100542.04076012509,97143.15879684915,94617.5179236739,92723.28726879247,93986.10770538008,95248.92814196771,97143.15879684915
2022-07-08,90131.12834595893,90028.68606147374,92033.29065326211,92051.14804109233,94532.85753188173,94609.3681117706,100767.53270374158,100912.98068567703,97540.8507538437,94772.16994253726,92695.65933405745,94079.99973971065,95464.34014536388,97540.8507538437
2022-07-11,90242.67931542396,90152.10259512223,92035.28773525836,92055.56544075541,94419.82966436059,94503.04591574405,100463.04819751208,100592.06489483175,97108.06045588202,94641.36589301287,92791.34497086101,94024.69225229559,95258.03953373017,97108.06045588202
2022-07-12,90519.30151659204,90447.3005640244,92277.52302430714,92306.65561650184,94589.13156977792,94684.97684807894,100439.50034947015,100572.9770128629,96956.00334127762,94608.71031000045,92848.24053654255,94021.88705218115,95195.53356781974,96956.00334127762
2022-07-13,90024.18007591592,89987.02761254497,91606.53391036359,91639.76771643906,93705.91089553635,93806.46828205325,99067.8116493184,99187.48908545615,95704.43023534876,93832.38197685996,92428.34578299338,93364.36991223777,94300.39404148217,95704.43023534876
2022-07-14,89702.88374792578,89671.00265224677,91200.49153020461,91235.43672927564,93210.68183840055,93320.60372886136,98500.49182397337,98628.89144016661,95119.58282278272,93411.1822645818,92129.88184593113,92984.08212503158,93838.28240413204,95119.58282278272
2022-07-15,90399.92004241198,90312.20729080962,92128.08219925384,92141.16077034165,94378.46168280994,94471.75865899297,100320.0615127909,100466.5700500566,96885.82450746995,94701.18639516126,93062.70781092976,94155.02686708409,95247.34592323843,96885.82450746995
2022-07-18,90041.99863352254,89956.33112878773,91857.89190781732,91851.23448925691,94177.82185145839,94249.391673553,100428.65091546733,100585.48152949587,96973.54804972954,94578.6656340351,92782.50382226429,93979.9450301115,95177.38623795874,96973.54804972954
2022-07-19,89717.85652998557,89636.09420888485,91709.99896773079,91667.6121276466,94181.53263960355,94212.5870116024,100907.04518261137,101081.94015425601,97552.55020083273,94833.56838814293,92794.33202862558,94153.82293497046,95513.3138413154,97552.55020083273
2022-07-20,90461.19061482392,90376.66037929006,92587.76405391883,92557.12577860776,95184.2750208698,95225.05212627783,102066.66620647843,102231.3675942383,98780.72441278351,95696.42812974699,93383.2059174696,94925.35405898785,96467.50220050613,98780.72441278351
2022-07-21,91023.5551388974,90934.9242887683,93178.76157064982,93175.98319957168,95795.73557705006,95857.0293603972,102325.61822609555,102493.1742277176,99166.72584685232,95967.39022930467,93567.88851614392,95167.55632491775,96767.22413369159,99166.72584685232
2022-07-22,91643.24185052168,91550.93689973638,93548.0414725388,93558.4368913849,95913.96470886128,95992.20577855644,102027.55322645194,102193.25883957415,98698.84613198681,96027.12623302854,94023.33630880984,95359.19625828898,96695.05620776811,98698.84613198681
2022-07-25,91272.64151024316,91183.07174088519,93151.231055975,93132.18532531225,95462.91907908663,95519.14745656817,101857.23221555346,102024.71625336261,98488.30070650051,95857.50386692534,93884.40623724397,95199.80465703155,96515.20307681913,98488.30070650051
2022-07-26,91195.86725613356,91104.26643094089,92927.81563458695,92930.2835961152,95101.38127115995,95181.52437284525,101040.55971567023,101201.23857688956,97575.94017074756,95347.48184874246,93676.13810723863,94790.36726824119,95904.59642924374,97575.94017074756
2022-07-27,91578.41038445522,91485.66970818487,93427.62242065772,93429.01147827215,95731.60123455375,95807.38488003229,101966.00567361033,102126.21619871509,98500.00015348956,96004.25480787367,94132.44579866176,95380.3184714697,96628.19114427765,98500.00015348956
2022-07-28,92721.12165107598,92621.38284408058,94638.46216922655,94686.70999126846,97021.5206271026,97132.41916761434,102859.08966683142,103012.05534666312,99342.18185543481,96698.49102014967,94715.72289368582,96037.56831132839,97359.41372897096,99342.18185543481
2022-07-29,93555.26281074161,93449.3282344323,95525.48508282867,95598.60990914112,97952.13592590098,98083.10191920931,103676.9864080384,103830.36440100493,100055.69641269048,97197.45073565147,95053.76647787221,96482.8893163917,97912.01215491122,100055.69641269048
2022-08-01,94148.61954694906,94037.50924612141,96085.23244916319,96201.63595418773,98439.19637620338,98628.90972866322,103558.29180758202,103705.84997399441,100248.69712972488,97380.16076793673,95228.75849659562,96663.02667748969,98097.29485838377,100248.69712972488
2022-08-02,93960.73041003374,93850.24186745874,95911.15477617936,96026.92310467163,98321.93299207372,98503.67592988738,103481.63649351502,103616.71544519626,100014.75281026047,97208.30818792045,95103.47472116545,96506.69703233545,97909.91934350546,100014.75281026047
2022-08-03,93861.58597898716,93746.09537476434,96136.27729855046,96226.46717461069,98849.39540660838,98993.29846218576,104625.53523150652,104759.46162477536,101014.8458123363,97552.51968860373,94955.7750958043,96686.93815767058,98418.10121953687,101014.8458123363
2022-08-04,94253.59045056064,94137.85423663798,96518.44466649386,96621.37265606812,99268.663356656,99417.51467212448,104960.43407332378,105101.61512872776,101354.0583825122,97948.91580090186,95395.05886469412,97097.63015549928,98800.20144630446,101354.0583825122
2022-08-05,93274.74348223946,93162.82697078722,95670.54910685206,95726.32527559834,98567.75142557878,98654.6341776915,104981.24966527135,105116.88923167757,101330.65948853412,97625.8948665151,94847.32140000083,96699.70371101034,98552.08602201985,101330.65948853412
2022-08-08,93973.50459456551,93856.57829019448,96444.31779800222,96518.93346181366,99399.32785211253,99505.70434481865,105616.5427131299,105753.33292140494,102067.57293976787,98219.58333248404,95333.59112702118,97257.58593066307,99181.580734305,102067.57293976787
2022-08-09,93595.42737787955,93482.6572845977,95973.01525702876,96035.74374087345,98847.18033754118,98939.95491432215,105076.0782103462,105209.55957504403,101354.0583825122,97783.59934735188,95105.75507098163,96890.98458856178,98676.21410614197,101354.0583825122
2022-08-10,93785.33999585464,93671.30172610849,96233.3114460076,96287.5446793143,99140.79964689875,99228.80162388568,105486.49930661301,105628.40216793181,101897.96219264827,98159.1450591762,95355.03220907215,97224.44077580818,99093.84934254423,101897.96219264827
2022-08-11,93579.942392767,93465.33176920937,96222.11910077039,96249.32004945124,99334.31507629277,99384.60694621426,106281.835722425,106432.62373008922,102827.87636091642,98610.81896526169,95448.02591852064,97556.554616348,99665.08331417537,102827.87636091642
2022-08-12,93462.70851372507,93346.11962271876,96273.54472182703,96258.64697824423,99576.08342878695,99567.56259225588,107211.85500179973,107347.27145552114,103594.02504352784,99076.41273606542,95688.20350546863,97947.00965919983,100205.81581293105,103594.02504352784
2022-08-15,94112.72971682047,93988.40140931685,97068.61444995253,97074.3064106193,100490.91841961525,100507.62728787173,107983.75796928485,108108.27203836532,104500.5313937546,99677.38771533422,96060.02995651892,98471.6017957291,100883.1736349393,104500.5313937546
2022-08-16,93928.0729761272,93794.2013531289,97018.61892305757,97002.5635933122,100579.74912431555,100570.43516042465,108408.54688300926,108522.68812342446,104769.56513012285,99825.03189883384,96116.6319753671,98588.89859101159,101061.16520665611,104769.56513012285
2022-08-17,93551.37802159159,93414.45499092365,96638.67951692561,96648.34068531114,100251.70165763804,100266.95213658123,107962.49643804022,108076.26167637651,104254.89655136447,99289.90925720107,95566.16878657855,98048.66243366024,100531.15608074193,104254.89655136447
2022-08-18,93831.75631524004,93687.89745611831,97041.04059994136,97043.36885442365,100773.29849528424,100776.17736621514,108663.05927442978,108768.5943769583,105003.50052552395,99831.57017825087,95952.62241779605,98538.5875914326,101124.55276506915,105003.50052552395
2022-08-19,93377.91825699586,93223.13386147845,96755.37491090717,96736.50292610144,100692.79764137304,100661.27843578396,108951.1383480368,109047.47293710682,105108.77770029877,99575.91645218393,95426.27051609781,98192.70114015522,100959.13176421264,105108.77770029877
2022-08-22,92793.15623552071,92645.34883636491,95969.66661759572,95975.42013132076,99752.46571668677,99748.96719868547,107757.29682829644,107850.03689682463,103868.90404135897,98755.24046812912,94919.99278820676,97476.82457482166,100033.65636143659,103868.90404135897
2022-08-23,91825.25681438994,91689.50802922882,94807.73874634219,94764.76095147869,98409.91351690156,98356.85724745585,106666.58962610569,106770.99813577927,102892.20100919793,98218.41832088082,94713.08130464298,97049.97264880153,99386.8639929601,102892.20100919793
2022-08-24,91373.25358799631,91224.85354109872,94623.62593435157,94531.14719607578,98504.32823090172,98385.955353908,107376.85629859519,107485.78763831509,103705.14747976554,98475.92708345424,94554.0117862208,97168.62198437643,99783.23218253208,103705.14747976554
2022-08-25,92132.55257959168,91986.18877993012,95315.37206891469,95273.60551681298,99135.35188499228,99070.68564337809,107614.63302884946,107726.14951500951,104126.22940667487,98815.17021491706,94831.8758210987,97487.40541697759,100142.93501285651,104126.22940667487
2022-08-26,91973.51909999686,91833.6470997351,94995.77480671227,94994.65852750595,98664.05717680194,98652.42258335314,106709.66679588561,106825.89160014957,103248.95828782576,98280.52419179367,94565.25234771083,97039.73158777865,99527.3700277765,103248.95828782576
2022-08-30,90938.85324740554,90815.05056875298,93774.44999326329,93769.16979304104,97278.43982184456,97268.75465329578,105237.79511912439,105379.36105654485,101728.36036959197,97250.00966910116,93843.87728059047,96124.78278408053,98349.29618859134,101728.36036959197
2022-08-31,90274.70989491933,90140.8134105323,93092.64276717429,93081.01822615288,96625.50606778717,96617.08628591635,105069.06143591259,105218.67297187199,101664.02679724718,97144.93741510571,93714.3696807402,96010.25427221804,98257.03089017277,101664.02679724718
2022-09-01,89140.78626384647,89000.34358585191,91860.35182294244,91843.71178203521,95337.70344202586,95331.44604523602,104116.09586348671,104241.22011864024,100699.02321207519,96304.59073973229,92956.48168384071,95199.75825240437,97380.79112854615,100699.02321207519
2022-09-02,89760.66535923386,89593.5173547601,92710.0493845357,92690.51465530791,96458.86848854195,96450.04229661322,105999.99822116253,106132.895048612,102453.5654497734,97468.3082406792,93748.03347783527,96224.21633649812,98722.62317608563,102453.5654497734
2022-09-05,89559.161561809,89410.61031076597,92430.52344314511,92417.84859246404,96077.8644111252,96067.12494086377,104920.22761970796,105048.39250883357,101354.05838251224,96718.20491016598,93218.43226569239,95556.5174301492,97867.36147530374,101354.05838251224
2022-09-06,89035.54712850144,88879.75598555604,91887.96931293097,91873.90506613429,95541.16590630582,95532.40273169671,104587.67216078447,104709.66536881524,100792.60093986096,96293.70787909889,92881.23174949591,95164.42433604748,97402.01414399022,100792.60093986096
2022-09-07,89496.75874346575,89337.48812155944,92380.86600141726,92365.61900017777,96098.10091085314,96089.12127074317,105230.5348010846,105356.38930814932,101283.87062464126,96697.48710168854,93228.36831585967,95547.39941813913,97831.5124923063,101283.87062464126
2022-09-08,89318.9980692295,89130.62680204208,92329.55445381357,92308.9634268162,96224.39984485501,96215.23382561907,106240.28919674434,106350.01544245085,102418.47603286957,97305.0295794538,93506.75861430589,96031.05057025628,98599.16856777084,102418.47603286957
2022-09-09,89635.44285573976,89438.5174252069,92818.10596750642,92798.09731917728,96852.83110659586,96843.23005134302,107064.75684869682,107193.35754386173,103307.4465987077,97736.34831146532,93652.90927374593,96354.86953462049,99169.78774515266,103307.4465987077
2022-09-12,89759.26869773307,89556.85235991422,93019.06228944556,92994.28604031641,97117.78121847974,97104.46449809245,107682.29484572363,107832.10517041241,103892.29401127379,98157.05021097674,93963.76374915006,96736.8050479742,99639.69799450913,103892.29401127379
2022-09-13,88749.46621211657,88560.16593015261,91824.09789428118,91794.93062825655,95748.01607378125,95734.3315260253,106178.357783652,106328.08384628662,102365.84190751382,97014.12597698034,93087.49723063674,95684.58492653692,98382.25151549754,102365.84190751382
2022-09-14,88561.93631620414,88411.450425366,91398.9693936221,91386.5946817747,95051.53795389099,95064.2758990487,104831.36864380211,104981.69189458711,101313.11478008225,96386.90138307543,92754.35881817856,95157.4866194826,97626.1536406991,101313.11478008225
2022-09-15,88371.1815625475,88209.62811014794,91197.72257524049,91177.11848673926,94837.0851607696,94842.94529640648,104771.41046254542,104926.23699817163,101343.88152122298,96455.75158638184,92849.18799524641,95235.1998919927,97683.11491164823,101343.88152122298
2022-09-16,88156.86620169482,88021.88820238653,90829.88277734305,90822.78904724108,94301.51181289798,94323.02196639347,103826.15147722828,103975.47084449297,100297.64565930035,95787.3083410457,92442.16180666508,94655.74404505809,96900.56479148315,100297.64565930035
2022-09-20,87603.7602291088,87437.55778479854,90410.2504150582,90393.48360062992,94065.77020770265,94073.69595522789,103983.39717695033,104105.61863053066,100356.42658270666,95532.0385307844,91971.80336567378,94327.13980779883,96742.44938774695,100356.42658270666
2022-09-21,87955.7648617462,87778.8477973939,90849.59106115694,90831.59515976015,94602.95166425912,94605.95443097368,104674.986618323,104781.88100250553,101020.60437990761,95961.5507210498,92238.89734102851,94701.36626805036,97242.79839793823,101020.60437990761
2022-09-22,86309.6514380628,86134.09440475522,88874.892386892,88838.11313520592,92386.86468839167,92370.60148992915,102688.42480178359,102795.69668210935,99051.56900773176,94665.00935657696,91407.98659591998,93563.31196106598,95743.44233156544,99051.56900773176
2022-09-23,85285.39904659166,85036.35904852505,88043.50856666047,87961.33821682971,91899.4887846272,91829.35443803873,103439.33850962958,103534.83382691379,99886.20610158522,94954.17273344888,91321.55633212996,93724.52391251494,96199.27535144347,99886.20610158522
2022-09-26,83568.90635955553,83225.46617644689,86484.30742440959,86326.20686823768,90676.11442418615,90516.18481501853,104060.41427930741,104162.52378327578,100168.3348027742,94933.01507474914,91092.06499249334,93632.3678909296,96271.30290022763,100168.3348027742
2022-09-27,81362.4328604487,80918.96341149384,84360.89049604465,84122.11423653534,88783.3143722059,88534.55864147005,104113.55269175564,104194.35094742186,100426.95651582647,94661.06897417683,90456.3045014817,93236.40264849432,96163.04087461687,100426.95651582647
2022-09-28,84553.52277433418,84087.30200956149,87761.36232299078,87525.23939455852,92212.25333229988,91929.89810040063,104724.98835717971,104803.51830628526,101014.72987505083,95280.20513350997,91095.29421281442,93862.39470875179,96770.79105715248,101014.72987505083
2022-09-29,84292.68559861717,83824.79421936632,86958.73857740924,86729.30641903754,90806.38983225691,90511.4937999321,101202.1398236867,101275.76882314753,97452.82475314464,93226.40120766843,90083.35110137,92163.33329187437,94259.74378810746,97452.82475314464
2022-09-30,86080.31498683756,85597.1185188613,88756.17158875518,88529.58241523914,92547.41275050331,92229.45372323586,100986.01104235691,101075.71025098178,97217.71002822906,93214.44211640509,90224.75764869002,92203.63590327956,94179.29784775077,97217.71002822906
2022-10-03,85389.46971115704,84913.29134544118,87662.38713467937,87434.62858437767,91086.57782427796,90778.44896253216,99928.97920576115,100028.93605566035,96130.33469488978,92928.94870800222,90491.02893890985,92106.12945878942,93648.3932957568,96130.33469488978
2022-10-04,85614.63822011434,85137.91559888044,88170.47532516858,87936.1192172387,91923.3536960806,91620.09495973545,102122.86672517465,102259.8874088638,98369.74975854113,94193.36730514269,91082.05190370331,93141.2548256405,95208.60220034304,98369.74975854113
2022-10-05,84431.15070482416,83964.16264287288,87074.74055491778,86839.35751331766,90961.49477462984,90673.64445445368,102401.91519518776,102525.87777719389,98640.12945001663,94045.75120246343,90647.63035941147,92895.88056927486,95189.75190767071,98640.12945001663
2022-10-06,84652.82362643837,84183.94861866243,87510.96651465485,87276.5247790476,91650.4515557024,91362.39184552066,103494.53537691956,103589.68102255283,99686.36531193925,94628.64020284552,90910.55135573114,93369.81689475049,95913.2601691612,99686.36531193925
2022-10-07,83400.07824561725,82938.88167238804,86001.49455534686,85767.73567203799,89898.92976408037,89618.24625419953,101742.78791447623,101837.8267177531,97981.81718896273,93424.9482234903,90054.30121713292,92284.34952081423,94559.19220414969,97981.81718896273
2022-10-10,80950.19452199458,80506.90473053689,83467.0476454218,83231.29121637913,87347.44866909021,87090.19028964244,100944.51397295123,101047.25235481227,97235.34251150902,92824.52446092626,89555.87569956934,91718.59684695827,93915.62580881163,97235.34251150902
2022-10-11,80713.84761758082,80272.31350885615,83031.76413789521,82799.31649304157,86691.02004205987,86431.47044168091,99718.552055937,99810.79545055586,96142.092673313,92274.09338283075,89380.21093072146,91295.83087745137,93195.94288776083,96142.092673313
2022-10-12,80684.05708436572,80241.20575033323,83018.17203545972,82784.64510992635,86604.39878960431,86346.33055168873,99657.80466038211,99749.6760571219,96030.4143000668,92076.56253041985,89123.84948624454,91078.19533147092,93019.2161284615,96030.4143000668
2022-10-13,80522.45533105743,80082.07416984598,82451.95063899927,82221.5379456341,85751.04429841413,85493.37374525373,98072.0450138038,98162.62291386323,94549.22292358265,91302.31488925112,88839.80366076189,90471.21435360203,92074.01458184642,94549.22292358265
2022-10-14,80652.07056785213,80210.27082365926,82846.50646761362,82614.2942783369,86387.26740592794,86128.60452596327,99169.50233572364,99259.90443710779,95477.90590740234,91639.23504698537,88767.13710167918,90668.34275889193,92554.08152933049,95477.90590740234
2022-10-17,81477.68393793072,81033.01800902114,83205.13775574381,82973.24653563068,86299.03331487438,86039.10199808163,98798.45526970434,98888.77758757168,95407.37597428254,91776.91434058566,89048.31224174499,90855.02398626672,92641.35731217975,95407.37597428254
2022-10-18,82031.53205425754,81583.17038204086,83938.40207537521,83703.68907989615,87168.79885578276,86907.30132493949,100134.13937339446,100224.22492650604,96665.21060427433,92393.54007255622,89220.52304337578,91319.9974926551,93413.0535533238,96665.21060427433
2022-10-19,82502.24298084728,82050.54630705254,84297.87129058481,84061.45441111612,87272.13232313358,87010.96797859592,100400.83830638425,100490.27660207012,96923.8233486169,92478.07951182353,89184.6132080443,91363.42612372708,93539.70329381592,96923.8233486169
2022-10-20,82499.60998795525,82048.56175632203,84243.74119535479,84008.04240918667,87202.71130709024,86941.18241887525,100393.93624851943,100483.67855109992,97147.18009510927,92540.30092548103,89135.37623936635,91387.60374851152,93640.90754015345,97147.18009510927
2022-10-21,82295.87194689088,81846.65299491807,84173.24257314738,83938.30047812984,87248.03137067489,86985.7850977295,100588.43957446115,100678.94289312791,97082.5246668462,92344.26319888952,88849.05328775656,91160.72331519927,93476.69113659444,97082.5246668462
2022-10-24,83318.4894163149,82863.14843013334,85073.03461492373,84834.85217449265,88013.33625495851,87749.36472404064,101388.36855958248,101478.26706819396,97593.8846193843,92736.81970866054,89158.59987604007,91524.98265100757,93897.93798077572,97593.8846193843
2022-10-25,83496.74712008428,83037.38957761365,85265.38570955461,85026.46179372318,88205.89332157288,87940.76189786641,101385.29737484526,101472.4704907741,97899.5292774197,93395.25634080295,90059.1561401242,92266.14471087759,94470.90743105207,97899.5292774197
2022-10-26,83574.25592854868,83119.73486357622,85348.42137559944,85110.01838447132,88309.71919775536,88042.98037904438,101547.57639733538,101638.41344155539,98087.62105735217,93458.47803731001,90035.96832675135,92299.87405696523,94564.3362314225,98087.62105735217
2022-10-27,83648.08253591819,83174.39890245654,85084.97762831053,84848.35849329173,87819.65018037324,87562.4089349742,100640.5270034092,100732.84303232685,97323.51389661853,93239.14866405756,90193.48691528279,92209.17224066879,94213.21225353109,97323.51389661853
2022-10-28,83592.97158030893,83130.34171187045,85143.88193990939,84905.92531949696,87948.81257451394,87686.21705510307,100878.94479191651,100952.71476687754,97364.65336803517,93167.31344536705,90043.78370587036,92110.74643522264,94168.72564306018,97364.65336803517
2022-10-31,83698.01216060444,83256.71539540062,85498.57732271611,85259.74342454747,88566.27736241376,88293.37786258245,101953.46299792276,102025.1974655596,98428.53068194745,93700.39878785479,90208.92849871132,92518.2780539628,94830.17481920574,98428.53068194745
2022-11-01,83853.73166951281,83390.86564185495,85616.34780077887,85379.23369346082,88646.04686920893,88372.76260484499,102186.02508900194,102274.13246265554,98875.2352062225,93954.1546334841,90328.78986921541,92726.3508690593,95130.58344369761,98875.2352062225
2022-11-02,83777.6907579309,83325.44438642234,85368.66563480734,85131.92313553192,88343.67418859439,88076.08269581548,101696.6201230759,101792.63561944304,98193.41595703189,93565.72171512168,90143.9551720441,92407.38271030315,94671.21345629092,98193.41595703189
2022-11-03,83645.4342788749,83197.237721449,85396.45668713737,85160.612029922,88498.1814204488,88226.74581549843,102192.41281713534,102304.92348980925,98745.92434969636,93678.6842788433,89953.01732032052,92416.6098086983,94890.52200275744,98745.92434969636
2022-11-04,83708.90808937402,83261.02167103568,85428.30004637771,85196.3307297171,88569.43120183625,88300.87733510525,102126.88107969143,102260.10067063928,98834.08676609615,93737.66438528475,89991.69721722367,92468.66590594425,94956.55500811286,98834.08676609615
2022-11-07,83487.62311696174,83060.3378493552,85208.7316015603,84976.6483112796,88321.68929430677,88054.69158851138,101739.35361595225,101865.50573952937,98487.30263664409,93433.02272913586,89716.89850236055,92174.18020084084,94641.76067139645,98487.30263664409
2022-11-08,83763.56489277474,83323.08634593851,85558.61887346872,85324.04505836008,88788.45073744607,88515.49776904113,102388.26512281447,102507.30219805992,99251.40979737772,93997.91353791619,90142.81785769406,92691.6874623456,95254.7748799703,99251.40979737772
2022-11-09,84123.70312241254,83651.29416864392,85832.47416325513,85593.34779005867,89019.3301023063,88741.94025876049,102566.49772953322,102685.77232913503,99274.91678551442,94106.77917202764,90310.38594365111,92820.60472829523,95342.96904351731,99274.91678551442
2022-11-10,84931.33049215845,84430.21173503406,86647.70815061835,86401.44329996612,89842.40238065575,89554.57313276803,103472.88433370156,103586.82902042681,100385.80807570012,95351.55709053094,91644.65976795986,94096.06608694326,96555.16441064411,100385.80807570012
2022-11-11,84780.77144305248,84297.7243721526,86596.10816826734,86346.59701478176,89855.90698934034,89563.87983246718,103610.99843308942,103732.87472987818,100850.15405196483,95456.42008167236,91500.94753715636,94116.08000594846,96747.00072092732,100850.15405196483
2022-11-14,85057.33383664717,84559.04950427594,87001.35057473305,86752.32269251265,90397.75295256026,90098.35867567654,104477.48726449544,104597.24205608822,101720.05611237818,95899.59014409217,91648.27549402355,94458.30029330339,97293.36716083865,101720.05611237818
2022-11-15,85104.90574415508,84599.40547061867,86866.13500178537,86618.38925894754,90097.60235938359,89804.09910887375,104112.3971036929,104235.83474033869,101461.43439932591,95827.77075537672,91705.66776421861,94430.5844043099,97176.35537952505,101461.43439932591
2022-11-16,85092.13555040922,84575.86326715205,86601.35406654386,86352.93019805147,89677.56886970824,89390.96513975033,103202.16034954632,103318.09129115922,100244.7482094605,95317.39478883838,91684.42213048087,94087.1370380605,96495.13975151179,100244.7482094605
2022-11-17,84909.705920309,84398.84211841566,86414.2431559657,86165.87813481769,89449.06707143584,89164.40624794224,102933.77814220545,103051.27736876433,99992.00100126494,95128.09761614648,91539.40963941686,93912.93814356439,96290.51675438642,99992.00100126494
2022-11-18,84908.58178511205,84400.57598517838,86423.49562468959,86173.31360093008,89396.23680322933,89109.50091584044,102726.98639137184,102835.9804410094,99698.11432165277,95023.35680650869,91565.57844399843,93852.8770325463,96140.02132615328,99698.11432165277
2022-11-21,85121.46632661013,84597.15957222745,86641.90453192353,86393.52523658311,89639.35257383296,89352.20162576206,103096.10060468536,103205.81254144042,99862.69014473881,95145.1852767162,91657.58528411857,93964.53761803606,96272.17590554428,99862.69014473881
2022-11-22,85196.50645840453,84689.65147925736,86725.70858814247,86476.89017678743,89818.95918119127,89527.21993859089,103411.39327723299,103518.98850875536,100232.99023103727,95365.7778704374,91774.23317302237,94149.66812767362,96528.96254639745,100232.99023103727
2022-11-23,85385.2810892505,84878.67985403801,86731.8370282997,86482.14081176044,89633.18352312516,89341.77719378572,103005.57124884496,103108.3204592432,99768.65322348228,95271.52231820177,91935.84856320228,94142.75341867692,96345.16745339235,99768.65322348228
2022-11-24,85345.96523221901,84839.61216450925,86747.66707402494,86495.0673091919,89674.51648766668,89382.16707209706,102984.54825386005,103088.22894890468,99933.22904656832,95522.67298772186,92246.20001677088,94414.1407941906,96575.33129286933,99933.22904656832
2022-11-25,85181.19357164306,84674.91397752514,86666.06250890168,86412.76097558366,89651.59699366346,89355.23891667045,102985.07610722409,103084.05995929019,99827.4251781789,95294.58543183052,91934.18935511242,94157.37910213953,96376.86809278194,99827.4251781789
2022-11-28,85079.10737427193,84573.56766708897,86501.62411243342,86248.07389616003,89469.84093597782,89176.01520020235,102740.01244913621,102841.18375302489,99545.29647698991,95156.30152782016,91895.60260872132,94053.11587778831,96203.79663298358,99545.29647698991
2022-11-29,84990.87594162657,84486.34635339626,86320.76071730873,86065.22293704042,89238.53947012445,88946.07452703807,102435.01384834958,102534.97761808785,99368.96267548065,95055.2950076216,91846.87323334067,93969.94542759977,96084.57712673646,99368.96267548065
2022-11-30,85056.55228862859,84550.24655592826,86596.36318669718,86338.79774518778,89679.44488862832,89377.97606723271,103241.73130366218,103342.24832380723,100221.23225261406,95407.80442344786,91853.31199955672,94204.34822254226,96557.96792658564,100221.23225261406
2022-12-01,85314.4357834907,84807.85414758613,86819.53142499528,86563.20858749002,89826.7956325283,89530.64453553762,103126.19850718295,103221.67358775089,100109.56284807759,95714.84231773541,92448.84657400992,94609.90709457893,96763.64024845164,100109.56284807759
2022-12-02,85113.37679632701,84607.34246319438,86612.67396737372,86355.22082012976,89622.81291990589,89326.38818018342,102793.28553319456,102886.12750763328,99733.37928821266,95488.75669986162,92326.98857044494,94419.37956493974,96501.26691426578,99733.37928821266
2022-12-05,85178.26830015468,84672.33493998913,86632.25093225802,86373.04967329152,89605.0038774742,89305.9600313856,102720.24866388692,102809.08622223977,99645.21687181288,95457.33772501028,92334.84225134383,94401.36442200567,96456.12163065217,99645.21687181288
2022-12-06,84728.57581267226,84226.71765850432,85886.80837112456,85625.05314703523,88586.37860878061,88296.53889536881,101048.26037968922,101132.40583124042,97970.0592105395,94557.14343813712,91972.13886922147,93684.56739567184,95368.53247022037,97970.0592105395
2022-12-07,84732.28521698789,84229.49367816903,85842.34514797018,85580.06150274977,88521.72174543412,88235.68447309764,100859.91846284695,100947.05610517158,97652.66554279061,94485.57629447083,92070.55546041817,93671.02279248842,95237.49003243432,97652.66554279061
2022-12-08,84730.12955399,84227.44673661771,85938.99218517538,85678.88385935224,88715.99413994828,88432.09259825964,101210.5239699663,101304.5872777536,98128.76052876879,94760.40914568634,92205.7004443464,93898.19704508828,95560.98425957153,98128.76052876879
2022-12-09,84593.5821032731,84091.01561551672,85803.98262019672,85542.49433327286,88575.87469126568,88289.69438471555,101001.35249822162,101092.9268211121,97923.04523426609,94555.65140612952,92002.09602772392,93693.81151895702,95356.02511372283,97923.04523426609
2022-12-12,84489.7964716621,83987.22340429823,85667.61731471993,85406.84329034193,88414.17966451979,88129.6211258193,100646.94792987201,100735.31495445967,97488.08971970454,94321.34266185346,91906.95272381768,93506.98728213526,95073.19790346787,97488.08971970454
2022-12-13,84797.39498413469,84293.83949460939,86258.14885773303,85995.68465509922,89248.32359194255,88955.33221512781,101890.82531614146,101983.87645880756,98869.36070136572,95277.91715571721,92567.85791244349,94362.72493828312,96132.40022729259,98869.36070136572
2022-12-14,84678.43110302718,84175.90614292647,86084.14954292991,85823.2849020006,89056.6244240267,88764.26797597275,101667.18425945948,101758.5170530212,98675.3944165765,94988.72660692832,92213.58312143676,94051.28515646645,95866.29515243748,98675.3944165765
2022-12-15,84377.06268209465,83873.88057000747,85378.46536283492,85113.4185812035,87986.12352164142,87698.58030275945,99945.92641883557,100028.62618890562,96817.77857637976,93894.97774563632,91650.12495916917,93138.45516891275,94587.86520651921,96817.77857637976
2022-12-16,84142.81815928419,83640.81072757558,85098.94266098477,84836.06693481913,87586.58877147727,87311.41100619907,99407.39658691717,99502.44753768206,96239.57941033658,93540.45760224872,91450.96922292883,92836.93700162975,94179.27097155615,96239.57941033658
2022-12-19,83814.71412569201,83313.29094845103,84781.66782529397,84516.71221409622,87303.04828281695,87022.36143929312,99035.86639526722,99122.88352878706,95968.18788572757,93198.44139872295,91060.9885522168,92478.51046526337,93854.39537452611,95968.18788572757
2022-12-20,83538.56234591104,83037.71801368712,84581.29421021866,84316.68463040004,87268.60605870499,86988.69086984528,99165.68005888005,99256.5665142341,96027.18173767353,93015.99468355108,90712.19801532043,92239.25713445072,93730.40022185231,96027.18173767353
2022-12-21,84161.61882757122,83667.71632100237,85491.48727301545,85241.17779626088,88483.49932245357,88206.17560561773,100990.38343068986,101086.47000357218,97797.15934234174,94040.46139519113,91219.22045577208,93087.18328264938,94935.1164082431,97797.15934234174
2022-12-22,83865.04564352223,83365.61642111934,85024.94954395754,84761.50489528093,87795.98645185611,87508.2402147864,99911.86968920939,99997.2133206939,96770.57809328003,93450.30214951646,90931.9500623869,92600.36402760874,94239.43772231854,96770.57809328003
2022-12-23,83926.69530637287,83427.7836005431,85085.29357627478,84826.04775070262,87889.64470235865,87605.36765195511,100068.67311289039,100156.51388401637,97077.36772957093,93570.91337208606,90923.66340389551,92676.98399658926,94405.08313999309,97077.36772957093
2022-12-28,83817.07935900457,83317.00220434865,84921.2670576506,84660.36166899574,87763.24070131325,87473.1920142895,99929.28978662218,100011.68240849281,97030.17624904282,93306.44162234837,90509.73429911208,92361.46181508998,94193.22870718734,97030.17624904282
2022-12-29,84017.13396610953,83519.22463806771,85215.67429473766,84957.61783147599,88168.51941858465,87878.2062789852,100596.76267986992,100683.51168596254,97702.76737871389,93734.11254731122,90767.19213190168,92731.06931765488,94680.1029057887,97702.76737871389
2022-12-30,83987.18249567514,83489.92015932388,85140.17359041827,84884.12239458167,88059.27949831773,87774.35887494795,100404.2126731653,100496.92926578377,97283.8687178109,93436.9203048921,90554.78604413672,92462.79065062078,94353.50374289957,97283.8687178109
2023-01-03,84184.10683289224,83684.38232567762,85377.5979178342,85113.22102839958,88412.87447463212,88115.24427275958,100856.52632078872,100938.16576214874,97708.66406313698,93862.57072236869,90980.00464057027,92888.33837548929,94778.88424736042,97708.66406313698
2023-01-04,84535.16952965397,84036.60094309121,85781.15488627937,85513.40364989235,88900.27487277519,88593.07607525229,101434.9590932869,101517.8890090124,98493.35521484849,94390.49064419772,91329.28421438069,93355.32846172026,95368.8603539984,98493.35521484849
2023-01-05,84479.7998761608,83980.62120940337,85770.58856521231,85502.40147475438,88942.0872680851,88631.00310366467,101523.45882264327,101603.88848466979,98587.756181048,94397.92606148691,91276.62778937453,93342.25014906241,95397.3388717942,98587.756181048
2023-01-06,84750.07725939472,84249.978752277,86092.85373229173,85819.12126990077,89330.81627980345,89012.63225992583,101973.12579056014,102045.47223545416,99059.7430069022,94941.76719929931,91868.7979802385,93902.64729087811,95923.71198075518,99059.7430069022
2023-01-09,84882.28348226126,84385.1553396822,86449.34056209067,86171.35755652882,89829.93156908113,89506.54797250386,102691.68458938837,102767.39860420328,99779.53461967302,95443.1140397202,92218.04342058855,94352.12152774644,96477.84458054534,99779.53461967302
2023-01-10,84656.57855779026,84156.66210999864,86046.4690874023,85763.61592161201,89258.19259778192,88927.12001970294,101851.6140647414,101912.23696327666,99000.74915495625,94797.73419548874,91666.36770261967,93738.66314353026,95800.27834037851,99000.74915495625
2023-01-11,85291.77693724669,84796.14667749911,86751.23103270926,86478.68081676845,90064.81207980934,89739.52944517073,103053.45354902011,103129.69845962,100251.53044809887,95715.60287853196,92352.06244037798,94577.3673462217,96798.57042658949,100251.53044809887
2023-01-12,85649.80305505921,85154.34060971013,87105.77243554361,86831.46241749644,90473.55435088575,90139.14793612382,103629.6790732482,103699.18723213999,100835.62629856517,96165.08388287363,92707.47459407947,94994.78179478104,97280.55943386091,100835.62629856517
2023-01-13,85610.44164321222,85112.99706825022,87090.06348554677,86808.35218489658,90511.90965256686,90170.73452364284,103674.8956438769,103733.27982739323,100782.52913104232,96207.42165330071,92815.63511956751,95059.59497820263,97299.79728713713,100782.52913104232
2023-01-16,85666.17525418538,85172.11173699732,87263.46077656245,86985.34198169819,90786.40325469142,90444.8937257531,104068.44864512289,104133.68970706171,101266.31832831439,96433.18848898307,92862.62317636231,95224.35297132755,97587.96778173062,101266.31832831439
2023-01-17,85552.96491623041,85056.18164262954,87052.73665655676,86769.8553055639,90415.71118435306,90067.86894608973,103533.23084472581,103586.60090598985,100688.12816484281,96140.50777945336,92767.86949271608,94999.21101607615,97226.24190280716,100688.12816484281
2023-01-18,85410.11355599007,84905.50536559688,86704.29321912801,86406.4071296295,89867.70515565545,89508.08080019472,102469.18824514,102504.21618391425,99744.13650799112,95828.73062313355,92893.56182542208,94836.7470410255,96761.52561010218,99744.13650799112
2023-01-19,84993.18441484247,84482.03994371065,85990.24456781067,85686.24787668325,88895.37258528253,88539.78933221631,101015.79214929749,101037.69638645543,98198.3589474038,94919.75051586288,92426.65160132188,94078.58787415073,95698.58576008951,98198.3589474038
2023-01-20,85039.1185876342,84532.67118688763,86242.36896998456,85943.13933158782,89334.58265147606,88983.37725811328,101875.20309642582,101906.56448750423,99248.54493930122,95360.82864612238,92445.9112214864,94375.70943383905,96286.99247086866,99248.54493930122
2023-01-23,85549.51852609117,85054.5713222441,87029.24909556822,86753.285077309,90358.373972335,90028.59049162657,103535.31630304667,103604.19516966314,100935.92394918778,96329.52202653459,92915.82463868528,95174.22812313159,97429.45231809709,100935.92394918778
2023-01-24,85758.55593991392,85262.46818725031,87202.91090563578,86927.58768126863,90543.91044749325,90215.03912872678,103784.7438044665,103858.63200855243,101148.32162185083,96545.33709326685,93133.48194406115,95390.6947809447,97644.40849041942,101148.32162185083
2023-01-25,85541.76152189901,85038.13376137415,86797.11823120664,86509.02718952976,90007.53104485066,89666.90532556115,102928.78794686157,102983.74872251342,100269.22950393983,96020.38251185881,92854.41919427476,94949.62905895198,97033.83627575694,100269.22950393983
2023-01-26,85697.94414701534,85201.85127353415,87124.89625284499,86852.3826617793,90435.43549238863,90109.49847958423,103708.60001820316,103783.02607806194,101171.91736211488,96492.52030992521,93028.00786380234,95319.89598608711,97610.0900706936,101171.91736211488
2023-01-27,85780.49489505451,85290.50142608148,87306.01747567311,87049.71194837554,90723.44675053125,90411.02285059638,104248.08019627072,104342.4830866403,101655.71556195857,96656.24078643661,92970.2320625091,95408.01794620568,97851.23974395063,101655.71556195857
2023-01-30,85738.9945555402,85246.3441804142,87177.16748068022,86919.8405223346,90527.50546820088,90208.90348821186,103896.61641885937,103983.56427677718,101325.32118283198,96398.51482484763,92763.3230258868,95167.61308884494,97575.96739248009,101325.32118283198
2023-01-31,85832.02542678712,85341.76894487037,87347.47887007252,87094.30585874288,90790.08778188689,90477.76525522338,104222.35782970612,104321.61232593433,101525.91648407718,96607.565243388,92977.71188671458,95378.50794250806,97782.94087349629,101525.91648407718
2023-02-01,85937.60228077052,85450.4764313345,87551.6164004578,87299.75500872795,91083.64031196511,90772.71719832157,104661.60290015674,104769.10942354356,102068.70853586684,96909.92587612671,93113.26120377734,95623.95330465665,98143.43711620015,102068.70853586684
2023-02-02,87238.20515269837,86758.58620877178,89010.60179039098,88791.37319540679,92729.31084895605,92439.61935112767,107031.68831940125,107188.90151449417,104652.87871950536,98790.31061272683,94502.96866874394,97337.02529084751,100193.84778775333,104652.87871950536
2023-02-03,87316.7473050561,86847.02475367759,89403.92588814149,89193.91052650943,93366.80852552358,93076.85782163165,108155.84563334555,108322.2643474146,105661.76091272612,99107.16294637676,94341.02012373044,97490.45502040509,100678.11281805582,105661.76091272612
2023-02-06,86874.68455503619,86412.88332528247,88926.51405491978,88728.03428914385,92859.26487623084,92587.7504214012,107433.00825187453,107607.05143259607,104741.37399871013,98457.98772516077,93880.75169660265,96905.70171447794,99963.4050095667,104741.37399871013
2023-02-07,86727.63120049743,86267.83948938295,88768.06305735119,88570.0361267308,92726.6782898933,92455.89959017768,107295.22847527917,107464.94040771863,104664.6720883516,98332.74078132611,93722.27172475864,96769.09632123192,99849.92368545523,104664.6720883516
2023-02-08,86611.65606869278,86152.33229235571,88634.58211929224,88433.82610529457,92585.88493733127,92310.78081494688,107046.44999449489,107209.87571522717,104334.27770922499,98075.01073847456,93515.35579742694,96528.68642307408,99574.64824092312,104334.27770922499
2023-02-09,86715.51181059166,86253.44376792216,88656.82896278899,88449.38444582578,92468.11842152102,92185.7356114487,106773.03839164927,106923.39005531013,104121.88003656194,98141.6476097792,93774.58381843937,96661.07821058965,99573.75358011232,104121.88003656194
2023-02-10,86288.46600946458,85834.7503737818,88218.45417392692,88020.64947963311,92017.19355136558,91747.29580774906,106319.5462923153,106474.23470858467,103584.99367176702,97558.08340054985,93160.17735480264,96066.92357100043,99001.5709971474,103584.99367176702
2023-02-13,86457.99294821208,86001.65015759598,88506.81868072915,88302.3512030136,92382.6767911197,92099.08814826087,106832.90069015662,106984.91452874837,104133.6824079798,97840.28101590241,93257.61059296867,96286.07487401876,99348.21321655971,104133.6824079798
2023-02-14,86127.38943218975,85674.13170694897,88207.2594084205,87997.66777364936,92060.31728916128,91771.57172052206,106299.19610264935,106440.6143349588,103596.78704061324,97451.4286866414,92971.95738761906,95932.41241816997,98923.59451406097,103596.78704061324
2023-02-15,86520.28522217942,86062.03729137141,88814.99934682615,88601.76928524599,92936.78037563407,92637.53900188007,107682.01790820611,107836.50743750118,104888.8721324325,98135.92179298982,93235.09439392034,96473.13239096788,99755.01335686403,104888.8721324325
2023-02-16,86497.45351391826,86038.86331245287,88792.91946858852,88574.51586789788,92923.24178444828,92617.25325446669,107671.9472862028,107818.81705976198,104995.07547004984,98128.28523977009,93148.83797096294,96438.65531570045,99774.92527394168,104995.07547004984
2023-02-17,86112.7673527381,85655.0574742362,88216.18590350205,87990.75160045672,92214.50973835039,91905.04223806485,106432.49371218872,106558.163508099,103702.99037823058,97386.01778061272,92788.15608220246,95826.5778190672,98899.72105166895,103702.99037823058
2023-02-20,86190.00121788065,85731.92643500809,88315.80059727267,88088.79760457299,92309.39371981236,91998.78706737864,106634.25220633019,106760.6083712995,103815.09040027103,97488.7451492225,92884.16224881467,95927.02145771994,99004.70124032641,103815.09040027103
2023-02-21,85462.1066978834,85015.60585968757,87367.48183622483,87150.40199524362,91113.15873407552,90812.97028139564,104690.81583484773,104798.43487930097,101915.31371772142,96214.36730049187,92044.85810495206,94801.0377583358,97579.17600518354,101915.31371772142
2023-02-22,85502.77258220338,85056.74987470944,87372.53500955019,87160.17688091539,91102.11080259904,90808.48358160834,104659.63592808851,104774.4140406123,101938.90945798549,96251.42399999891,92091.12433669053,94841.24235655379,97612.9698941114,101938.90945798549
2023-02-23,85537.07560583203,85090.32429464013,87433.14137671942,87219.00920188113,91160.44573067152,90866.38289075773,104747.44581021986,104861.6251317985,101962.51420082118,96339.83630184604,92224.09196210778,94944.87451015829,97685.68677026063,101962.51420082118
2023-02-24,85322.37725551172,84879.6603682181,87201.77879566178,86998.95620430636,90941.74768785226,90660.73453905116,104483.96511721823,104608.24445184453,101514.1141126594,95933.20399057052,91847.2887591244,94548.38271091462,97269.00754414767,101514.1141126594
2023-02-27,85315.37982111963,84870.06641557721,87313.11320115418,87099.5601793631,91100.58718494508,90803.27604191226,104671.95958444475,104784.98869365068,101820.91275152196,96098.24156268784,91914.00430399118,94679.87186470279,97468.32448454067,101820.91275152196
2023-02-28,85073.43278783123,84634.9875704976,86909.09446887871,86708.10003299217,90537.84426221954,90256.37093625063,103755.48743934072,103869.20947829132,100853.3253544062,95533.29669174792,91628.55356008877,94210.2830030667,96806.03050708433,100853.3253544062
2023-03-01,85038.46241371792,84596.53524000515,86937.8883815743,86719.08173795846,90710.85521010091,90416.1591278231,104185.82777915329,104289.19450027289,101360.71929451397,95699.8320748823,91559.23093855375,94296.31727368229,97055.02328276524,101360.71929451397
2023-03-02,85126.76013956801,84682.33586545916,87125.75663374823,86898.774526883,91015.0443185443,90710.47496705176,104739.3994072239,104841.61697386552,101879.90660346793,95898.80217217618,91536.52372665127,94419.63075684663,97331.45111338786,101879.90660346793
2023-03-03,85551.30543288309,85098.14356495143,87775.86676825774,87545.83304742041,91845.8549330267,91537.02731113696,106035.80137071833,106154.84092130582,103142.49927060003,96773.954203927,92141.93760734037,95202.78992739251,98300.22773628292,103142.49927060003
2023-03-06,85723.93933267344,85270.79572814557,88066.42516378323,87842.43187666572,92215.45191357956,91909.07986006344,106616.96249532272,106754.83697189047,103756.08754575347,97163.94120701335,92376.52871413864,95539.76793108863,98744.2647672085,103756.08754575347
2023-03-07,85744.7359161779,85292.97589297577,88034.1529615447,87814.20111628414,92136.4560511558,91835.64220198488,106545.38100816595,106683.77769635503,103649.88420813614,97143.76395588204,92415.82495244223,95539.8919740773,98703.27363558678,103649.88420813614
2023-03-08,85820.35169255671,85371.88747048653,88003.62040934549,87781.29080681324,92061.43369202221,91757.82754981177,106452.60680928272,106581.97629971213,103461.09127830878,97057.0187286264,92399.7805196621,95477.27389064064,98591.84741869292,103461.09127830878
2023-03-09,85614.97687598194,85169.11857931728,87718.02032268854,87504.61471358837,91704.78562432711,91409.93115745609,105886.35096405455,106017.3591447246,102906.49685510129,96640.90723093016,92080.32970148265,95094.1172690002,98142.28696890036,102906.49685510129
2023-03-10,85235.88252405319,84802.00972933347,86816.95480369293,86614.72976326004,90301.44784920012,90038.64108679454,103320.61543946374,103428.18004168745,100440.33238049794,95589.87326318321,92009.36303915324,94377.55408142605,96748.97076782884,100440.33238049794
2023-03-13,85022.56772178692,84604.21969040882,86202.6973223938,86026.29540753158,89321.90308527801,89106.97780985736,101498.68780486698,101617.73536288677,98198.35894740389,94682.23735988165,92025.63987628694,93785.23364575845,95518.58194943567,98198.35894740389
2023-03-14,85051.90987997044,84625.23732151871,86485.33037721844,86295.5905987987,89837.66462954294,89596.87824130892,102308.35190034707,102424.05116451766,99124.642545843,94936.79780503176,91815.57652652793,93881.20479885876,95935.65042939429,99124.642545843
2023-03-15,84872.35806014902,84464.49245560326,86058.89140266295,85923.31734750136,89136.7500543337,88978.56248365417,101090.78366204389,101264.35253975466,97667.36026446045,94587.76900004859,92232.94445725757,93793.7764045512,95318.49457127934,97667.36026446045
2023-03-16,85105.75673599068,84687.21722544408,86524.55012314246,86377.20059572386,89860.23715482376,89677.03067150639,102423.33020145976,102604.90331723895,99145.6867596803,95205.62078404897,92254.91413089949,94208.26732326286,96144.4753240915,99145.6867596803
2023-03-17,85077.67368710822,84667.13148737754,86330.71817394525,86196.05921892749,89504.03230203409,89344.29810018752,101719.41955185469,101904.31753179658,98268.97529950782,94928.10144096907,92391.97081220002,94072.2492536903,95722.00263588647,98268.97529950782
2023-03-20,84995.97822521883,84579.68941338987,86214.39542317674,86064.63310313315,89406.45927653693,89227.97576866864,101418.49503499753,101579.81111281585,98049.79969419338,94856.051713258,92421.72563768394,94034.94660042567,95614.36158284839,98049.79969419338
2023-03-21,85476.53410034944,85051.11406622465,86965.80709795817,86806.48868987396,90429.47641574017,90229.70347917776,103067.21112863193,103223.93219148465,99714.37008236085,95619.10153417046,92560.19093876003,94584.85221308004,96595.4512892238,99714.37008236085
2023-03-22,85387.68267153087,84958.09367016976,86910.70057126139,86749.58654969241,90455.18760707372,90255.47752444701,103253.52514493739,103411.5090561679,99898.00467480427,95604.46418291672,92408.6266398444,94523.46838644921,96628.7945820002,99898.00467480427
2023-03-23,85419.05055138757,84993.17943897046,86828.49356065613,86656.0449648092,90258.74527407749,90051.26969726261,102764.52190494465,102917.30270022499,99477.41493169614,95643.85364569123,92765.66549091176,94671.30302915646,96556.8709788674,99477.41493169614
2023-03-24,85307.77762423732,84891.57401823127,86560.81710098183,86405.17021805936,89833.05879620394,89649.71809889679,102167.92043907066,102336.49705694284,98725.10605548698,95319.90659243143,92738.39999758676,94448.60485620693,96129.31551184053,98725.10605548698
2023-03-27,85395.74477281136,84976.03723702436,86808.72197040384,86653.95062287059,90151.42165080764,89961.77734004178,102692.16612815326,102855.30134113148,99293.78033925274,95500.14617211577,92649.88404599784,94537.11400966102,96403.52308361403,99293.78033925274
2023-03-28,85180.77042785658,84762.88795683315,86525.62573805303,86360.81601103258,89769.38191442945,89570.80899044644,102137.54213989859,102288.68578192726,98890.9701414949,95209.4978028408,92437.41290882792,94273.12371000218,96085.77645566248,98890.9701414949
2023-03-29,85555.17564596611,85136.6868614626,87080.57523552471,86914.48696593546,90470.11295645415,90261.08587287572,103242.07795241952,103393.67174787514,99921.69567041336,95718.6011143537,92584.96755390646,94658.85287704738,96721.0282240443,99921.69567041336
2023-03-30,85758.91959682999,85336.1985716027,87439.01823108298,87261.3149482252,90922.09036415211,90694.80199263353,103815.98609754199,103956.30305546016,100638.4725726663,96189.09409656074,92884.20255183039,95070.93022487036,97251.04813804518,100638.4725726663
2023-03-31,85960.81231046194,85535.60733768618,87715.31157876312,87542.02371427996,91315.65833478428,91090.48788658643,104468.12112912453,104615.73619200046,101325.6289512218,96578.42992214969,93066.8749194356,95389.75495692313,97712.39390626198,101325.6289512218
2023-04-03,86283.05300216998,85864.17056920109,88012.73935107722,87847.0669392378,91590.75201496712,91371.64215044052,104824.51289767196,104977.67736487513,101615.88658227827,96943.6919203596,93483.07094132721,95772.44349540793,98059.45204646421,101615.88658227827
2023-04-04,86092.91432514331,85673.4435295338,87704.04588554574,87532.42269029305,91199.20204185713,90975.5145668388,104063.4871488467,104206.68742727305,100798.41616950065,96503.24699579283,93304.12535938449,95421.2244951858,97527.83848090131,100798.41616950065
2023-04-05,86064.07098092817,85642.10357692862,87629.55261981362,87454.84055308819,91090.18578361302,90866.90014592031,103704.62107376612,103841.79318360711,100395.59693282802,96447.96802329781,93489.05271763679,95447.94278289756,97388.46878812354,100395.59693282802
2023-04-06,86142.83072698164,85715.32927279027,87817.42540358349,87635.20111146203,91407.04427657886,91170.25592507285,104225.56280711127,104356.25758243463,100822.10716510972,96593.8513673049,93440.7344429676,95527.5437496696,97602.2375299797,100822.10716510972
2023-04-11,86185.47017663282,85752.49739301445,88024.54091102933,87840.70750709639,91737.78502748549,91496.21290908441,104849.60102718981,104983.74287236697,101532.9545392743,96840.55149032571,93366.21874187706,95664.61122238403,97961.21697207626,101532.9545392743
2023-04-12,86081.85155136327,85643.97546565674,87917.7766564213,87723.71065566315,91641.77339674011,91386.09309115836,104583.66138548739,104700.44637374509,101331.54944039539,96753.0016584972,93357.52805575129,95603.97359638997,97846.12903757015,101331.54944039539
2023-04-13,86112.33037197684,85669.7162488006,87950.11733217198,87743.98281401694,91755.77442859233,91483.22104805356,104699.90155673873,104805.82046274924,101438.18151792318,96814.08203560268,93386.99554575603,95654.26819570456,97918.22312006689,101438.18151792318
2023-04-14,86183.13331069975,85736.6865569597,88203.86908589664,88001.85428440839,92125.97759577668,91851.54998928568,105384.43172505841,105495.44195387875,102154.94938126135,97042.7754397828,93277.98796659015,95767.69925563273,98264.98849061376,102154.94938126135
2023-04-17,86238.90651087719,85791.41885339076,88324.95100186263,88128.24936027017,92339.62143518688,92072.19931532494,105893.42104809247,106015.64534681335,102747.32369955098,97270.82844938744,93253.82761755314,95909.6741284531,98581.16737914973,102747.32369955098
2023-04-18,86152.20608816156,85698.09197489794,88283.53623521692,88078.9555054944,92378.58220603617,92103.14826469994,105897.07713115794,106012.04068622281,102729.55319311547,97279.90872749696,93281.4340432552,95925.0799273345,98583.74887478097,102729.55319311547
2023-04-19,85991.67618042618,85536.75757307383,88103.778800795,87903.77395736575,92149.57315527347,91878.35420204235,105519.71001054742,105632.61551270664,102231.96093509175,96913.56978066023,93006.64214726543,95589.95536535447,98185.70305422388,102231.96093509175
2023-04-20,86118.0156124896,85666.5153821043,88128.05966247078,87926.72296611122,92104.8285951012,91830.28843285622,105374.65190770806,105481.01875451137,102072.01733825741,96952.47874302736,93182.82082966465,95675.73037110205,98176.48728096098,102072.01733825741
2023-04-21,86196.76935268236,85744.02949845408,88234.14259805233,88027.17035747955,92197.90572802919,91913.72948681422,105431.2219872573,105529.55803084771,102184.5699049588,96984.85133085806,93159.72900151156,95689.17158761795,98228.25728449287,102184.5699049588
2023-04-24,86184.18204849526,85731.98799921384,88205.75175679979,87995.16300456956,92119.23934485992,91829.17213989205,105174.29246844261,105264.64733886406,101835.07122650748,96863.82590813146,93196.81884651072,95622.11178052952,98051.96308714538,101835.07122650748
2023-04-25,86216.9309494344,85764.96341135091,88141.95699700984,87936.36062170895,92053.69838252704,91769.60991569162,104996.91224126524,105088.47690710652,101651.43663406406,96895.5800745647,93377.28278070707,95704.63671022371,98031.59209455941,101651.43663406406
2023-04-26,85900.83646599528,85448.64418703795,87695.93971881292,87490.42298977332,91467.43379841601,91187.20395737323,104072.87229071323,104158.69319856814,100739.1751221058,96388.00188366897,93150.47065041433,95292.85477667113,97426.16246832605,100739.1751221058
2023-04-27,85840.38538776682,85386.7602114999,87666.46303129054,87462.75289109361,91477.3919617046,91200.62034011206,104261.15527015747,104352.9798235111,100976.1302727705,96356.83402740283,92934.16390306437,95198.47982754375,97459.8804859072,100976.1302727705
2023-04-28,86164.72031339555,85713.14738668571,88022.10938841145,87822.0538318862,91816.84518976086,91544.1510281518,104619.1878923914,104715.1637733405,101218.99687369402,96709.9280002324,93362.55244382186,95577.31540986159,97786.2490266231,101218.99687369402
2023-05-02,86065.02617636969,85616.4086840933,87793.39730547025,87605.1814898328,91579.55259398725,91321.14305771317,104217.29102984066,104325.7015473624,100762.87515662964,96461.49461762108,93258.18259659671,95378.03719142961,97487.59532843572,100762.87515662964
2023-05-03,86038.73619369025,85585.71003822931,87806.01708271628,87608.78755960472,91613.53010162787,91346.74081175071,104168.56740487403,104268.03336104628,100762.87515662964,96581.3204864026,93460.49382498054,95526.0349944676,97578.40761589188,100762.87515662964
2023-05-04,85677.68152557762,85229.23328819853,87236.2767350314,87039.93451848005,90876.89939746364,90618.75374429341,103060.64384071669,103157.8225353332,99661.05856305436,95975.85942638568,93199.3592032124,95038.0585272816,96852.92647356042,99661.05856305436
2023-05-05,85760.5951957359,85304.84425385612,87535.09163582727,87332.9763565356,91261.50699467871,90994.17832594721,103759.79959075787,103853.51602975804,100537.77002322687,96362.50764907557,93246.55320092262,95308.8624706768,97358.10453486799,100537.77002322687
2023-05-09,85674.05466770314,85218.6098098652,87476.25033131723,87283.13103092734,91272.42771040573,91013.73638739302,103924.76295028743,104026.351776872,100620.70206623084,96290.18235783822,93067.15313055308,95199.97575371392,97323.35961352698,100620.70206623084
2023-05-10,85742.78918426564,85291.67872403676,87523.06754694246,87336.34256044922,91284.31271054935,91031.62646114687,103967.48311921347,104075.99704732327,100691.78409197285,96326.62199433194,93079.57499517078,95228.21988899763,97368.17673252683,100691.78409197285
2023-05-11,86138.70037389499,85689.13832326922,87928.34872350031,87743.86705614124,91744.57707779406,91493.56369537557,104593.2328031777,104708.67075906051,101296.00842752442,96882.42559464545,93600.59542718949,95772.20740486194,97935.61507313204,101296.00842752442
2023-05-12,86041.51834405854,85586.6239774413,87917.18029483939,87728.43109252497,91821.23863949718,91564.6973542497,104746.95381154933,104857.79944996187,101438.18151792322,96897.53161118091,93527.88988113629,95757.33737413501,97981.46694982222,101438.18151792322
2023-05-15,85900.73406391704,85442.08099843976,87820.29130795224,87628.0648920173,91779.74493472505,91520.86719490543,104858.6117593564,104969.78478288685,101521.1135609272,96780.27570041303,93272.62999083223,95592.95652183,97912.6705137467,101521.1135609272
2023-05-16,85883.27395173279,85423.7179263195,87794.31545268648,87607.9823172485,91773.89762075171,91522.89688149118,104951.70539093984,105070.93439996323,101574.4250802337,96755.17752892883,93193.42833616816,95549.38554366655,97906.54988417296,101574.4250802337
2023-05-17,85875.89984881438,85417.23930512584,87810.03389041648,87631.058110924,91743.27155247265,91502.27493128643,104938.20730635617,105063.1857162811,101568.50459106013,96790.30514421158,93256.8267402336,95594.16810031328,97931.73934897463,101568.50459106013
2023-05-18,86049.11395493988,85583.25528805124,88301.8378289109,88130.84587135236,92480.41078633237,92242.95979802599,106220.3888899168,106362.60197473493,102824.33525338139,97342.75965304281,93322.07663025978,95980.35584195961,98654.31729571293,102824.33525338139
2023-05-19,86057.0556724713,85585.21051619333,88333.16257509516,88148.47602678702,92563.29812263444,92313.47054411443,106186.55247076711,106319.41323503626,102788.79424051037,97369.47861685157,93391.73929930427,96021.73799125411,98665.9664370706,102788.79424051037
2023-05-22,86074.68396551734,85601.34621086052,88446.9745020896,88263.58516309694,92779.35707968581,92530.44541182347,106710.94039416064,106850.88844990074,103470.02109097752,97622.7483219961,93348.77676674075,96173.90478199603,99022.7570916552,103470.02109097752
2023-05-23,85820.7631205216,85346.8041855447,88189.56348957036,88012.91362004045,92476.65811935902,92240.43505867531,106236.3012792937,106378.97229997326,102907.26729638534,97270.43844306801,93142.68345059964,95871.47416579383,98619.57546743346,102907.26729638534
2023-05-24,85442.47628264765,84977.3359153849,87626.17917633352,87464.18919023531,91705.78322742684,91488.65920326188,105029.44808206134,105178.92037346472,101675.12762967315,96564.65124249707,92802.18494250461,95290.31723559383,97786.52428022129,101675.12762967315
2023-05-25,85396.86915120062,84927.064201186,87755.66464138402,87604.11711966283,91954.05126556616,91755.13918088848,105583.36512509266,105755.32935036569,102089.78784469291,96712.30513494453,92765.04176483526,95374.89951767639,97998.76736051265,102089.78784469291
2023-05-26,85701.0803700005,85226.81184761338,88230.89130985763,88075.88019779343,92610.081170232,92403.79761025029,106697.14817157241,106876.55200773395,103369.31854153803,97346.8107853176,92952.45341868416,95856.84022561289,98789.26431745585,103369.31854153803
2023-05-30,85701.10981061682,85234.85174643651,88092.77698078335,87963.37013733089,92324.4165413889,92147.18699052656,106085.463746336,106281.22358637369,102611.08013724051,97156.41397889695,93154.76707047285,95800.4892497822,98461.48756969624,102611.08013724051
2023-05-31,85598.01801512022,85140.3782706309,87738.71152039082,87628.83430883278,91787.10440449632,91632.9731919691,105160.77018288823,105363.61364557818,101420.4110114877,96592.06490247631,93024.42244162135,95384.24389924458,97745.66309781946,101420.4110114877
2023-06-01,85722.24989471829,85263.30965713559,87844.22709225147,87722.67244044246,91850.70605452801,91685.01218508335,105283.12043408777,105473.88006380922,101758.0596726771,96883.9067689066,93283.9208775341,95665.07483778225,98048.5462434943,101758.0596726771
2023-06-02,86228.92191688398,85764.1656478839,88723.0419595133,88595.97740217995,93037.39007861726,92857.75680648228,107382.03709689777,107582.28588238373,104003.16340078702,98067.22519908995,93730.93770711124,96597.15457647498,99488.62372666202,104003.16340078702
2023-06-05,86266.62841640884,85803.97667292919,88898.2041014501,88778.23667354853,93293.99042403934,93120.1348919419,107891.82681849823,108101.66439116454,104477.05562428689,98298.01989600202,93793.25131099395,96770.45644449387,99778.20977912293,104477.05562428689
2023-06-06,86363.82545124642,85904.0345933167,88939.89907174502,88818.7393230294,93308.23374174013,93127.25078363555,107993.51174898075,108199.15594226259,104648.84923838315,98377.17033523861,93808.21565068816,96827.70296727089,99879.76659446832,104648.84923838315
2023-06-07,86269.81875467506,85812.84411504121,88786.95540094543,88670.73717889693,93059.65023757407,92885.31181904636,107598.5604267432,107809.24687221742,104198.63897157759,98031.5526437525,93535.67855559292,96506.99764965141,99508.8904122711,104198.63897157759
2023-06-08,86112.73227748499,85654.53400931213,88577.54584495643,88458.08104325348,92766.74997339824,92590.30827160837,107005.12584392905,107207.03344393284,103594.42367494082,97702.56630660566,93397.60490640663,96243.15165550505,99113.35198612632,103594.42367494082
2023-06-09,86114.82156146888,85657.98791418243,88544.97478074773,88433.50496303826,92696.13230959316,92534.92494874721,107026.23018048858,107237.85281027581,103671.42618985643,97800.16755541075,93509.20087415438,96345.54076026857,99205.95424175344,103671.42618985643
2023-06-12,86226.49064710614,85762.62135068559,88846.14532946561,88724.2232060625,93183.10378341189,93013.31801623,107829.1326088606,108047.95233778877,104530.37618250817,98300.74886901346,93761.02612028249,96761.25284354146,99793.18066143808,104530.37618250817
2023-06-13,86208.93090034237,85743.83698589567,88993.14657191835,88870.55982244012,93373.93670025884,93202.68935633611,108305.64780315007,108525.4818644232,104980.57741039895,98475.17690603498,93744.53680185293,96870.52270400044,100034.31535826302,104980.57741039895
2023-06-14,86321.02340399711,85859.50129512677,89013.414880397,88891.52182773518,93315.42328920815,93137.76950853186,108117.79780672467,108330.59474068208,104838.40432000013,98415.13618870646,93741.3756372622,96829.89355858814,99954.40887377677,104838.40432000013
2023-06-15,86368.83634555498,85908.97400652283,89072.52252405815,88951.02550664275,93319.33916820424,93141.67048681258,108052.57136033387,108266.50594894151,104791.73871758937,98433.3401658825,93804.34643323875,96863.38221191439,99956.91280875505,104791.73871758937
2023-06-16,86348.97694641667,85886.67736599766,89049.17306997346,88925.89845525131,93275.06158494797,93094.68681645105,107880.9836147547,108086.25640663909,104624.7976625236,98331.2941190017,93747.3736323592,96776.71281590851,99839.17836442255,104624.7976625236
2023-06-19,86114.31873490321,85651.28397517887,88764.19860305787,88648.77154394503,92930.71881834164,92767.77562235882,107393.65029279828,107607.64061983326,104141.8603891116,98007.5874682991,93534.43776352098,96490.78774148482,99476.98849094115,104141.8603891116
2023-06-20,86245.41029760276,85795.05297599584,88778.4439596093,88676.85792258152,92821.53113745105,92665.53753225585,107122.37439953035,107330.55412111347,103813.93721037343,97965.25356038426,93689.48464037657,96515.8324138835,99365.55304580575,103813.93721037343
2023-06-21,86121.68932730355,85667.44985230506,88712.99729788135,88608.05685457475,92781.85097363734,92622.73492799881,107126.69334475054,107331.44984685689,103790.09238719483,97895.95913384877,93588.96103641081,96435.8695035751,99307.26691548183,103790.09238719483
2023-06-22,86034.79952654669,85584.04348300175,88555.84959603452,88459.03687712253,92544.23550302783,92394.27172534821,106795.53915691025,107006.09179304249,103515.82688381242,97683.22424602836,93419.24123659766,96237.79700980682,99079.67413957359,103515.82688381242
2023-06-23,86014.90258780852,85570.8592923622,88444.88742598063,88363.5956965941,92371.09642223032,92240.40622940552,106339.11561433252,106552.69824636175,102859.98962394129,97408.11768656792,93407.79633104004,96052.67193025791,98712.47786854416,102859.98962394129
2023-06-26,86080.21343394925,85641.99664421089,88472.50044487765,88392.12332260996,92340.19195306323,92208.04800882601,106208.71107891647,106421.02886239288,102859.98962394129,97517.24656617791,93592.0470100508,96187.45780408055,98795.18324164668,102859.98962394129
2023-06-27,85987.31253555614,85541.76499881186,88462.47745733184,88373.8522817429,92351.90422436569,92212.02745705219,106308.66926222219,106523.35401453901,103015.00371861516,97503.33180017544,93461.47314825049,96133.71579867527,98822.14847986912,103015.00371861516
2023-06-28,86366.64820739771,85912.80431277675,89058.41252692173,88958.22171643314,93160.80652056498,93001.17958257435,107603.75454799528,107822.05287846626,104290.91555239209,98287.68543165113,93904.38450616242,96801.58824770674,99725.33484249297,104290.91555239209
2023-06-29,86402.49247378315,85942.12986276874,89150.1772497293,89048.85903298618,93350.7310406861,93191.01112435867,107959.31232531897,108184.9967179412,104577.09891856121,98265.45672236173,93669.16458704535,96706.64499428362,99777.73996133562,104577.09891856121
2023-06-30,86569.78454499545,86107.1067181858,89410.50491022454,89302.6221299867,93645.79375645948,93471.177869444,108328.49232989165,108545.47943052094,104958.67977265509,98565.34267995866,93911.89704121425,96987.05105867972,100097.35032495153,104958.67977265509
2023-07-03,86582.08117288223,86112.42279057112,89514.48017225393,89400.76484970248,93855.85196359677,93681.67273627895,108780.87757304417,109010.26855955643,105447.58507506564,98836.8362129524,94032.55489891945,97207.07993705322,100421.41366823821,105447.58507506564
2023-07-04,86556.60490096094,86090.48114784964,89413.7949088479,89304.18261997431,93680.49779414352,93512.38090272629,108487.79089477159,108720.56229571773,105185.24653207512,98658.74706275629,93913.09126742923,97048.98600315217,100222.96393988153,105185.24653207512
2023-07-05,86410.30195974508,85943.42879084317,89244.26529164355,89144.07583324968,93498.9563523283,93345.01296428076,108261.93491688544,108496.40714321124,104827.51959876501,98402.48143890125,93727.52858769451,96816.83044469256,99942.18431414469,104827.51959876501
2023-07-06,85692.31841630604,85225.96922016238,88315.58554225686,88233.66770819762,92401.36268520822,92289.53380216243,106695.5080870611,106941.02713809644,103193.8717340728,97220.63304394516,92860.6128181095,95742.37144391541,98651.18296565661,103193.8717340728
2023-07-07,85619.98357683037,85154.89852049483,88180.29679747405,88097.58811904403,92213.2320524969,92105.80210628243,106382.56055708532,106631.03729166153,102943.46015147417,97141.3878914528,92899.79621401842,95703.54780836211,98530.53014321958,102943.46015147417
2023-07-10,85668.26629267563,85204.99206699581,88166.846720778,88078.71198311378,92175.110365364,92057.91937597952,106259.55089687202,106500.72535720593,102836.13570315752,97045.67320284834,92812.3312279234,95610.63939518231,98432.0202545143,102836.13570315752
2023-07-11,85666.2845632919,85199.4424719391,88176.85835342758,88083.98711931614,92187.29332307554,92065.71491451583,106221.86949801956,106459.85035523928,102883.83444711988,97066.57589869523,92814.6735625933,95625.20804066796,98459.40404980515,102883.83444711988
2023-07-12,86192.67909859767,85726.2912581805,88785.9383373023,88676.80714790504,92878.0172404103,92725.04127049883,107107.20701077182,107335.38436078651,103885.48987511957,97890.69124316766,93514.16826337394,96406.86624072348,99326.35913400908,103885.48987511957
2023-07-13,86286.02430698744,85823.31126806054,88772.78882592742,88658.80902761719,92778.8455132477,92618.46026670099,106833.73632121409,107054.69812982454,103694.69489927003,97864.42343293142,93601.61547570614,96419.41638246003,99260.28240313151,103694.69489927003
2023-07-14,86359.1461457853,85892.26231708354,88917.00748699317,88801.23090169576,92959.65016887993,92794.1741783674,107045.5849124813,107264.85577514386,103939.14755047532,98002.28739369726,93665.51902644667,96532.04578370464,99423.91863025614,103939.14755047532
2023-07-17,86304.3398095828,85835.53674216797,88885.4632244033,88772.63051917248,92953.60655523895,92793.46340147739,107101.23239215404,107322.96587493258,104040.50396979346,97997.61451439482,93587.61455177999,96502.37217497648,99444.90375057545,104040.50396979346
2023-07-18,86636.88890841787,86170.35669817757,89254.94834968024,89141.55036896092,93421.53189015108,93256.21068011686,107728.43989701467,107946.87501476551,104571.13998716786,98500.58255624061,94070.26191769382,96998.45587252697,99954.49253381895,104571.13998716786
2023-07-19,87320.3551793839,86853.46949950156,90167.83350612149,90049.94240491159,94639.35022245036,94455.11964120754,109783.44140588108,110002.66558831536,106580.40067695543,99642.86361489457,94610.90763231543,97935.46709687455,101306.39902251103,106580.40067695543
2023-07-20,87267.46064304501,86797.25053638786,90121.78685197936,89999.4044224526,94626.86147510754,94436.70363711624,109739.89993948165,109953.18655401922,106324.03016296343,99370.54422853605,94328.2252576623,97659.58131797588,101037.97930079195,106324.03016296343
2023-07-21,87320.09507469794,86850.08910257657,90183.0732904296,90061.34559684734,94646.82470103395,94455.50141281617,109696.95018273838,109907.42630344276,106377.68783831917,99498.62417771413,94507.40688553004,97805.12012069367,101148.03135375032,106377.68783831917
2023-07-24,87435.74088597856,86966.49592228122,90315.30093095385,90192.92684402778,94807.91991376327,94618.25176163911,110061.9392649734,110283.15409784627,106663.87120448829,99671.2062616809,94601.1010088218,97950.78909652604,101348.07749482495,106663.87120448829
2023-07-25,87383.88961213858,86912.90618871475,90265.69722103242,90141.44146724527,94757.35871804196,94569.1263902337,110034.6716673005,110260.53717453787,106675.79816488018,99662.89587632821,94578.83105157226,97937.71223612162,101344.66543697687,106675.79816488018
2023-07-26,87195.0068172383,86731.75857628447,89947.64370179857,89833.52330795694,94327.92679446875,94154.27629153013,109447.77965283334,109679.68832897718,106091.50447215005,99276.28699284537,94329.70739942137,97597.99825744807,100910.27737403063,106091.50447215005
2023-07-27,87520.94324532153,87043.9490926566,90482.83835461861,90353.79554654077,95031.58189010854,94834.37641161124,110564.3035128376,110785.1414500353,107272.01881800221,99935.19814407673,94626.72316004304,98133.43263844028,101695.31020608597,107272.01881800221
2023-07-28,87499.58806735968,87019.90803998483,90476.89705303105,90340.37999170426,95092.39503775856,94892.76867857357,110798.31256947141,111032.56939909716,107498.58557742226,99987.10521742207,94557.8542877361,98144.1139538477,101789.47430487262,107498.58557742226
2023-07-31,87564.06090969699,87085.18335717217,90523.14289358252,90386.34634364067,95138.00339226169,94940.33725013348,110766.0931771017,111001.49618465299,107462.81379385175,100087.75317784805,94752.49637817689,98276.86076604587,101857.0960835971,107462.81379385175
2023-08-01,87519.24842177048,87033.31660427166,90544.69636716205,90409.89616942307,95225.9393348329,95030.63325784159,111099.30580848649,111340.94055428794,107743.03822862751,100023.29696685805,94450.09682591059,98131.16726655784,101876.05633514078,107743.03822862751
2023-08-02,87213.09979771764,86737.37155557323,90025.00934522638,89910.1630860102,94563.1273977477,94393.40130267106,109998.43683524946,110238.59632739384,106568.48281416873,99250.98877266083,93957.50781278574,97454.27012334083,101006.52538337171,106568.48281416873
2023-08-03,86958.48131674941,86481.2042032723,89723.93530896457,89611.21787819287,94229.44427897713,94072.29569312482,109561.0174570703,109811.5845451365,106115.34929532868,98896.24536387909,93671.58238877574,97122.9829337888,100628.02572689814,106115.34929532868
2023-08-04,87175.51354787336,86702.79928777303,89938.40775150683,89823.21415914934,94419.79689672092,94252.10553589601,109758.1986434397,109999.7882269728,106353.84301514059,99184.28115941277,93993.14890084993,97422.49591038651,100904.03054109233,106353.84301514059
2023-08-07,86967.53283502614,86495.68393413073,89659.01545310928,89547.72220066114,94073.75643615532,93913.03524561817,109178.32629122517,109412.1241994937,105799.35307698243,98845.02892950768,93803.39331856077,97134.24409013962,100512.74461602248,105799.35307698243
2023-08-08,86979.17912619161,86515.484921466,89613.12442109219,89512.47109473718,93952.85193034355,93801.32688178415,108872.42315397377,109103.73657914344,105358.15561613943,98713.44327102481,93885.99710524087,97075.76587453176,100306.2575815153,105358.15561613943
2023-08-09,87087.04806486462,86620.82108049642,89744.44651024361,89636.01339597948,94090.3718796907,93926.51520913895,108980.47942604052,109203.86567107854,105614.52613013139,98894.90874562763,94015.28383438208,97239.43732547291,100505.82195810086,105614.52613013139
2023-08-10,87308.21671971351,86830.89523784205,90080.17320414324,89952.1457121906,94551.28300199476,94362.75273095715,109705.73536719696,109924.34573121589,106377.68783831917,99321.2444992269,94207.92313456713,97586.03718821309,101013.60082956166,106377.68783831917
2023-08-11,86782.60270224811,86303.10245886885,89481.61547283008,89367.67413004275,93901.493532597,93740.0443861702,108724.77905307009,108943.47981926553,105292.57098039177,98550.41288681982,93656.04486499538,96889.87217796611,100166.83156035026,105292.57098039177
2023-08-14,86828.75239763517,86341.57623095131,89611.6132617328,89493.99203849197,94109.01939322322,93942.63683062833,109089.76089209503,109309.49352737656,105548.94149438376,98623.71599554278,93602.71275457735,96919.95150323029,100284.42305443472,105548.94149438376
2023-08-15,86461.61013296682,85982.67488896007,89073.14417215489,88971.46611151501,93415.49059731235,93273.80594108943,108023.90255199329,108249.28842235493,104505.55535142022,97926.54343363679,93146.37201951603,96304.9222904259,99503.57581304116,104505.55535142022
2023-08-16,86290.32628825789,85811.69722018893,88874.51352735882,88777.8278473237,93151.9577381676,93018.57609573269,107530.72995525124,107754.15088623895,103980.87826543918,97628.16291399763,93005.0291941943,96060.12088248349,99150.47949110542,103980.87826543918
2023-08-17,85861.4394003288,85385.56623364131,88346.48193245329,88259.75520779527,92515.48814827627,92403.86596630112,106678.93070588782,106911.22225712474,103146.17299011043,97011.58893247398,92540.61686413457,95495.42796605016,98481.2126613605,103146.17299011043
2023-08-18,85778.28826072325,85317.042256196,88089.14070288077,88016.44365223995,92107.60041711394,92011.18229496498,105945.08842437332,106176.02276014822,102383.01128192265,96669.61693608038,92490.41538246823,95253.02639412505,98037.37044938857,102383.01128192265
2023-08-21,85690.01275017537,85220.55651253636,88064.75728836974,87985.43365580092,92147.07322418726,92042.911197058,106045.63881947155,106273.05463054094,102585.7241205589,96619.1682406494,92265.20918424342,95142.91264010593,98048.190056593,102585.7241205589
2023-08-22,85946.43200292153,85473.64710793897,88382.1377739783,88297.29677091821,92561.97389425071,92448.16303822293,106735.18963916652,106963.73012045345,103146.17299011043,96981.30016924972,92489.47801610084,95458.01809404581,98458.2577527036,103146.17299011043
2023-08-23,86506.81051547584,86039.26728089833,88975.24460064943,88886.64260752617,93234.93224274773,93111.62047643833,107767.62237832624,108005.97167189496,104112.04753693446,97770.35797534273,93154.4990629256,96204.81440201026,99289.98545054792,104112.04753693446
2023-08-24,86645.13755903064,86181.98268297351,89099.06218963547,89014.85531873646,93376.77780839817,93256.09149776338,107973.79140755998,108216.64538974054,104171.67324128874,97819.65474909676,93196.5424080909,96251.64013692536,99341.77435553868,104171.67324128874
2023-08-25,86638.52979955397,86177.68400735328,89078.47510190909,88995.89145424838,93320.23365066502,93198.4584639778,107903.90051679716,108144.8524626452,104147.81932050498,97764.88794572417,93120.55319186123,96189.62254518557,99294.49605608951,104147.81932050498
2023-08-29,87194.39433635066,86712.36261619888,89979.43587496608,89864.25981207567,94536.57178114941,94382.01985938686,109736.18602354702,109970.1198521382,106127.27625572057,99084.7851206637,93981.66966346865,97353.03711729235,100773.80025017263,106127.27625572057
2023-08-30,87160.02684798761,86679.8687427278,89913.72217345417,89805.36314106765,94418.03404544832,94267.3033764006,109489.60608691467,109717.04102783179,105900.70949630054,98961.49459921279,93930.01637124328,97254.18958535482,100625.53686318643,105900.70949630054
2023-08-31,87381.558693439,86899.17636988091,90168.5736032501,90065.55284467075,94737.58141481764,94590.53531012594,110060.28091744814,110287.97383700687,106383.64676971255,99322.49172474617,94205.91261622353,97586.17239677068,101015.9880241022,106383.64676971255
2023-09-01,87380.81128918454,86893.00760245406,90227.99679540502,90117.55584002816,94886.77844485732,94735.46140348828,110544.15339369922,110781.41658985263,106950.06366826262,99534.4570298169,94172.52100084622,97714.39856637777,101313.69328404566,106950.06366826262
2023-09-04,87235.99193584554,86744.14140918176,90085.5987420268,89974.04238435676,94757.71809330652,94609.31418366858,110411.43950894561,110650.86722136487,106795.04047598358,99378.5981019253,94016.4591647767,97558.453991674,101158.05965858814,106795.04047598358
2023-09-05,87202.79583582695,86704.11551238938,90091.88467826381,89982.21455412966,94808.00043327935,94662.67655304095,110593.98930315804,110835.53704546759,106890.43796390833,99353.20753345346,93907.69172747398,97504.59706296082,101161.90152743297,106890.43796390833
2023-09-06,87005.72397199905,86509.63432157518,89842.44610977657,89733.01117444229,94533.84932052984,94389.7162318278,110262.03551912996,110505.72714854297,106628.09942091782,99051.51308261146,93579.53576216048,97193.83732220641,100869.77519812612,106628.09942091782
2023-09-07,87135.46051095887,86647.87440291623,89888.2382938414,89787.06807893532,94523.2464663061,94383.40941018227,110131.55056447587,110369.37990438423,106365.76087792727,99024.54237656239,93715.21702031494,97222.39087903255,100785.85342378606,106365.76087792727
2023-09-08,87318.79337689337,86829.94791779571,90127.3514421326,90024.04182135618,94811.60427128476,94666.60953506044,110522.98083206898,110758.84842270012,106771.19565280496,99332.49279983918,93955.08754276781,97507.13213782347,101117.34784219801,106771.19565280496
2023-09-11,87181.326808308,86687.29458751001,90002.90253894156,89891.47395088126,94695.39317311339,94545.42789219128,110391.79018974418,110626.23625259883,106729.45584023593,99202.58740862024,93764.59127054483,97356.52822082343,101008.79626613384,106729.45584023593
2023-09-12,87330.01731504685,86834.15374795339,90184.11659726007,90070.47228035392,94927.0316825623,94771.25754025484,110836.78201131512,111071.51777725854,107057.37901897408,99379.60818977423,93836.94659864942,97497.83628627798,101222.30669034962,107057.37901897408
2023-09-13,87412.04149627601,86927.86489261648,90174.88754870844,90076.18454260084,94825.81662450577,94675.44639096528,110697.33021439055,110934.00317502934,106973.90849144121,99344.77538843788,93835.79539514985,97474.49824948401,101175.70953239108,106973.90849144121
2023-09-14,87908.60780244309,87415.01226483338,90847.07408343673,90728.12108774598,95697.64306080432,95518.34908176743,112114.9330931317,112340.60225827625,108358.91211128989,100224.65513752776,94364.63252032036,98234.62942868052,102177.69053767915,108358.91211128989
2023-09-15,87710.39656988374,87214.87487467303,90626.35652505858,90501.94314218807,95509.68503485633,95331.68202289009,111739.30091192313,111960.64876471736,107975.72259172222,99922.95695968645,94119.95158780264,97952.3644370181,101856.31747887592,107975.72259172222
2023-09-18,87504.50880058715,87007.09603407823,90386.13812669441,90266.14801334168,95264.64770460154,95098.63887525207,111453.81665603576,111683.56436401527,107736.23256797697,99701.4098960827,93911.3313404636,97735.20712802233,101630.46131139915,107736.23256797697
2023-09-19,87449.25511338445,86960.32497051897,90192.86382705758,90081.3513514109,94998.66035682523,94840.99156782076,111012.99696820063,111241.92393990533,107221.32079456178,99402.13293241571,93761.72930621087,97486.99563730002,101279.04864399678,107221.32079456178
2023-09-20,87784.65165007413,87295.71334899915,90567.52701225861,90447.00616886328,95458.80854643641,95282.33293739961,111594.04533745284,111812.7951747202,107808.07774790878,99790.15280676431,94011.53367385833,97827.87144934121,101715.1021205619,107808.07774790878
2023-09-21,87235.30026041804,86753.48207909813,89802.02544089682,89694.37729345274,94543.48809223274,94388.18446561084,110198.60373674553,110421.09520693719,106407.04192348564,98730.20005795822,93189.74016777682,96849.11154797272,100572.76988293772,106407.04192348564
2023-09-22,87431.35255542761,86951.27276678132,90019.10519411875,89910.44906505522,94805.31463420966,94650.94618223466,110689.76614614463,110925.59486133358,106766.2860950623,99054.95266427236,93489.88660992568,97165.49807857099,100905.82080208551,106766.2860950623
2023-09-25,87183.77563812418,86701.706304337,89722.1301075338,89618.05788971581,94484.28527982673,94341.93347690863,110305.38050088797,110548.12866891202,106395.06468151075,98712.52102310184,93168.16492187232,96830.10054375364,100556.47320276535,106395.06468151075
2023-09-26,87003.86609624264,86527.47314908943,89426.90921535424,89332.37754696574,94101.46874927722,93965.51830603123,109708.49223344855,109946.97181830875,105808.30772816375,98274.75017382366,92834.3621576044,96427.77694031771,100082.71501450088,105808.30772816375
2023-09-27,86868.75667156861,86391.27317263515,89312.91448871332,89220.78717302474,93934.88373428509,93803.32040363066,109577.84522913782,109820.16973218815,105736.46254823194,98216.28777442157,92785.28473985051,96372.51229896615,100021.02286010355,105736.46254823194
2023-09-28,86690.91508362029,86197.78557533764,89253.49579803117,89144.68793956765,93902.83816660468,93759.67173752842,109519.1628757712,109749.13419274708,105784.35324421395,98120.41969060157,92590.34139157485,96242.81123766267,99959.95617382355,105784.35324421395
2023-09-29,86975.38279755069,86481.76745432385,89583.51727042293,89469.45066484898,94221.90581343288,94073.02521325432,109810.83982527026,110040.23993134478,106011.87516194307,98467.06810071254,93018.44717916472,96617.30447664695,100277.72666825185,106011.87516194307
2023-10-02,86685.64896369474,86184.37479004047,89266.63163826334,89152.78430921659,93921.69115184306,93782.01074398447,109587.55475010425,109829.15850650301,105880.15290809557,98142.84845966609,92562.03320421255,96247.92147888524,100000.13614647456,105880.15290809557
2023-10-03,86305.05178760544,85811.20125865642,88749.21952866297,88650.75939263015,93276.42879978764,93153.28561801302,108600.11858280431,108844.7538415436,104742.56159136747,97346.28274678181,92002.95433187943,95532.34674005612,99121.16586842504,104742.56159136747
2023-10-04,86180.28659893414,85688.81278757339,88588.42187809556,88495.08605741258,93028.0859225387,92909.09902357493,108028.15930411621,108266.90870092243,104275.54964989307,97104.73225426026,91917.7281363641,95344.1377867964,98825.09324664382,104275.54964989307
2023-10-05,86281.3141408458,85795.50135525333,88608.90539637282,88520.5318838188,92975.51708638297,92856.40153723421,107935.39881818148,108164.48361358991,104107.90480607965,97088.73850532157,92006.53020970806,95363.91817962841,98772.40484909613,104107.90480607965
2023-10-06,86307.81900401057,85811.76858261104,88738.9848442407,88633.02240534198,93196.08568900124,93065.00332357001,108279.73129800892,108510.02626516993,104718.60710741767,97384.47838664528,92083.99022392787,95585.1714538931,99144.31656973767,104718.60710741767
2023-10-09,86602.409809993,86107.55473075218,89084.23674940634,88985.21596135262,93660.02115908654,93535.14663266187,108974.46035158221,109210.86361829909,105101.79662698535,97747.96196023206,92435.61115906674,95944.387811665,99512.07091456515,105101.79662698535
2023-10-10,87110.00709258903,86606.95605381495,89822.77253989203,89715.89554090702,94593.6079761358,94464.71917732623,110494.62965736397,110736.31060031799,106610.60935726501,98677.69545293743,92979.0271525338,96740.7822398872,100579.09336141314,106610.60935726501
2023-10-11,87122.43554151716,86620.97794379033,89689.2865864298,89582.3321396935,94349.9824991584,94221.17804966286,109964.9908399888,110205.80455667524,106143.59741579062,98527.48826746175,93038.49199920129,96663.06741574353,100353.86052008436,106143.59741579062
2023-10-12,87250.79695920857,86746.05019871394,90015.18195350183,89907.3318086368,94888.39635775657,94757.38133757577,110947.29402828137,111189.22684722766,106969.85352884168,98880.39715336832,93077.5230506104,96907.50016524573,100818.89713497245,106969.85352884168
2023-10-13,87205.86347065946,86704.49753951251,89864.55367557018,89758.97959504183,94799.32327367229,94666.01982793317,110652.65430015467,110890.61937896736,106526.78693535828,98678.2280532648,93035.1992437124,96760.56577317069,100559.65838892435,106526.78693535828
2023-10-16,87155.92734265006,86652.63312750158,89960.15648473777,89853.76944269548,95000.8834683433,94867.40033227719,111090.250497216,111329.55691225604,106921.95369690085,98797.35681325897,92971.69171722028,96816.54548515702,100744.15571113017,106921.95369690085
2023-10-17,87066.38897920211,86562.85244084452,89888.25511719026,89782.50144126888,94960.69398257231,94827.1083128942,111112.04236805328,111352.10466922204,107053.67595074838,98650.10446393797,92641.11157108175,96605.81222842824,100662.905453058,107053.67595074838
2023-10-18,86705.75513104255,86205.90345868222,89478.89153298226,89377.80013238225,94580.45542250897,94447.18063961367,110548.51884024168,110784.70341606585,106251.37432164715,98074.03898788571,92216.96875481655,96082.11032347551,100033.15436512789,106251.37432164715
2023-10-19,86537.0295182576,86039.8877151326,89201.4407153768,89102.50581770756,94230.5413661806,94098.18887195388,109965.46202943183,110199.00511316911,105664.60823234134,97712.84926255074,92006.26178442733,95772.86067372338,99618.48489187093,105664.60823234134
2023-10-20,86064.81643539366,85575.60882385721,88397.95404132684,88304.72959425393,93238.31661832132,93107.2530411243,108220.37513804129,108448.04606837429,103832.48305640972,96695.07053299742,91530.39840738033,94942.22581523769,98407.70669668901,103832.48305640972
2023-10-23,86026.0737132593,85538.9024203914,88241.09734256053,88150.04138404944,92905.35488687233,92776.13199287807,107639.96363484662,107866.72166086422,103257.70334503762,96419.40840064349,91453.32814100856,94735.17879703113,98061.17663544929,103257.70334503762
2023-10-24,86317.51179924904,85827.76426712442,88596.64130033544,88502.65459698983,93305.36348699749,93180.87816308641,108276.52970373761,108507.15966825481,104012.10514219805,96898.91267714392,91749.26339942944,95151.33658797179,98605.8628393317,104012.10514219805
2023-10-25,86180.09966328116,85690.10933470084,88447.01218115535,88354.68212150739,93193.18076261657,93064.16203649309,108115.86177934577,108343.16039094751,103652.86097062139,96628.63245806949,91538.92904109221,94901.70312204093,98314.4614472241,103652.86097062139
2023-10-26,85936.55549834394,85450.91192324171,88004.61091642958,87913.19142795946,92588.19371870889,92456.82229191788,107022.69287457214,107243.93441095809,102658.9691497157,96132.63151975663,91373.66439932305,94519.96144792593,97700.48995903347,102658.9691497157
2023-10-27,85941.1899064894,85458.63626272573,87872.81529448881,87780.2629120799,92326.34098633242,92195.82427468186,106536.99865266852,106755.00206050841,102156.02548231663,95939.84904606086,91386.37082290417,94398.2092090599,97434.2445840163,102156.02548231663
2023-10-30,85962.51927801344,85478.48672698662,87909.75496619365,87817.2037860721,92425.45928785317,92292.55638484399,106691.22065964506,106907.48498744312,102419.46999001167,96041.79296012876,91381.30958855127,94463.16577340577,97574.44091153188,102419.46999001167
2023-10-31,86180.49994918764,85693.82775833523,88197.23364089621,88106.8169923338,92757.52856636538,92623.76389695665,107235.62664822598,107455.41896715079,102898.45917346096,96383.39522381952,91630.69191250605,94772.97954594203,97948.64305114668,102898.45917346096
2023-11-01,86489.50734468453,85999.32160622683,88660.91599333908,88568.16647809422,93318.61353417291,93189.76291104722,108164.98889628441,108391.03754430843,103844.46029838463,97041.88890016473,92096.46194903241,95365.02154538395,98675.34494093375,103844.46029838463
2023-11-02,87185.25329068363,86686.75303423248,89553.6442694483,89459.0044361166,94367.79062496513,94245.14698303383,109798.23280415295,110036.30798980032,105664.60823234136,98237.69663104053,92874.85320581314,96416.82275146343,100019.21688273127,105664.60823234136
2023-11-03,87317.28030308169,86819.98345660804,89627.18760749635,89531.68368722395,94323.51256160965,94205.45572214882,109633.4776088072,109874.72349165253,105700.53082230725,98521.29214535351,93320.4919056905,96756.58229267,100244.25125937189,105700.53082230725
2023-11-06,87148.22191518323,86651.6698679639,89467.09036344226,89370.64580035607,94147.72893027929,94033.10709344494,109425.29464600877,109668.5685401782,105484.98614655303,98218.56652666278,92961.675738942,96434.34462672252,99962.09226253939,105484.98614655303
2023-11-07,87501.11530048911,87000.9447042519,89926.8091523907,89829.25249553508,94687.68234724716,94573.80693232696,110232.84368730691,110478.24173905553,106299.26501762916,98823.83691761436,93426.25057706996,96991.14607409133,100616.97705207432,106299.26501762916
2023-11-08,87651.45752258152,87148.66863296373,90031.57546521038,89934.92494747619,94733.80132588686,94622.19220656663,110183.9914315885,110433.07547339766,106131.62017381573,98856.43790101713,93590.78461881512,97069.4060052906,100602.18533967002,106131.62017381573
2023-11-09,87762.44141784485,87255.74767649006,90237.39581164798,90141.36682940263,95047.03737038597,94935.69576466292,110750.56686225256,111003.52532607416,106778.25420107845,99140.6573836361,93634.6204883613,97270.55379169587,100972.25776859885,106778.25420107845
2023-11-10,87688.00736887551,87183.09390543653,90204.91848314098,90108.84493083887,95020.37081962451,94909.46387740698,110780.81148389401,111032.49215647315,106778.25420107845,99109.1216008881,93582.43062897335,97231.86092706361,100948.17953602561,106778.25420107845
2023-11-13,87776.92975306422,87270.05533258073,90380.32810709464,90283.62876106988,95264.00015460962,95155.23636335167,111233.37623525684,111489.34184723307,107101.5757826892,99212.93982677476,93540.9753523506,97285.45195920877,101103.9804553951,107101.5757826892
2023-11-14,88281.88112745946,87768.39503591628,90841.636148981,90745.39183401687,95640.01445127798,95536.62237207615,111609.43269213045,111874.20602418581,107592.53307215459,99854.05168584609,94278.13401877224,97960.01799537743,101709.69743564582,107592.53307215459
2023-11-15,88336.22369589053,87819.8413487542,91041.00017309218,90941.84375667707,95976.27016804814,95876.90339357854,112262.48750714815,112531.0285914154,108358.91211128993,100180.30875869306,94312.55381012284,98185.41549365602,102140.21131600291,108358.91211128993
2023-11-16,88441.16773366819,87924.81150762009,91001.27549761755,90905.65488424564,95877.92263816584,95768.2102213585,111938.76049265504,112198.03517415332,107772.15515794292,100006.08749915122,94411.26259058976,98105.5649313628,101868.29835644,107772.15515794292
2023-11-17,88613.47675000125,88093.00428085517,91269.74948778439,91174.08102206694,96218.2174905188,96112.14130852713,112486.92533692018,112753.55118147502,108394.83470125584,100403.08403586969,94657.53860679918,98450.55157549826,102318.80816399137,108394.83470125584
2023-11-20,88595.38671394046,88074.24960888328,91271.43161982711,91173.76100065246,96187.51248255413,96085.84777132259,112470.05409775703,112741.078929637,108502.61160711235,100454.21157669011,94671.06022295664,98488.68558885386,102383.35701061998,108502.61160711235
2023-11-21,88606.02727765331,88086.65350009185,91190.17558574886,91096.39450811851,96073.69196897841,95970.57456950193,112167.81078831015,112437.35471030808,108071.52225560388,100335.31364354327,94758.64489439795,98441.18738885869,102190.53268534588,108071.52225560388
2023-11-22,88693.34648119155,88171.23279833412,91486.67702690176,91387.14691052095,96561.45875365671,96453.8062891268,113052.88195312097,113322.54685517968,108945.6782005957,100807.30560545469,94963.15588006984,98820.79749438963,102757.83011005126,108945.6782005957
2023-11-23,88586.04322675968,88065.08394097461,91353.6099549847,91255.96994160982,96372.9991225649,96268.03069796419,112740.9872707669,113011.50767284233,108598.41127099395,100597.77038045575,94845.45051331836,98642.96170701455,102515.64393253488,108598.41127099395
2023-11-24,88381.47559218165,87862.63609610182,91051.59942508313,90959.05878159453,95985.03387659352,95881.36726609468,112129.76028001517,112399.94468464625,107999.67707567207,100157.81724254818,94512.28910584284,98239.80457454841,102038.00396624152,107999.67707567207
2023-11-27,88457.18350484272,87939.02372966375,91063.56073310577,90973.13779306399,95959.58943050615,95854.84828601289,112001.0796798278,112270.35299211447,107796.10050593392,100141.08895265184,94618.88727777713,98265.74028132479,101977.04291066581,107796.10050593392
2023-11-28,88467.40936030529,87950.76889292829,90976.09508018276,90887.27890202306,95815.30353086983,95712.72348797286,111646.84618544613,111915.1443210718,107580.5558301797,100167.2334280275,94804.33170869216,98347.0101526084,101945.9831389449,107580.5558301797
2023-11-29,88637.35302635036,88118.57222618142,91087.71161400691,90999.6521058782,95892.3387032709,95787.16803496568,111653.99792329228,111920.83224442373,107460.81081830706,100255.84592193908,95029.96596592423,98483.0617105719,101985.29577121141,107460.81081830706
2023-11-30,88567.45884983486,88048.94197000454,91070.9269955764,90982.35927899252,95924.61146832521,95819.77867495944,111750.43863058927,112017.67323614395,107640.4329040954,100311.01876221232,95002.79203366803,98509.76251125288,102069.93977737837,107640.4329040954
2023-12-01,88840.4953985885,88319.43365509898,91408.43629708613,91317.53930561061,96344.12350450674,96235.8160922691,112307.58255312285,112575.66726720774,108119.42208754469,100758.48931237365,95427.38012399588,98949.47149869426,102524.97457759769,108119.42208754469
2023-12-04,88744.77517891972,88224.38090117852,91318.4654408875,91228.7042034716,96203.19262542637,96096.34469616305,112089.30482293977,112358.21816287015,107939.80000175636,100685.29725236674,95424.73331098328,98900.661995797,102426.57251864979,107939.80000175636
2023-12-05,89093.60071835604,88569.34952083055,91636.21882912924,91544.64436591747,96459.84112793014,96350.25126628297,112408.34061671539,112677.72342858184,108203.2445094514,101023.75953704478,95811.09602203999,99255.81504488479,102747.35559046472,108203.2445094514
2023-12-06,89260.16647599614,88733.05180198383,91843.64719580289,91749.37530078106,96742.36608389222,96630.68891580733,112823.11038363236,113091.69812548553,108550.51143905317,101305.38023383475,96048.09859053683,99522.09618413998,103044.58053993122,108550.51143905317
2023-12-07,89276.98894974079,88750.39844012039,91876.72902504941,91782.11137236218,96805.63423481949,96693.51400810578,112930.2021363627,113198.72236966097,108754.0788728325,101400.94288293639,96071.97265696907,99592.88846937873,103165.73112219112,108754.0788728325
2023-12-08,89356.72829767701,88826.60925075792,92096.38195916303,91997.81226286493,97110.99042715668,96995.8023695601,113550.15494810793,113820.5161241017,109328.8677201634,101568.49049812481,95970.11375149625,99667.28217234551,103429.71564108088,109328.8677201634
2023-12-11,89361.09791081955,88830.36648689634,92181.86345513473,92081.16510972017,97202.3932850416,97088.78166108053,113762.26099406238,114034.26035618436,109532.43515394273,101684.32799174795,96027.54148910721,99762.95070120819,103566.3464930292,109532.43515394273
2023-12-12,89678.433677713,89144.67792253036,92493.42515966353,92390.62437888616,97504.96727506303,97388.779173498,114165.82382465528,114438.08798859423,109903.6474315355,101997.32888749949,96300.6816836581,100062.268973913,103893.19899219817,109903.6474315355
2023-12-13,89957.31698195598,89420.58715925702,92813.18307394581,92708.21795824399,97873.69324177987,97752.9160917057,114713.39536114148,114985.70840270925,110430.5364469256,102367.90523924223,96566.41888452644,100396.70077687416,104300.86183648604,110430.5364469256
2023-12-14,90282.31291910628,89742.73390876548,93068.27169087621,92961.52638532413,98092.07859513596,97973.42076762077,114711.21468724986,114983.5837390122,110478.86533798862,102908.45813120999,97429.12347692897,101048.90308417926,104725.02526692557,110478.86533798862
2023-12-15,90478.3388400271,89936.8097069593,93268.97566946634,93158.76053796733,98319.29982471502,98198.75211140153,115087.26271174966,115358.36985771632,111019.60006636802,103219.1858650474,97586.68188361547,101306.743671043,105090.2698560378,111019.60006636802
2023-12-18,90625.00234073342,90080.75633253992,93521.90798288707,93408.83280751113,98653.57733007881,98529.40466638115,115672.67648939662,115944.58279874816,111392.1058051275,103341.43816249761,97543.29121627746,101371.72753803739,105271.78796899038,111392.1058051275
2023-12-19,90697.00452293556,90150.79607012482,93519.85859206812,93405.68437131052,98601.88805468216,98478.64364436004,115475.16895188905,115748.77520081324,111332.02926185887,103452.08341555875,97766.0300714835,101521.19460192513,105342.04721208962,111332.02926185887
2023-12-20,91056.736413355,90502.07550172808,93991.6981669347,93872.36582585622,99172.76398938143,99045.87208284228,116383.08685306672,116659.18038147787,112125.10747466816,103948.66562737331,98064.71669546815,101949.47940479599,105908.92788122731,112125.10747466816
2023-12-21,91038.96163784245,90487.27679351851,93842.9844673232,93726.19108566841,98930.40742398216,98806.92658167996,115881.54743601331,116157.66311023645,111752.60173590867,103848.93520637612,98145.37973922466,101912.12877981826,105744.60569404434,111752.60173590867
2023-12-22,91047.32914646453,90496.16951352835,93787.93009309073,93674.12553194376,98845.75976876642,98720.2260629472,115672.76804847008,115949.44484693697,111440.17254041783,103737.67813013749,98167.33935775874,101846.9247676648,105585.70339529685,111440.17254041783
2023-12-27,91198.52928400176,90644.48900976781,93948.54895235658,93831.63736243702,99022.31849363548,98898.31652012213,115885.65139356269,116163.09799654614,111752.60173590868,104002.11146339688,98398.87740501472,102100.06856317921,105861.55898392192,111752.60173590868
2023-12-28,91313.77424960493,90758.12057639746,94186.21356074204,94064.43901950093,99375.79836336487,99252.40507008464,116537.78722711328,116812.69082825934,112533.67014073963,104383.86855439075,98515.45710022716,102390.20944652076,106337.92541697773,112533.67014073963
2023-12-29,91231.68825145671,90678.83269588453,94138.7391807265,94019.31749183728,99338.18670555583,99215.63892800073,116537.85546230285,116814.10263876714,112461.56545390798,104251.27969999703,98343.59182619702,102243.98522275442,106219.62312510217,112461.56545390798
2024-01-02,91093.11765769051,90542.69857208582,94039.56601076107,93920.94188814062,99322.18602589503,99197.96410278385,116593.11632104144,116867.05418612756,112485.6034054493,104134.04656226446,98133.72206747634,102094.6599190463,106135.80319065266,112485.6034054493
2024-01-03,90701.83539554602,90163.21620179652,93521.7170888849,93411.74455267517,98606.35528654711,98488.96980701102,115487.10802171654,115764.17944846538,111356.05804560786,103411.42899448123,97682.89961682161,101465.82973429597,105316.6945663195,111356.05804560786
2024-01-04,90641.76660707025,90103.99979813074,93493.41522349365,93384.82107639709,98612.87018975176,98495.41138929933,115493.6874109939,115773.171872382,111356.05804560786,103384.39586845256,97638.16138858334,101432.66140946407,105296.0542067349,111356.05804560786
2024-01-05,90350.23012001769,89820.52718204193,93137.35841149841,93035.14654494169,98201.26280179434,98085.77098507366,114866.11502132018,115145.72962510951,110839.35210097744,103055.53988641877,97434.7520139885,101147.09446849524,104922.65617803531,110839.35210097744
2024-01-08,90463.82010974624,89931.2731277543,93264.09333274543,93160.98139246211,98286.50539759015,98170.65568604623,114969.41464936727,115249.95186725433,110875.39986049708,103183.77765721826,97623.20025274146,101296.20908264582,105029.1012829493,110875.39986049708
2024-01-09,90605.309292197,90070.07318542252,93517.79160988709,93412.68313442405,98651.2363635709,98531.12874816234,115646.8822765931,115923.86431046826,111488.23927570814,103392.82720319893,97564.92580362334,101412.83967843413,105333.78035613208,111488.23927570814
2024-01-10,90634.0858068226,90096.71472661616,93563.12554359632,93457.33831415305,98694.2216302258,98571.59130187836,115772.61050858287,116047.1646077319,111584.37274628876,103480.25468336762,97646.20188150683,101498.1692232635,105423.28884883568,111584.37274628876
2024-01-11,90550.86751730886,90018.46191199469,93411.01885605742,93308.1446710616,98464.51463367317,98344.93285293311,115401.7787254353,115673.69960522684,111320.01028608822,103318.78324020252,97553.35406497498,101360.38478543425,105237.42471367007,111320.01028608822
2024-01-12,90814.69958334784,90277.76672179304,93718.55713082431,93611.93646498703,98872.31869763485,98751.0377014389,115949.41398615578,116221.40338255165,111932.84970129927,103847.78185286676,98024.57643966944,101869.5772537254,105786.3916201613,111932.84970129927
2024-01-15,90745.31320346067,90209.53793233889,93660.22776449712,93554.38487355354,98835.81339955579,98712.92338451519,115969.89984945355,116239.68162898424,111920.83072552859,103784.04885709989,97927.03000992759,101794.12296762381,105734.8851246963,111920.83072552859
2024-01-16,90738.59972976048,90201.34822452693,93701.2821007617,93595.03004481147,98904.95692990492,98778.55434449483,116144.86415495459,116411.13810362121,112040.99297985819,103766.69450341401,97819.04854943331,101745.40644253312,105750.07834490498,112040.99297985819
2024-01-17,90137.7594701324,89615.42888586636,93037.11161860157,92944.4938349609,98133.56735011969,98007.26724420869,115011.80867287978,115275.3066334919,110779.27555770882,102836.8570078218,97112.47224634737,100892.49200540595,104741.46647470005,110779.27555770882
2024-01-18,90378.91325687658,89851.94680123578,93286.08890751608,93188.33555579465,98396.68035759653,98270.267366025,115414.54092324825,115676.83578493065,111247.91476704893,103105.19130934049,97247.42743249529,101114.77165226686,105057.27704145899,111247.91476704893
2024-01-19,90609.67174077705,90078.0088743887,93639.64178605206,93533.84709035739,98887.80132249529,98751.36315202048,116230.9364841177,116484.52253813781,111884.78296600895,103412.64687681627,97336.15935462769,101346.65774914045,105442.77903789928,111884.78296600895
2024-01-22,90867.89873738453,90328.6009379436,93995.7162752095,93881.44014189769,99303.7433943376,99159.33287874323,116929.12989433491,117176.23659162996,112605.76565977892,103910.74526503104,97684.91056921176,101793.25655653713,105993.75159331204,112605.76565977892
2024-01-23,90789.20321640876,90252.49292975041,93980.8861883002,93866.8999667989,99367.3217000858,99222.49247863857,117075.74943921296,117323.16916677341,112810.04240891848,103919.79326552594,97565.14012154046,101757.73771408983,106049.01432621747,112810.04240891848
2024-01-24,90959.02374143108,90417.27891966194,94253.75000234296,94137.55097752088,99672.58236018378,99529.02767174722,117583.12290138005,117834.98984963422,113398.85304038053,104291.67991782718,97792.20126064404,102079.64536260482,106472.33509194027,113398.85304038053
2024-01-25,91116.0149168059,90570.94085038186,94433.07455223335,94313.40422413131,99892.24665880315,99745.0943759916,117887.21984774647,118136.31046482085,113639.17754903974,104478.2426986472,97942.42959444571,102253.70161738193,106671.66696165236,113639.17754903974
2024-01-26,91246.70000930189,90698.11414929801,94620.68370584772,94503.16669437996,100125.12399059234,99981.42752119199,118203.75603517595,118458.65440055219,113879.50205769893,104646.55363816778,98062.45220801527,102405.36375464719,106857.06316713155,113879.50205769893
2024-01-29,91335.02538246433,90785.01089525834,94706.82901892792,94587.54075595208,100243.41704892716,100096.71335135169,118347.81191586658,118599.81855521556,114083.78797463085,104847.22280716912,98259.79743861697,102604.95263129754,107058.63485752327,114083.78797463085
2024-01-30,91599.9917113164,91042.41181790677,95075.60596167055,94947.71064673612,100727.42004759354,100570.34980961769,119127.36791879316,119370.41066398247,114636.5416787809,105162.4911527594,98416.94237269525,102865.62134114474,107430.19131350216,114636.5416787809
2024-01-31,91512.55420409037,90959.33083571018,94758.20721328344,94639.58278189061,100225.82003836954,100079.38021614302,118144.39540581268,118396.08360743869,113699.26326010069,104872.1810741313,98554.74081963742,102723.33192009859,106986.67008841294,113699.26326010069
2024-02-01,91500.99104583096,90948.95653937465,94637.3339474825,94522.19945047001,100028.08385534375,99885.28371216984,117717.05065720518,117971.80397273588,113482.96753519047,104874.67423909031,98701.5391321404,102775.75419445928,106937.37426335433,113482.96753519047
2024-02-02,91690.65362412536,91121.06607823618,95213.54203373597,95074.1975055016,100920.19401976578,100748.79248157116,119452.09712405299,119685.59693567966,115009.04741754037,105388.58867903013,98545.40943070868,103058.01823015175,107690.99744004683,115009.04741754037
2024-02-05,91633.47466474205,91058.87350000984,95320.00357257827,95174.91138650932,101188.42872876221,101009.8679691412,120052.7036247231,120283.02814759791,115645.91561650038,105561.45921506018,98411.41106823077,103124.77506910053,107973.740937866,115645.91561650038
2024-02-06,91842.18419070826,91266.22561249911,95488.04975634658,95346.02097294209,101324.58928740486,101156.03484677339,120181.43348992965,120425.08705277613,115802.13479814198,105721.62040627048,98573.42360730052,103285.63248704046,108133.00604875755,115802.13479814198
2024-02-07,91916.21188280666,91337.26783917205,95607.82262635439,95458.77855890448,101478.82961205296,101300.60114347367,120447.72792355825,120681.37020274998,116066.48809055016,105889.65543793829,98677.13982268817,103431.47221955884,108323.8794515105,116066.48809055016
2024-02-08,91829.63769878008,91250.11705415013,95560.8251755255,95409.49309869636,101444.88598925126,101262.70761056717,120453.64954835044,120682.73237005653,116162.62156113079,105847.4899558877,98543.94719592802,103357.79753149788,108314.44099531151,116162.62156113079
2024-02-09,91857.74345442033,91275.62589011737,95627.3737318768,95471.52726330922,101525.60004230698,101338.12879559664,120637.8641933412,120861.92415297654,116342.86952652136,105909.28518868612,98527.32009184966,103392.48084521417,108404.28948938142,116342.86952652136
2024-02-12,92143.03924877093,91550.7219781176,96029.19673878272,95863.4994402906,102009.3089933052,101814.59370141136,121443.01548625558,121665.02256074239,117352.25263203321,106545.49314560168,98914.40076521333,103942.71424032771,109128.97892688871,117352.25263203321
2024-02-13,91537.69300294307,90964.83587532448,95217.63333529633,95068.92115323653,100985.9401275207,100805.14006841306,119892.01456943293,120117.98413154393,115754.06806285167,105462.12949059125,98175.68707667371,102978.2196627783,107923.50139619305,115754.06806285167
2024-02-14,91969.23615233546,91386.04494028722,95704.81340800972,95549.5081503423,101530.54969298888,101347.77317509174,120693.40191255035,120922.7435357453,116559.1652514316,105979.78633635653,98501.323059045,103429.61902603741,108509.31800546151,116559.1652514316
2024-02-15,92119.45266903,91528.42691511736,95967.88940117044,95805.46837644896,101897.09146470892,101707.37927271766,121276.689635797,121502.39086648951,117135.95690712299,106395.14943781555,98808.26307287389,103807.61313925176,108962.98893897611,117135.95690712299
2024-02-16,92228.64531812398,91631.64232996777,96191.94886369794,96025.96048251449,102239.2840841511,102048.83165029093,121881.55266834429,122122.69746180781,117736.77734656335,106632.30837160304,98804.4359188206,103961.47556627753,109286.28510580659,117736.77734656335
2024-02-19,92182.52070729608,91590.48175588732,96101.19190125428,95942.65991263854,102129.28271555279,101946.81838569773,121667.30576476443,121916.34469772493,117568.5391891511,106588.61794217992,98843.10353417444,103946.26506822086,109213.10285372827,117568.5391891511
2024-02-20,92039.85356785578,91462.53200358186,95761.94819838651,95624.7126984718,101626.32792714694,101468.01465426109,120733.74218023597,121000.52067467227,116451.02197287265,106033.50245014428,98661.55316954806,103520.20666839367,108524.73276732356,116451.02197287265
2024-02-21,91940.51403436788,91363.9319586266,95671.62751894313,95532.11688858252,101543.76199127735,101382.99819122322,120670.8006717991,120931.81193437643,116547.14627566095,106014.14339114875,98566.10987426937,103474.51643941262,108532.70532409192,116547.14627566095
2024-02-22,92434.84624992392,91828.02821199095,96468.59366774575,96293.16558714012,102591.27864751458,102389.90614531105,122448.65813827362,122684.33106277851,118217.42636388181,106957.52665683122,99025.60887117346,104250.808188365,109648.37063334323,118217.42636388181
2024-02-23,92608.47372404739,91998.21180215573,96637.1702971745,96460.646586709,102768.54037418151,102565.86393587696,122658.06114542713,122894.57196214591,118409.69330504304,107165.17729410366,99242.43593685635,104461.70597126665,109852.42780700102,118409.69330504304
2024-02-26,92495.57659700837,91888.44584204158,96497.77089538818,96323.37158436589,102592.52351938469,102391.18640159129,122409.29090216898,122643.77347167852,118211.42145989263,107020.3264680492,99133.49978759133,104329.23093515966,109694.89818623866,118211.42145989263
2024-02-27,92334.57103960215,91733.26756705595,96323.06147241959,96155.73139280817,102417.5337509099,102225.83465532598,122126.48414051945,122370.30899498358,117971.09695123343,106909.04219930606,99107.85294877326,104247.53773668536,109553.04304180841,117971.09695123343
2024-02-28,92332.37963202059,91726.9996069398,96372.77915252099,96194.83871938624,102526.31106581996,102319.55000986703,122329.8675349569,122553.71319661659,118001.13063897158,106868.7736678614,99021.40018374601,104191.27589002991,109529.40645303027,118001.13063897158
2024-02-29,92493.79094697582,91884.22978902321,96552.55795289214,96371.69025878812,102752.3570927677,102543.09803442369,122619.88477688636,122842.91907580373,118229.44533965246,107117.06550370969,99281.7083305962,104443.81157282446,109773.02690864325,118229.44533965246
2024-03-01,92788.98083120066,92167.56632500923,96971.88573470636,96780.02181305988,103348.62104218052,103131.27081990382,123583.64062122123,123813.29056935449,119250.83825314262,107714.35594407916,99596.46094089394,104943.55418309449,110470.84484906323,119250.83825314262
2024-03-04,92688.43366911373,92069.85447376856,96832.21103723331,96641.86548834445,103262.24776525864,103047.07981287439,123390.2363288313,123619.5071243025,118980.47088895293,107554.37313687221,99510.03766395687,104808.96667560468,110284.69589657092,118980.47088895293
2024-03-05,92636.08129231194,92034.43715809996,96551.14629035376,96383.08154691065,102787.7633977439,102596.34342319777,122478.64295546134,122723.1673486717,117989.12083099326,107156.33390826422,99505.21728133525,104546.83914866795,109746.1218928066,117989.12083099326
2024-03-06,92782.56350051911,92172.95248479318,96793.36932538869,96618.11338073164,103139.55995802055,102943.08081190572,123076.44187003344,123325.06826344498,118662.03678947291,107554.61779931908,99720.48701476067,104881.94029573225,110209.50609537991,118662.03678947291
2024-03-07,92975.94118053965,92359.18730091842,97052.12923007374,96873.35251132878,103464.14799607024,103264.5625956969,123537.78152016102,123794.14223443545,119070.59028775204,107862.41990394726,99960.39262415614,105166.357845318,110541.22825692623,119070.59028775204
2024-03-08,92952.25799453675,92343.87684817685,96917.43483560509,96747.00166400732,103259.17767627597,103068.09540384864,123113.76077414816,123370.43741782178,118613.97005418262,107650.97905242127,99911.66482312436,105011.14069606554,110271.70204876125,118613.97005418262
2024-03-11,92844.41733795188,92243.53444945379,96727.70034909982,96567.29148645955,103023.2280253158,102845.46042771357,122658.3450223651,122927.99700102709,118229.44533965246,107431.85864356557,99802.67239978204,104830.04737502197,110013.37808351262,118229.44533965246
2024-03-12,93225.07236711698,92604.07976178027,97316.76632961766,97135.20315612342,103773.10158055623,103573.06197407792,123956.00121098271,124222.25946900024,119395.03845901357,107990.99224793277,99959.1608347974,105250.06385920559,110716.19614073806,119395.03845901357
2024-03-13,93202.31323186427,92579.8515096163,97330.4879807758,97147.95978824688,103830.67628467032,103628.84441334826,124033.40104306371,124301.17330593526,119431.08621853321,107979.17082376998,99915.81937137377,105227.33268425748,110715.70310819501,119431.08621853321
2024-03-14,93079.4643887005,92457.31898276784,97221.91752978905,97035.591512749,103729.40888302312,103522.28548787649,123976.69879680141,124235.45348909982,118932.40415366262,107518.42920712008,99482.25820258551,104775.83508084425,110245.8740636215,118932.40415366262
2024-03-15,92942.77453949262,92329.81672893188,96993.43911093478,96819.41817775638,103435.38775451033,103243.35197095011,123481.7753486998,123749.6460393014,118760.68883714137,107454.55110870018,99489.81000931568,104736.64886090462,110156.45502309744,118760.68883714137
2024-03-18,93128.49617909316,92501.42644115567,97319.34211306194,97124.87513787982,103881.63442277159,103664.44077804561,124339.4058516934,124590.92365765994,119652.6268979155,107838.17530034583,99536.34816967696,105003.77777299918,110660.49100749828,119652.6268979155
2024-03-19,93176.87460218715,92549.91881463332,97369.1617006222,97176.47939085297,103921.82700632603,103706.11761800884,124353.90765097683,124605.99452517906,119688.794377971,107981.537398954,99749.74730873825,105171.42187564344,110778.51219347247,119688.794377971
2024-03-20,93354.6295278885,92722.89022728597,97564.64041302874,97365.85356865457,104141.2003024218,103918.4568209321,124672.52540619779,124919.95943388829,119966.01402042045,108188.6825047251,99909.70152939991,105362.31138360451,111002.29255591867,119966.01402042045
2024-03-21,93976.19911957746,93310.79213860388,98547.89646789133,98310.77686605642,105503.13205089988,105245.86089180537,126915.76061314218,127162.96726915293,122123.54720199811,109433.60210047582,100546.82508161686,106397.3719621829,112463.52497477503,122123.54720199811
2024-03-22,94083.86344617803,93418.72227586099,98658.94699859046,98425.16004233526,105615.37109615319,105361.93000363889,127022.0459947467,127275.77956480152,122111.49137531294,109552.33214885199,100751.26852949364,106545.799326487,112551.32412336973,122111.49137531294
2024-03-25,93859.36300126866,93200.88349125162,98401.35931499743,98174.97575985189,105342.44348500167,105096.97106163614,126583.61040236126,126841.09866187818,121713.74105371587,109232.31048953226,100484.01432249183,106243.9234657379,112212.82929747224,121713.74105371587
2024-03-26,93958.70106795208,93296.47117616427,98522.39440738047,98291.37126785531,105485.63815242457,105235.67874970012,126834.02450610149,127090.10823041096,122033.1514916127,109417.37840811076,100579.60234808362,106398.09650720046,112429.74025626108,122033.1514916127
2024-03-27,93998.61247411785,93338.7197504057,98530.28441345293,98304.10640318233,105503.12614309265,105260.40988524021,126749.46676772722,127011.66071403069,121846.31836364731,109459.118243886,100771.91756379516,106491.94853812495,112417.38418663014,121846.31836364731
2024-03-28,94170.1587508548,93502.68531176787,98783.68699149326,98549.20606814616,105884.69376127305,105633.94741553138,127322.42216768317,127586.63873093159,122340.50610282438,109743.98791354762,100917.38557153477,106728.68555614109,112751.86745245819,122340.50610282438
2024-04-02,93739.26893476465,93084.78378538911,98320.25559600095,98101.78625836865,105514.90701662438,105274.69501083696,126790.03282641196,127072.46037785613,121761.94596865383,109110.93495057059,100251.3482016268,106084.00022328901,112131.56711991853,121761.94596865383
2024-04-03,93841.85460758967,93183.13034855039,98438.54676632863,98214.30412821865,105695.39850676361,105449.01683278289,127052.79682248925,127333.8629644156,121906.5883011718,109232.70123006396,100357.45571063124,106200.3910435688,112258.776550669,121906.5883011718
2024-04-04,93991.4556198655,93331.46309930287,98603.14512942296,98379.62509947689,105872.55362533647,105629.24255268578,127270.51480096266,127559.04011998,122159.70548615223,109453.77763033993,100556.3637849377,106413.87426242266,112487.48845107475,122159.70548615223
2024-04-05,93752.2724442296,93107.0362418179,98237.75385807916,98030.37295623464,105494.80525972266,105260.64167237845,126594.16536405227,126885.90863193198,121364.19564705677,108989.36889010435,100312.52629902257,106025.61968603665,111944.59731253216,121364.19564705677
2024-04-08,93755.19398289695,93106.18191815264,98300.2299018564,98089.33578427696,105610.89385736609,105375.27015423724,126862.39253189633,127159.91131081956,121617.3128320372,109014.26518926215,100186.76788339662,105998.39950593698,112023.52158474713,121617.3128320372
2024-04-09,93663.28561383959,93034.81975945567,98019.80088264338,97835.81686692756,105189.19984622266,104979.16890773083,126037.02630849206,126349.42127592156,120845.90545041072,108704.73401997487,100183.34525403603,105794.67144877568,111604.58802304149,120845.90545041072
2024-04-10,93624.38583853524,92981.51980223865,98141.9054379642,97939.37429139079,105498.52476957616,105267.51549741301,126662.33141669599,126970.57446031526,121267.76742537813,108743.95235416926,99969.98208019427,105746.5125573997,111734.39108641277,121267.76742537813
2024-04-11,93483.75491294566,92838.76997532707,98047.2087290592,97840.61272555581,105461.80280410232,105223.5504646488,126715.79886065208,127020.27077342087,121388.29810452575,108635.5617703822,99711.09801215425,105586.01494351706,111680.16344253934,121388.29810452575
2024-04-12,93736.73868821535,93084.14209036189,98344.31956897935,98130.29342692101,105955.6559703541,105706.50813281287,127349.84483318526,127665.08654016037,121725.78768449968,108999.51761763376,100090.80969878563,105955.54868864133,112037.9386103345,121725.78768449968
2024-04-15,93457.5542564608,92813.11004650507,98037.4063460268,97832.20532368994,105518.28597978558,105285.02325870117,126796.84970988933,127106.03623379521,121328.03736290261,108599.6533981983,99691.4207666397,105555.7099076395,111638.4823126045,121328.03736290261
2024-04-16,92938.78547644046,92322.98493798396,97274.23369481572,97098.83436469224,104649.4242306697,104422.798396259,125322.47751339934,125605.11538784753,119592.36615629234,107489.75798775353,98999.48707026186,104590.03953604297,110380.20273695438,119592.36615629234
2024-04-17,92885.88256299676,92284.04015775587,97107.8899434783,96952.60606816453,104391.20450417025,104165.95826304374,124736.29074729509,125031.04017760215,118820.95877466585,107164.2635274704,98969.64613636452,104366.72530077655,109949.08086724627,118820.95877466585
2024-04-18,92975.84967946605,92368.60710125812,97249.2971217397,97087.65976274875,104566.79508393146,104340.52657102024,125052.8977351758,125352.33600208779,119327.19314462673,107391.98438560477,99012.59007481289,104530.59422201886,110242.7813756341,119327.19314462673
2024-04-19,92977.97788326906,92383.42053089266,97138.54167343046,96994.8580186667,104416.12867135623,104190.05772062507,124664.91658684016,124971.99737373528,118869.17288550518,107218.53717999136,99027.66299583086,104422.31293557318,110001.93271386524,118869.17288550518
2024-04-22,93184.47062962114,92581.04910432828,97457.21078426777,97307.19008726996,104743.03027376397,104514.02607953268,125225.3025463843,125565.34259262522,119556.20787213818,107588.19984748322,99186.25314660455,104719.07497733504,110446.80612930328,119556.20787213818
2024-04-23,93436.2835655728,92813.6793089797,97871.76574547926,97698.22833928252,105200.64213618668,104967.62172835143,126022.9012219317,126371.15300377469,120436.09010622713,108120.21822432968,99486.32715068113,105171.02770026431,111061.2904538935,120436.09010622713
2024-04-24,93263.73145522522,92641.29816991948,97737.0409451422,97562.5462799879,105118.88163235821,104887.16851521835,125991.09013030307,126333.93318685621,120448.1459329123,107990.0758804283,99262.99702719794,105008.59800694148,110964.77777793698,120448.1459329123
2024-04-25,92880.68604323569,92292.06520980588,97112.39198178878,96982.2723894021,104303.12749377043,104078.0158762868,124511.48398777924,124871.5421122183,119146.3925279546,107174.7640641704,98772.36236750404,104305.3380451965,110034.1317433021,119146.3925279546
2024-04-26,93493.3910631178,92862.224468217,98064.08412478915,97882.62969836769,105529.30559181081,105295.40616526215,126604.31789232335,126959.91207175261,120857.95208119454,108225.5826236671,99382.43181109182,105204.02679900345,111241.59742747512,120857.95208119454
2024-04-29,93439.28676586803,92820.26550532722,97889.17663761714,97724.11893816224,105231.98334584008,104999.41102412269,126053.18028835837,126417.1338754358,120496.36004375164,108067.16542228754,99358.77283705695,105092.1796231999,111035.05003533956,120496.36004375164
2024-04-30,93236.64006586441,92625.95131994112,97636.38164051811,97480.48706709305,104864.42106747029,104633.98201863143,125511.07861881793,125876.67522059284,120110.65635293841,107788.08065114358,99151.32060532003,104837.78202686591,110730.66294412725,120110.65635293841
2024-05-01,93006.2634248483,92413.54502837625,97251.63665365857,97119.41566275954,104399.08855494743,104167.25872335823,124695.35444858974,125059.90241118785,119254.87657631845,107299.16635228189,98906.68292317024,104433.21520841049,110154.79478656646,119254.87657631845
2024-05-02,93258.55874256589,92662.74432298284,97547.71643379882,97413.93926201407,104721.49698688513,104486.61855497723,125140.49862354228,125520.11010224068,119905.75327879732,107824.30190113698,99346.4221254481,104928.98696854319,110709.81597737235,119905.75327879732
2024-05-03,93739.70595483246,93122.63514200687,98186.78523280431,98027.54361242933,105430.22126847692,105194.96863502034,126263.45935466548,126650.57489293112,121080.94349331412,108646.55259242735,99932.02340746147,105669.64500166009,111615.80118805521,121080.94349331412
2024-05-07,94404.11135683436,93750.52698593205,99129.13390583901,98924.43051986203,106632.0601558175,106396.23410543188,128171.38634383118,128559.78520481293,122786.47973116214,109805.78376694735,100725.48241042894,106702.72538581882,112904.61640081083,122786.47973116214
2024-05-08,94493.2825758945,93833.41343815849,99264.40280398211,99051.60843026396,106835.32359850754,106599.63715710136,128510.60287718903,128901.16187926376,122919.06623699493,109767.99063755982,100575.48073858858,106626.09600322893,112907.14513375238,122919.06623699493
2024-05-09,94609.03704129445,93941.37110813377,99447.82536523885,99225.10566678266,107103.80534568771,106867.50543602696,128957.03137128249,129349.26422986553,123232.4441635985,109922.31696056566,100624.1723828728,106743.92735624583,113099.15628147685,123232.4441635985
2024-05-10,94685.1142635969,94011.48947660126,99602.0232854631,99371.6568966024,107392.04410078633,107154.91794062639,129414.75684309356,129807.92364234902,123606.10122362792,110096.59427612617,100666.1206195576,106872.4806225928,113320.66911811398,123606.10122362792
2024-05-13,94654.83186724005,93986.55879456479,99523.32207022533,99300.54512712974,107190.35068305327,106952.13174930283,129062.60431143301,129466.40424869815,123401.18895358546,110007.34910878414,100653.58868906999,106809.74649903456,113204.02372939423,123401.18895358546
2024-05-14,94626.01319122636,93958.99805017887,99486.97900705416,99272.10539748722,107193.78280591562,106954.05205662786,129048.94981585501,129452.8100711457,123316.81655859198,109957.99131347267,100627.55789114063,106768.44247000314,113146.36620757947,123316.81655859198
2024-05-15,94981.27408989551,94301.85837433777,99896.95047458804,99680.38499034454,107691.91476086908,107451.80015122598,129755.91463544047,130155.0026215398,123979.74908775602,110562.84371109291,101191.27154911912,107359.27151275278,113765.10662436174,123979.74908775602
2024-05-16,95142.40453346499,94453.43561543325,100129.83842024277,99912.42992984166,107989.29684827499,107749.82139920391,130250.2263290316,130648.54252160102,124437.76934687758,110825.25287118767,101323.42541274629,107576.70477077537,114073.87960712457,124437.76934687758
2024-05-17,94869.41371802063,94198.06692512003,99764.37335705318,99548.75315801264,107566.33943850735,107326.28112713591,129537.84989782947,129936.97687211596,123798.94847108389,110395.8105146618,101034.10057193601,107195.59248622824,113594.77591620761,123798.94847108389
2024-05-20,94941.19052000539,94256.6181459947,99919.07060323344,99702.95492861858,107844.06554413823,107604.33582522192,130093.05850538351,130484.78632001478,124329.29449441511,110609.61391111485,101038.10748347614,107336.8825700762,113883.55762505108,124329.29449441511
2024-05-21,94898.82718771468,94223.30359765707,99818.92362871321,99601.98387744783,107693.04122981812,107454.97030194926,129752.12073827857,130139.68303925822,123798.94847108389,110388.96661803154,101022.77432690024,107187.19535944727,113589.55045736654,123798.94847108389
2024-05-22,94706.37065108813,94032.97998247652,99644.3203064292,99427.40394221533,107435.74232742384,107200.95422354955,129418.7801609413,129811.23668163078,123557.88711278862,110154.08976571268,100793.07509430891,106954.0282642592,113353.15535933254,123557.88711278862
2024-05-23,94677.7134695275,94002.17972781208,99618.77576920556,99402.16574275923,107326.49955232973,107093.07964021577,129311.74707129569,129709.88196887172,123557.88711278862,110085.65950112217,100679.82704477117,106870.0676730252,113300.90741486182,123557.88711278862
2024-05-24,94547.15582528064,93881.45010203638,99427.66330993922,99211.35179404398,107030.9553176403,106798.35937063204,128824.78504213587,129226.6440530173,123099.85765776572,109830.08910654634,100558.9970002634,106661.02734486085,112997.35379646493,123099.85765776572
2024-05-28,94442.6610339584,93781.43879986265,99272.35311629678,99056.3640474508,106869.63329459647,106639.55294874513,128590.852864457,128983.22510064738,122798.52636194596,109616.32977256575,100404.00107140261,106467.52529395123,112762.81585703987,122798.52636194596
2024-05-29,94142.72932196029,93490.03830206978,98945.08024326224,98728.65786709513,106486.23591955342,106262.21891155974,128037.0918202901,128420.85449782522,122171.76131283744,109106.93219714178,99974.4028372349,105985.56046637909,112225.51841434427,122171.76131283744
2024-05-30,94158.09681419334,93516.3692565201,98887.25076906318,98671.5886126798,106353.24112960654,106124.44095126427,127686.27745822401,128079.40758793616,121810.16007949317,109046.59556435385,100113.06748183975,105994.05545484171,112093.85541985893,121810.16007949317
2024-05-31,94138.69286048072,93508.13571057688,98784.26019171516,98568.28042351599,106140.71172333615,105909.39172101158,127242.5880998674,127640.72822873897,121219.5533145388,108808.29174038606,100108.26279998138,105836.45732584708,111772.1027864724,121219.5533145388
2024-06-03,94445.29111136758,93802.60164887285,99138.99288519936,98922.31102760183,106544.33953505715,106313.77308663855,127864.60896076266,128261.71064635355,122015.07234953565,109402.72659513986,100567.27976626268,106384.24549313069,112414.27377156053,122015.07234953565
2024-06-04,94420.71276412369,93782.76846957504,99060.87740042238,98842.1773753161,106372.8271535292,106146.65911780609,127552.1020387353,127942.78919730871,121563.07540580601,109237.20431550556,100591.49489268921,106284.313055034,112180.90173756728,121563.07540580601
2024-06-05,94797.18524871202,94127.07875481457,99661.30548595829,99441.99830889673,107268.47540138203,107040.45949620646,129036.06458669638,129420.24728672093,123015.48526277223,110120.61148730823,101095.44783596766,107036.73968574409,113199.20192865345,123015.48526277223
2024-06-06,94977.00667534755,94295.78203062796,99925.88162621084,99706.41436050879,107664.77389806787,107433.49963972275,129648.89231718455,130033.30951396623,123569.93374357244,110493.85215189237,101347.41563381278,107368.15081447882,113615.42263891458,123569.93374357244
2024-06-07,94880.84048394303,94188.18340089792,99921.224288894,99701.31261409222,107639.49113054528,107412.63379600918,129844.5258475631,130231.85885750983,123847.16258192323,110443.2446214086,101080.79838677665,107242.78833253177,113642.40562595552,123847.16258192323
2024-06-10,94669.31957956086,93984.71167617905,99688.93477778479,99469.31155352398,107372.97898428951,107148.06206627282,129509.00593026394,129896.99317028318,123581.98957025763,110169.82260803248,100803.21363650265,106967.83099989704,113370.8730129677,123581.98957025763
2024-06-11,94618.51807249823,93940.19680279808,99583.00002010932,99362.27966842818,107213.27133874602,106994.54668365714,129196.75396420325,129573.2168564205,123256.55581696887,110040.70033088258,100804.18542528957,106883.67517565741,113195.25194629325,123256.55581696887
2024-06-12,95133.30736508693,94436.16220189731,100193.32536185537,99970.18942488263,107920.16162840302,107696.94878407693,130170.42587012998,130549.22681784883,124112.33559358882,110887.74664711709,101641.51046130508,107727.65248153935,114044.56142209018,124112.33559358882
2024-06-13,95083.12010145589,94388.90466866155,100128.90375706331,99904.00580858611,107814.21231062611,107593.45727942744,130003.16547315026,130372.49154124758,123832.59230565668,110644.97391934086,101424.25926745929,107493.62557165047,113792.98124916389,123832.59230565668
2024-06-14,95298.87443001858,94601.05517098386,100364.75148166982,100136.17190298838,108130.3301562642,107914.58199829295,130458.59878018497,130818.91570650467,124220.62981722469,111009.76316860045,101772.00792555603,107852.64574770477,114163.35794896488,124220.62981722469
2024-06-17,95304.08672479127,94593.39853161563,100458.45062285653,100228.75112345019,108284.7188115742,108064.5211161274,130775.34298245498,131130.66032817043,124487.40734109218,111074.21692108706,101702.7041731207,107870.84305036468,114275.71870958479,124487.40734109218
2024-06-18,95576.45238379648,94848.19831561731,100839.49344277095,100607.52071163176,108803.18967255575,108577.35323711637,131599.7024899914,131955.237738275,125372.61357769545,111668.51249398789,102102.3314604733,108397.99179950591,114939.01322737866,125372.61357769545
2024-06-19,95609.69033418881,94884.69188601601,100850.97591045292,100619.2427415335,108783.8965329343,108557.24660035201,131555.80563243647,131912.83838217056,125348.36528077297,111607.07955034196,102016.65814567982,108328.15055605542,114886.3680647089,125348.36528077297
2024-06-20,95803.66780744796,95062.68433750424,101130.45423984929,100897.22584847156,109240.818012269,109012.53282863929,132322.06783557395,132677.60037280872,125930.41692235296,111874.8249353151,102075.82997575305,108523.82450295707,115228.57486323075,125930.41692235296
2024-06-21,95716.55557584042,94982.5737639557,101009.3867257707,100776.30786011588,109041.61299734055,108814.18991513259,131993.38131460585,132347.81876007825,125615.13355309646,111708.0274724126,102007.7561927035,108391.12653313369,115026.59070047288,125615.13355309646
2024-06-24,95742.57617995584,95010.02196930756,101034.194029032,100802.20005248133,109047.14292492007,108816.09211750438,131983.5902806842,132344.85054022417,125687.896946952,111764.59549285242,102053.37697869979,108443.9265769764,115087.0054114055,125687.896946952
2024-06-25,95704.81177646175,94981.03606700712,100921.08722413013,100689.56435426284,108834.94848570196,108606.2987889646,131638.0322941125,131997.27421840947,125457.49649424021,111652.00473313376,102019.02190141445,108358.36549736075,114946.50185914905,125457.49649424021
2024-06-26,95702.9145266362,94976.16540106139,100973.68180316071,100739.99215173036,108922.35225439578,108691.5683422329,131874.9639401732,132225.99261801827,125736.402792341,111725.50592433622,101956.69078412847,108384.89552114625,115068.64153411129,125736.402792341
2024-06-27,95706.52429105765,94980.02930119507,100969.41721241776,100734.76384103854,108951.55157453081,108725.81677264496,131907.03566408443,132249.30913456914,125724.27401810775,111759.80171399338,102021.44863406908,108429.74282353751,115091.95608510578,125724.27401810775
2024-06-28,95756.72932514832,95029.94923505957,101121.95438997132,100882.61491451984,109208.7373045416,108978.43735483575,132468.897641969,132801.13983575845,126427.59489893226,112038.18165425987,102018.22881053147,108610.78863167069,115470.98825842491,126427.59489893226
2024-07-01,95491.58551553442,94766.31499384469,100786.46778136665,100553.95492499122,108818.66473429231,108593.42461216621,131853.57292391086,132205.1417749485,125772.77986349676,111504.00905618038,101566.13161527814,108104.82766498659,114908.13484703758,125772.77986349676
2024-07-02,95522.98402285522,94798.09482033536,100759.17059867163,100525.65271932198,108716.31291192953,108493.74141260202,131698.97672469466,132038.63702445256,125748.52231503022,111522.40915963535,101612.58338462355,108132.93978118345,114916.44170287866,125748.52231503022
2024-07-03,95779.98592898124,95052.55246513749,101016.67165691264,100784.11323885003,109015.79460101703,108791.70227092397,132030.32482147217,132381.3964774085,126148.68860083152,111932.74082849747,102027.70171751376,108545.0702368114,115324.46200154771,126148.68860083152
2024-07-04,95858.9233890803,95130.4055349157,101176.50796599613,100942.38213218244,109250.21551069911,109018.40272504129,132482.5313573181,132841.847367321,126548.8548866328,112073.90678532417,101997.36668159341,108626.94751487758,115526.96862494455,126548.8548866328
2024-07-05,95943.64964509552,95214.68779372843,101189.80359996058,100955.58015015507,109227.90754439797,109003.38350910669,132296.73081481212,132646.39711679242,126282.0773627653,112121.22652580107,102251.64896865643,108745.89082696852,115499.94927413219,126282.0773627653
2024-07-08,96059.75955890873,95330.08316690636,101318.2342347643,101081.88223854694,109317.68390788202,109087.87098440305,132445.08478903995,132789.83029928798,126403.33735046576,112202.57473382975,102306.29033968356,108818.02699652329,115590.76381827894,126403.33735046576
2024-07-09,96014.27662637384,95285.83104127561,101347.32308390625,101106.35577747211,109394.70762261003,109162.74777610737,132696.04644330748,133022.58169602565,126748.93802953343,112308.73023029573,102254.00744326193,108869.4011817904,115753.62298291872,126748.93802953343
2024-07-10,96089.35503196892,95359.74352063802,101417.34171790423,101177.87980829465,109498.41424202445,109266.31902315175,132798.18564634473,133136.5144900925,126894.44631415643,112499.40995667006,102473.59144351292,109063.31681233371,115933.65425768276,126894.44631415643
2024-07-11,96163.97858711258,95433.43339303644,101376.36742398549,101144.69003515363,109412.73992977818,109191.70014053829,132466.85616442122,132826.05622674528,126548.85488663283,112452.57049258778,102624.0327705665,109105.96860407418,115816.08631970396,126548.85488663283
2024-07-12,96254.02686906408,95521.90020291932,101532.51799340524,101300.05876729306,109574.6575628956,109346.78678219885,132702.8925982666,133070.96419012736,126900.51532704511,112721.78362155594,102837.6035134525,109352.5291511819,116104.87781941894,126900.51532704511
2024-07-15,96229.93499002773,95498.90090497665,101512.15272483916,101273.5008493024,109599.529654698,109372.46604930985,132800.67722453235,133136.09354256795,126924.76362396758,112703.37835594219,102791.14930351189,109321.14681808878,116096.56483222617,126924.76362396758
2024-07-16,96265.30082393912,95534.40006928533,101561.28080001794,101319.79858075635,109725.9783691116,109501.30502332946,133012.62990977077,133336.77422083032,126924.76362396758,112728.46974301578,102832.67406836973,109353.9858897544,116115.72263333011,126924.76362396758
2024-07-17,96023.56047744586,95295.16877021483,101092.89525504479,100865.55563768567,109037.51827689665,108831.21830783764,131727.63256007363,132077.12279181115,125730.33377945241,112125.87464253184,102623.28060752476,108924.60810199086,115372.89486327281,125730.33377945241
2024-07-18,95939.88806768104,95212.68816011606,100883.21638339516,100662.643361336,108726.38733387101,108529.92616388536,131125.62625196963,131487.14294957696,125093.71653113881,111784.8014410941,102478.74795386771,108669.71394818921,114961.78449970878,125093.71653113881
2024-07-19,95736.47921489773,95011.30107865816,100617.73503637093,100400.17394323657,108299.16213060584,108101.05780730236,130492.70460594656,130849.32402337257,124608.66732879277,111417.0229407855,102190.04279272901,108334.27663416494,114566.16178516134,124608.66732879277
2024-07-22,95829.01954221383,95102.08370966563,100849.5980668314,100628.45148807345,108624.75290965398,108416.59419267,131074.44440695978,131439.20548952933,125117.96482806127,111664.19534523958,102263.15740118227,108504.57335060799,114875.43903178204,125117.96482806127
2024-07-23,96020.07565226438,95291.59660194803,101150.82327266055,100919.29253931575,109063.35935549505,108847.33919786027,131835.28867052207,132172.29256456197,125869.79155427482,112120.70261112346,102522.73252397607,108875.8900053637,115401.95698936694,125869.79155427482
2024-07-24,95505.7993813962,94782.08074495126,100276.90157478741,100070.04298903089,107907.08552722297,107724.17047454002,129729.26365941647,130107.75929982409,123735.58061487875,110959.92111157266,102009.46881527171,107998.65696554864,114010.48638748046,123735.58061487875
2024-07-25,95512.02799320253,94788.89545028182,100270.66640392401,100062.56714002957,107771.59669854169,107581.28887566797,129516.56068150769,129894.72274006862,123517.30893640024,110808.06888355468,101902.13798293873,107865.5723731998,113842.87688427653,123517.30893640024
2024-07-26,95778.37474821259,95052.5656689389,100581.6078333181,100373.40413044146,108182.0050919984,107991.40274440168,130110.6196220975,130509.73708951354,124026.60643566873,111147.75016964403,102128.34933115766,108156.94273873276,114222.78660528045,124026.60643566873
2024-07-29,95766.05157068673,95040.94504112483,100560.39676309029,100351.43135006595,108124.9139691906,107935.28757839349,129964.76966834468,130357.61493119317,123905.34644796823,111216.53726754153,102322.17303131844,108283.44496168965,114246.60352097188,123905.34644796823
2024-07-30,95813.24935636364,95087.01689877472,100612.16850572517,100403.57631140362,108216.37976911572,108027.76975081836,130111.01839386926,130504.86620018144,124002.35813874623,111268.35185443227,102343.93258378877,108322.07756320466,114309.12870526544,124002.35813874623
2024-07-31,96313.17935617888,95582.53007228835,101385.74133665566,101164.63626914797,109309.3556403015,109108.1315672741,131983.31345293633,132364.95276502924,125984.98252908667,112448.621669131,102989.43732276394,109270.4138947878,115679.59695959183,125984.98252908667
2024-08-01,96329.00497408104,95599.50125858861,101238.75427249854,101020.01705409685,109080.21946835393,108891.63585383032,131321.4788978705,131684.51547532517,124996.70484036078,112140.01358241295,103130.5936162142,109163.78923796376,115210.03277246453,124996.70484036078
2024-08-02,95745.37067273204,95021.3181207207,100047.15092698774,99857.07094655614,107255.28819968646,107099.53470541071,127706.62422656099,128114.60823576308,121286.08630622615,110571.41679639406,102982.24444598758,108227.00140035621,113134.03484236577,121286.08630622615
2024-08-05,95201.05711549494,94481.9240397137,99186.98748921572,99010.05742196862,106070.05861837292,105930.84214328963,125707.41812639631,126116.18396969305,119164.00414106334,109354.9642440368,102368.8480882753,107273.2589266277,111702.92922705851,119164.00414106334
2024-08-06,95224.0209340954,94504.51281051202,99432.98378024975,99246.92741259228,106511.9552727879,106359.52548441911,126695.26735576522,127088.03853168413,120534.26883155663,109809.64685204487,102217.47150270353,107456.1606869365,112374.44460731646,120534.26883155663
2024-08-07,95592.08216382617,94867.02872058049,100061.31142618867,99864.37082307372,107409.78834002734,107241.57917282678,128337.18266398704,128737.96818310762,122140.9844845623,110622.900086895,102503.54114090369,108037.22731757647,113375.70655298051,122140.9844845623
2024-08-08,95516.0448018824,94789.53961946792,99939.86923678752,99742.77418590785,107284.00326898496,107117.35563109271,128108.24486556022,128512.79989278292,121965.1588901282,110487.79323600391,102395.92477374461,107913.2908884176,113230.92991890968,121965.1588901282
2024-08-09,95678.31220173085,94950.75629049202,100127.97674396733,99931.12017797524,107504.63955929538,107337.84023860321,128354.59703088328,128757.15212972664,122292.56178207393,110795.35856902186,102688.96683500257,108217.3426786231,113543.26212238654,122292.56178207393
2024-08-12,95815.2175311414,95087.55763926053,100295.34516031886,100097.3591130879,107758.86228734089,107595.93493749834,128744.20694104118,129144.21616444166,122486.58516362995,110940.62379724525,102801.39115292471,108349.10026071852,113700.1024931529,122486.58516362995
2024-08-13,96047.08499979615,95322.40054579292,100665.66969436403,100468.08153401033,108246.44161388733,108083.09223903873,129577.47943346047,129979.69988225798,123359.671877544,111580.42316887506,103284.31878132682,108923.83057200155,114395.27130223968,123359.671877544
2024-08-14,96353.86485055386,95631.92804687643,101065.7299672469,100872.8366864693,108695.20375321798,108531.20330751367,130338.44149071375,130745.59918595297,124172.12397183572,112019.87641173771,103475.68099740794,109254.59110802691,114923.11879929353,124172.12397183572
2024-08-15,96595.29726800803,95885.26718665626,101605.28333876679,101418.29872215739,109521.36260192636,109361.51246155637,131915.38493180368,132323.03228560206,125627.26232732975,112642.1711525604,103545.7085135778,109631.329957046,115742.70002785159,125627.26232732975
2024-08-16,96588.92542827845,95877.96790006165,101602.54422557488,101415.14853350502,109566.99969117653,109408.66862304228,131924.67982432558,132330.10684559142,125615.1335530965,112755.66246192208,103741.53027496647,109783.51330819532,115826.48202173278,125615.1335530965
2024-08-19,96675.34905652801,95964.98113158986,101733.31554685844,101548.54238043893,109745.19373756537,109587.44588381136,132205.6522341701,132624.1291149784,126015.29983889776,113011.3237029589,103900.67817756254,109997.74682198357,116116.40819972826,126015.29983889776
2024-08-20,96686.9102693621,95974.50872231144,101681.23718147908,101494.42262376394,109627.68935295062,109469.66383882384,131978.08913388173,132382.28415522407,125627.26232732975,112866.50033835303,103916.96007744978,109924.92720566879,115913.98007349498,125627.26232732975
2024-08-21,96720.1445762882,96006.1581144966,101712.80485453818,101525.09626703631,109629.39741355098,109468.47704308701,131972.7970506422,132384.03773165902,125730.33377945238,112967.95499111053,104016.87388969676,110026.70488261484,116015.84089827206,125730.33377945238
2024-08-22,96588.50749925087,95876.33371919999,101557.13220049617,101370.3079619573,109380.3546398425,109216.97207631076,131600.562328231,132017.30002434485,125299.85943538402,112653.75528569134,103780.83998443536,109744.97417384767,115674.04514587842,125299.85943538402
2024-08-23,96617.36135449132,95901.92124243983,101480.74585341895,101297.12147537603,109239.85405856496,109080.37013548464,131227.74935191954,131659.03017725257,125105.836053828,112675.00339777167,103943.9854180588,109831.14569624854,115644.34120823682,125105.836053828
2024-08-27,96411.36436802831,95698.57608201639,101251.12659759544,101068.08819827731,108986.68704798701,108829.38364537964,130880.64423315333,131312.2763452697,124620.78685148197,112256.34324813717,103571.07413002723,109429.11556598105,115209.86928560189,124620.78685148197
2024-08-28,96395.62457994831,95682.42144163203,101214.01015536368,101032.66937775364,108922.60437056237,108766.04800810585,130736.62226826944,131174.4971864965,124517.71539935934,112268.21329870274,103658.70601400951,109475.65484110297,115194.5342523268,124517.71539935934
2024-08-29,96638.75633168782,95928.31331810783,101656.9046598142,101473.42449723688,109591.22602279595,109433.65961842352,131941.2068123964,132372.19118208368,125615.13355309649,112774.16688488885,103772.1540029522,109807.7315018789,115840.61053737445,125615.13355309649
2024-08-30,96635.90893093417,95924.05041693573,101566.03647594199,101385.76290101424,109404.10371386568,109247.1477454901,131577.98114283575,132018.47363522125,125372.61357769548,112666.59607320339,103754.10088293819,109739.8953961918,115701.07100599515,125372.61357769548
2024-09-02,96691.19307663199,95982.21854812917,101776.64322206205,101592.00818804171,109740.0073706923,109579.38186598774,132215.9329748531,132641.10417043717,125948.60545793085,112941.7324741535,103829.50152804056,109926.72905088583,116047.48659302416,125948.60545793085
2024-09-03,96579.82804439579,95865.6048558664,101424.6864539152,101240.35461697807,109141.97823199912,108982.43014193725,131101.86338644472,131528.3302412253,124887.56437534945,112486.14232382004,103775.40712975431,109649.62471653247,115448.47467374946,124887.56437534945
2024-09-04,96383.97415494516,95664.7930431293,100969.90452848544,100785.99506684567,108449.69804934766,108293.35764300964,129758.06492041219,130182.9063189241,123541.55723332266,111850.73594897258,103611.69586248594,109222.89885157932,114644.71491086252,123541.55723332266
2024-09-05,96212.91047050744,95492.18333673064,100652.25236275063,100469.8103179183,108014.9555053245,107862.25383557347,128971.7266801425,129399.38467152056,122704.8568421084,111400.0640867408,103417.7620749296,108884.74954049294,114102.56194253344,122704.8568421084
2024-09-06,96043.50865862095,95316.33676610433,100215.4319837902,100033.36340706632,107343.99702993462,107196.12285532465,127582.47077115116,127998.25548688482,121443.73261662637,110918.40220347444,103452.49867907667,108633.70830862253,113436.2819824942,121443.73261662637
2024-09-09,96358.56951432976,95634.0306118971,100765.40141041504,100580.59765845259,108107.6283621771,107955.24887989333,128986.05650283194,129411.24062890184,122813.98805557564,111639.03165635945,103741.25452960018,109164.67840404304,114310.85117539788,122813.98805557564
2024-09-10,96476.85824550682,95751.31521822799,100917.64263314888,100727.43962680869,108318.18801487423,108165.09706783456,129303.51417976669,129703.70491829012,122886.74219788713,111732.81992083549,103848.47872542516,109265.54195589552,114399.68213457083,122886.74219788713
2024-09-11,96481.50980374485,95752.88452828625,100810.43909325878,100624.59591358398,108124.80595591496,107974.61859962589,128847.8281789498,129258.81210105709,122607.8451513304,111711.33318596301,103996.88459587109,109321.31311501696,114317.25877957465,122607.8451513304
2024-09-12,96852.36377196577,96128.51629483365,101520.93779625975,101328.02043954571,109210.19398574291,109057.70969809381,130820.67323095471,131214.5128211966,124403.50210226112,112611.51592208273,104302.18859374127,109959.31747022145,115429.6175619271,124403.50210226112
2024-09-13,97095.53384957672,96372.34868420285,101905.63320565011,101711.65916784758,109751.08514770535,109597.85861196941,131692.11855825875,132083.9334543105,125255.41044487795,113170.11656559329,104664.70672630829,110434.14709727353,116057.7762994695,125255.41044487795
2024-09-16,97022.67094742309,96296.54994762281,101699.5547313574,101507.32724867795,109399.89958007462,109247.17115780246,131015.74338926247,131415.4017975099,124549.53822664997,112845.63700380379,104593.31730150993,110221.80231601573,115642.94216910131,124549.53822664997
2024-09-17,97225.06761588402,96502.20092599466,102126.24137609465,101931.53383134943,110016.00273601396,109858.67106653874,132093.49194437423,132489.6515044152,125632.69209812648,113468.51313013076,104909.67415304077,110711.19541269123,116374.91476822959,125632.69209812648
2024-09-18,96868.24496114338,96146.56766565528,101638.04866470034,101444.37021706204,109402.68603516485,109248.13565376666,131118.8388395371,131507.422740797,124598.22002981446,112747.91427472966,104399.48062171959,110079.26135468122,115579.85229306859,124598.22002981446
2024-09-19,97142.16721889169,96423.5980780903,102137.72817170672,101944.33060315083,110112.52126758397,109954.4871393227,132392.04750661727,132793.68174981445,126070.80975639765,113553.39844556873,104761.16461802792,110690.50522669943,116543.43341745716,126070.80975639765
2024-09-20,96907.45379598922,96186.5585368906,101724.6552954968,101528.59576827467,109586.88394608044,109429.69601558591,131542.98388555498,131926.66236305254,125182.39238268357,112985.98796776049,104408.14869610475,110215.12743340808,115899.90612554293,125182.39238268357
2024-09-23,96942.05747002465,96220.61188255668,101783.39141168974,101585.28570886255,109669.485644826,109511.24652170372,131616.18437416852,132000.80106108935,125304.09224804246,113137.15270030363,104578.04214438656,110376.3611541676,116044.13117627011,125304.09224804246
2024-09-24,96964.75123178931,96243.80253566058,101830.55518709777,101638.26396889235,109763.22113908542,109604.20085204064,131716.6149817028,132117.94635475145,125535.32849179755,113284.677466854,104669.65963964745,110499.88230182277,116211.50541685394,125535.32849179755
2024-09-25,97008.73340526251,96290.08057055883,101953.566095579,101761.22320891194,109996.13361744628,109836.48774163988,132137.8469346873,132533.53157234137,125876.0918288443,113419.31149164283,104667.69781852746,110573.58645153414,116394.96348779273,125876.0918288443
2024-09-26,96993.08827564902,96276.39206899419,101948.35682127725,101764.46125535508,110011.2698598061,109852.89936130184,132203.7082138238,132629.09889677571,126271.61871253687,113589.12958339335,104687.84060211704,110676.86582167499,116618.24842417559,126271.61871253687
2024-09-27,97159.8457126611,96443.80428017842,102215.69879017117,102032.09985961847,110343.7691589876,110183.17235468933,132714.5595112296,133142.9216645791,126691.49114036394,113871.97503284467,104878.9782650713,110920.74981777745,116933.59496156775,126691.49114036394
2024-09-30,97018.55906195698,96300.29339619458,101942.21708196306,101754.60086854699,109895.73819969127,109734.4977835051,131991.38381595677,132405.38229594886,125997.79169420319,113468.71733660041,104669.18631307788,110601.64031291657,116461.49349028667,125997.79169420319
2024-10-01,97213.62389140026,96492.36331722778,102174.80487954727,101982.98375177653,110277.39957414744,110114.96697973004,132536.02171973555,132941.59120979183,126557.6185029378,113922.15873296336,105050.33395412518,111026.6982098668,116940.22224916365,126557.6185029378
2024-10-02,97190.21196664577,96471.85952017554,102245.5842137714,102053.77770718251,110402.48646859279,110236.56484393253,132813.31223624363,133223.74718110845,127093.10905264244,114121.5076424027,105027.02612718433,111126.52565869705,117219.1854155147,127093.10905264244
2024-10-03,97427.03898721516,96709.93878685455,102595.62234481655,102399.05655527937,110935.0645638166,110766.37914720555,133734.39772678865,134132.68734412405,127957.19016732657,114561.73715673803,105189.67844362555,111447.23589007734,117759.22152630697,127957.19016732657
2024-10-04,97292.86221010782,96578.37987212438,102544.93836044698,102347.39803264952,110977.91134304037,110808.10742615335,133964.24796008068,134365.7114608445,128243.1899577275,114481.24360561823,104882.77099995584,111286.70342661854,117763.15950916384,128243.1899577275
2024-10-07,97381.49482663341,96668.34006201952,102772.35471434523,102570.82089490979,111369.71578579416,111196.64185339495,134701.8033527644,135109.18380754668,129015.99849466857,114780.31129943431,104885.4516408396,111481.73099578521,118171.741663136,129015.99849466857
2024-10-08,97302.67685109528,96589.44729981967,102591.39796795973,102391.59714499675,111078.9386700854,110905.04916367742,134288.8158281701,134689.67759654816,128565.69877922561,114469.28749730086,104663.62050686235,111201.6147447109,117828.31363902986,128565.69877922561
2024-10-09,97505.11655464543,96791.4443271788,102918.51247021931,102721.18973301686,111563.96434791385,111389.23120459208,135142.01772624557,135539.42985180573,129058.58926924712,114742.16936660893,104797.62251000655,111425.98708311544,118152.179649447,129058.58926924712
2024-10-10,97558.79096360889,96844.6320795633,103015.04802911884,102818.27139035455,111711.2429654457,111535.57613282731,135368.80038037623,135767.7789171156,129490.63446914144,114977.38101379844,104908.66579951072,111617.81187897689,118432.99660030109,129490.63446914144
2024-10-11,97694.22941019868,96980.36452278506,103248.63070488948,103051.68454438298,112057.08362465196,111881.30242735914,135918.86251553474,136322.93769620804,129971.35218709568,115231.48422027705,105019.96791076496,111821.98778746565,118739.58964637361,129971.35218709568
2024-10-14,97881.74169522677,97167.31599324482,103571.27664545369,103371.99558106203,112546.34428447312,112367.16917527343,136766.09301826736,137172.68618528475,130634.6243456406,115618.15520750143,105231.6331131155,112147.6085456497,119190.39998354914,130634.6243456406
2024-10-15,97832.55198555936,97115.41528315576,103359.0679137841,103167.97538796651,112149.85497712331,111973.49200444864,136013.43132361112,136410.23314259475,129661.01613766483,115186.46811630527,105139.81482041732,111835.0636514292,118633.3537655445,129661.01613766483
2024-10-16,98184.07424101298,97464.11980533565,103733.10692106855,103539.3249047326,112564.12883276402,112385.50518780934,136604.00870219804,137007.95133903436,130281.69752163114,115616.16548335705,105447.17598693304,112222.37401180228,119107.48885200504,130281.69752163114
2024-10-17,98237.63145964699,97517.6118336554,103921.73929274335,103729.58236457067,112913.97068859976,112733.66883753336,137263.5355915408,137662.14431542694,130756.33349610401,115766.80964754237,105395.61769634721,112301.94247772128,119332.97984902491,130756.33349610401
2024-10-18,98281.53970617628,97563.33456690068,103944.44558498092,103752.6265672785,112907.11858207604,112729.67447362131,137205.30390559573,137612.2922084215,130719.8244650068,115798.45463633252,105469.2134008034,112348.44773836224,119348.93927609682,130719.8244650068
2024-10-21,98015.34375008794,97297.31686904156,103681.67007799074,103492.82719642967,112640.52988365194,112463.11441191529,136900.18600557512,137300.75806448568,130166.07939975354,115204.44581217624,104855.72633368097,111746.4865855293,118763.66106384131,130166.07939975354
2024-10-22,98044.98072973998,97324.81716958187,103747.19976647517,103557.12178378101,112747.8895093725,112567.41335136343,137076.81555192074,137476.04801895947,130342.54281175829,115260.41866741274,104836.5018108807,111776.02689975231,118847.46894744821,130342.54281175829
2024-10-23,97877.88638715958,97159.77891772981,103543.09782565734,103354.89469271693,112492.94080056882,112314.76623857315,136657.31856316427,137053.47691409232,129892.25238141991,115012.93496461998,104717.00186428738,111573.2540579983,118552.9912038814,129892.25238141991
2024-10-24,97918.68799089968,97202.5311607098,103565.91134646807,103383.22611875615,112490.10488059417,112317.4374114527,136519.8037343782,136916.16697283997,129867.9068372854,115170.86737660799,104986.45557028084,111770.8249397674,118669.04086855135,129867.9068372854
2024-10-25,98004.43279641142,97284.31335613497,103717.01259062465,103528.82513201715,112723.87572189329,112543.8247093226,136972.1774514811,137366.0499196527,130111.31585310778,115226.25596640515,104924.79649581054,111785.01258641084,118767.83507138028,130111.31585310778
2024-10-28,97923.27545491183,97204.72793683095,103649.0484380019,103460.6967053616,112669.0609225436,112490.50484071046,136980.14330282446,137379.6771873475,130086.97030897325,115049.41732947793,104655.07185773956,111575.07680139347,118625.99373185879,130086.97030897325
2024-10-29,97774.59854812305,97056.42850058428,103464.76217780208,103281.14528768422,112434.47086574745,112257.8879969448,136551.21047702193,136943.60659104883,129770.54323095643,114849.61786210912,104529.40176801856,111401.07171063306,118399.11595082434,129770.54323095643
2024-10-30,97775.438688585,97055.70506505575,103487.74260798929,103307.2751368396,112478.05113732863,112300.56938354818,136504.86022831924,136888.31986550544,129685.35239669474,114979.65826744644,104791.64544007697,111577.99777563338,118479.64920791646,129685.35239669474
2024-10-31,97356.82157475206,96644.68727302915,102983.26099681747,102809.20311426448,111850.70685343302,111682.65370486875,135507.5996213574,135893.3754527586,128942.97114736952,114440.40568175665,104383.26668497142,111083.94575144102,117893.05649695297,128942.97114736952
2024-11-01,97440.8654318803,96729.25374108463,103043.94100531397,102867.81422999012,111891.51996663195,111727.39126195571,135603.6879173788,136002.7776370374,128949.06217595542,114397.26174473763,104310.00428442571,111030.09579317253,117861.22502639759,128949.06217595542
2024-11-04,97234.16010703794,96527.44830767352,102811.41200283034,102639.4032967165,111614.59027424004,111457.90213811299,135113.4640442193,135520.84995753164,128602.20781032277,114273.9203193046,104326.33575537303,110955.81541781616,117686.23076155924,128602.20781032277
2024-11-05,97221.35145990677,96512.80902774795,102819.95173445277,102642.00550084568,111649.90360495952,111489.1646575673,135246.2867745253,135654.13695612154,128882.12585724237,114283.00591857359,104167.47296992983,110905.6550618929,117757.77374013157,128882.12585724237
2024-11-06,97777.99986191849,97042.87515918392,103748.6107202554,103540.04540825996,113063.81952339843,112855.29107549891,137804.46706456115,138161.8022917843,131498.71474542923,115643.8514666367,104737.44751984239,111989.90537598755,119409.43824539616,131498.71474542923
2024-11-07,98052.66178985924,97315.1923756931,104043.15785081887,103828.80423170982,113389.5986151103,113179.40750415449,138275.34509499255,138638.6059785693,132180.24141952273,116123.43483404405,105087.4419898488,112424.63317606985,119936.03282080646,132180.24141952273
2024-11-08,98343.3279899407,97596.87962729717,104383.57904069168,104166.39959293637,113807.3775704745,113581.85455812459,138888.85677591874,139220.05671796194,132563.6048162526,116505.91433219245,105465.84661939855,112806.36971169086,120319.07250002056,132563.6048162526
2024-11-11,98536.91920235082,97787.2006641179,104641.13571113953,104413.47102749499,114156.42320504472,113934.50792541231,139545.08514403435,139888.22185725893,133342.49509667506,116974.42304941635,105737.6574707892,113206.32259224857,120859.58594716099,133342.49509667506
2024-11-12,98457.84248369704,97701.65534674322,104605.00955833487,104374.00711126486,114173.98359345738,113933.82060389397,139646.53268086497,139957.4564471242,133543.3040528143,116943.32526004947,105563.10837747403,113124.5499096752,120881.93255541308,133543.3040528143
2024-11-13,98516.75346858532,97757.40628206171,104697.36552756542,104462.75042025151,114312.29454728267,114066.70417841618,139914.39251913165,140219.29899884455,133774.53101146486,117021.47594846673,105545.66023165538,113169.10946889751,120995.45259422479,133774.53101146486
2024-11-14,98605.88067938281,97847.73990964546,104781.75458760142,104544.30560703336,114392.13250169599,114153.82805428939,140036.15065738745,140355.1565946911,133835.38558669656,117088.47183725226,105615.8447667527,113237.35222728652,121061.09483317206,133835.38558669656
2024-11-15,98327.11423987753,97586.91683910735,104329.56834060157,104115.92748052989,113726.013468661,113515.36194063693,138907.96237272397,139248.8319732835,132843.51357806762,116480.78049632863,105251.8761661252,112714.55710366665,120364.25238281948,132843.51357806762
2024-11-18,98434.31161591936,97689.14255112567,104541.4806613302,104324.85913405078,114057.19829890975,113841.71723707426,139416.58102247637,139763.29367131885,133372.91309918638,116775.77425826032,105398.86267058867,112957.86080634971,120713.57060010059,133372.91309918638
2024-11-19,98404.03394441432,97662.58195443465,104466.17569945117,104253.97493263267,113924.86773660665,113712.0275984409,139105.91685125232,139449.09345777318,133013.89524659098,116680.09404409947,105467.28401384721,112919.91182371246,120557.0804864742,133013.89524659098
2024-11-20,98280.02290860654,97539.70374529953,104355.89787464519,104147.08249717914,113821.15312588245,113608.5711554203,138922.02829587314,139260.8536239551,132673.13190954423,116437.85780652886,105288.34960891775,112699.57224222773,120291.90003577276,132673.13190954423
2024-11-21,98701.32705962994,97937.90831943147,105013.24007769793,104777.82358827312,114771.31531022032,114523.75682336887,140501.77123291476,140817.48716196124,134310.02156116944,117373.50820497196,105780.73699060551,113480.51225550417,121390.11491503153,134310.02156116944
2024-11-22,99075.8535233133,98295.9742509432,105616.0047772555,105366.35915868236,115653.75781696808,115387.22864596147,142010.309663099,142331.85362389972,135587.89336019932,117988.67264813138,105979.47621274504,113949.85406069126,122158.66049293539,135587.89336019932
2024-11-25,99321.8223570969,98541.21513148876,105793.55293410586,105541.40227930354,115770.74778217234,115506.5243249931,142133.15413435904,142453.52500480582,135928.65669724604,118477.70862052974,106555.90339003687,114470.61549056857,122613.96321273729,135928.65669724604
2024-11-26,99354.37663277339,98566.40242571507,105860.48387014409,105598.1078140402,115880.9113482725,115599.43840688419,142295.8854537083,142587.44317182817,135940.82018420874,118525.7982843761,106625.81699305671,114526.49334570931,122653.81377683302,135940.82018420874
2024-11-27,99129.60839852897,98362.54213765712,105416.11031999321,105182.35278712647,115173.34212670558,114926.37903461148,141056.41926820215,141375.5360182538,134656.86664169753,117868.26767230395,106362.61283789144,114006.91060388663,121851.22906799958,134656.86664169753
2024-11-28,99256.30159538737,98485.88371057487,105570.16109461887,105335.09760043936,115364.19961813882,115115.67566410049,141338.14024159324,141656.16805930613,134979.38474830025,118112.88985600935,106556.69859224843,114234.14488140457,122114.040523173,134979.38474830025
2024-11-29,99450.79279096486,98680.78916058553,105774.18902427099,105541.07922678159,115583.43992956,115338.19817382455,141632.41607959184,141960.4007654628,135332.31157230967,118417.87841989622,106829.16211323478,114528.21073332366,122430.36692555141,135332.31157230967
2024-12-02,99637.26616001036,98856.94039879677,106081.95473542881,105835.71039649074,116040.01724034765,115781.86026622163,142416.49404748558,142740.88182370947,136281.59280636001,118992.84992626056,107166.83070921677,115020.49188464058,123092.18300027786,136281.59280636001
2024-12-03,99667.07840571586,98888.41120705279,106128.33120876044,105885.52853692099,116105.5979972031,115855.95581615447,142538.41048810468,142880.6463841305,136366.78364062172,118994.76416168851,107117.11164145131,115004.19021054712,123113.30105062392,136366.78364062172
2024-12-04,99645.17310871747,98865.36907720873,106123.3487506021,105878.93901106641,116118.19458406686,115867.71720111858,142573.93649756763,142915.2564875217,136366.78364062172,118980.10149921861,107093.49612841423,114986.34179525348,123102.00566304267,136366.78364062172
2024-12-05,99701.2977271987,98924.04229769185,106168.36514495999,105927.81556479893,116149.51534989255,115909.82113978014,142576.10986151063,142932.50513838656,136378.94712758443,119074.62137397568,107238.18968721133,115098.73774103475,123177.62375768018,136378.94712758443
2024-12-06,99765.61579134241,98988.2252720361,106234.81573833637,105994.0805982231,116217.67274013362,115978.36932271904,142646.64109992696,143003.24823158103,136512.81976501056,119234.71814315201,107413.06410391093,115264.33983674881,123331.8228990917,136512.81976501056
2024-12-09,99719.15214812361,98954.08538114339,106119.03310264944,105888.7807058972,116011.98070805904,115791.1787593327,142269.21186585882,142664.06693191186,136092.9473371835,118964.52361664629,107238.13299400089,115027.26917251581,123026.86368824984,136092.9473371835
2024-12-10,99617.1814095706,98848.23407317595,106007.26368161703,105775.14851203699,115886.76418713325,115651.52412635698,142040.8176907624,142397.9258235768,135648.73865032647,118703.20697785149,107092.58435799179,114806.32779771832,122723.13207387876,135648.73865032647
2024-12-11,99720.37336624331,98942.70447661613,106222.2207996376,105980.56317285492,116232.24609991653,115983.5212244599,142606.8483926138,142953.75223309876,136190.31094351248,118965.66008396799,107179.61645871545,115007.35847678948,123050.18939897013,136190.31094351248
2024-12-12,99819.23767823311,99037.34416680661,106326.19696785933,106077.39788253736,116352.53210597315,116096.75500323647,142854.97362613626,143194.74029673942,136490.85246150184,119090.92835972353,107195.09350673117,115094.11328354717,123215.989134323,136490.85246150184
2024-12-13,99738.25249232452,98953.44729108275,106282.53465590245,106027.1398328716,116351.05244793903,116089.9123048655,142975.45059126994,143316.30599373786,136600.72434470223,118930.20183258165,106868.12956931732,114874.43601782562,123117.50780150079,136600.72434470223
2024-12-16,99637.83608415874,98852.38781599693,106131.79438912978,105871.36879737498,116143.59409995352,115874.4190868973,142676.1998228918,142999.15191574395,136210.05323609986,118651.30364242819,106661.08117681657,114620.38412007838,122812.57699995369,136210.05323609986
2024-12-17,99416.51845737114,98637.3753504321,105828.22740151083,105573.53430189248,115734.1546762031,115471.75966551137,141982.16992195905,142298.9957986016,135459.2340912288,118261.45367592161,106498.5584266552,114310.04080805236,122339.13103177983,135459.2340912288
2024-12-18,99482.71822813178,98699.82262135479,105924.83638288642,105666.33895044292,115868.23507200899,115600.18894444463,142179.71022020484,142489.5416484503,135611.84013856307,118358.33463800012,106560.00705143219,114394.59509068592,122448.95142739607,135611.84013856307
2024-12-19,98963.88238495773,98202.95066262833,105146.64126272606,104909.3442164514,114768.83284960051,114524.82915405784,140374.9791644187,140687.18445292447,133902.6505455525,117310.42314571091,105931.62547367463,113492.81553417825,121247.58515326082,133902.6505455525
2024-12-20,99166.93423085664,98397.6429559694,105378.40610811206,105129.61587663698,115043.72675241802,114776.3150905319,140754.0836549037,141036.52473353656,134317.73452342142,117582.92228558694,106113.23629513825,113733.73880110175,121553.21559658438,134317.73452342142
2024-12-23,99166.09369285346,98394.47796305579,105424.98657951308,105172.24913190736,115145.39462353058,114876.85374679463,140997.52850229322,141288.42500986185,134525.2858266898,117575.00878509542,105971.84857413654,113678.71305457749,121594.97689010888,134525.2858266898
2024-12-24,99441.07939563345,98660.4509849209,105738.30934255103,105472.19918680418,115519.49419774993,115230.9820328099,141571.48149413907,141844.37050935347,135160.12288529344,118031.88445825066,106314.2089775385,114096.01080214791,122093.31282965804,135160.12288529344
2024-12-27,99241.2309655206,98469.29451093983,105536.212381966,105285.71330468297,115299.63958852876,115038.25883010971,141242.90167684876,141548.82743726854,134732.82781562427,117708.81846189837,106058.72432146248,113796.20467996353,121745.91253917094,134732.82781562427
2024-12-30,99221.2925721942,98458.92265840112,105381.87263831384,105144.77376810572,114987.64925381905,114740.5582186049,140618.01997040713,140925.52389339232,134116.30273755404,117469.51409912348,106055.43178636133,113639.7449495284,121419.40514225271,134116.30273755404
2024-12-31,99373.7702706193,98608.98828284485,105601.23757293996,105364.71726992192,115289.93324026791,115046.7086515128,141134.9054711429,141458.84986932657,134494.76275435617,117702.7345405346,106196.48068410216,113840.86535490186,121686.33242262887,134494.76275435617
2025-01-02,99590.46329491666,98809.39141617155,106095.44432164657,105844.92596062359,116103.61282057171,115839.87830884842,142442.190893712,142765.60820485326,135794.96925823097,118422.78782922999,106550.30938794381,114433.00042566791,122540.82912897736,135794.96925823097
2025-01-03,99529.8359851942,98747.55451401585,105970.32424249953,105715.31295675905,115911.22454342681,115639.22279036454,142203.08064748463,142509.29075491888,135642.3632108967,118230.60888256095,106335.37494146657,114232.44279036154,122357.59589487611,135642.3632108967
2025-01-06,99703.095070667,98908.06324977761,106271.00009603771,106001.79323959269,116374.52376455524,116091.49812656322,143134.74893237214,143445.87655056966,136564.10038363546,118583.03518664028,106331.68691093815,114459.85047531674,122841.62304172647,136564.10038363546
2025-01-07,99357.00662429199,98576.78606529383,105864.66023723676,105618.46461393418,115873.98993999019,115624.09945444367,142317.57619427936,142663.16989390683,135636.25300782963,117965.85454162666,105912.7518537416,113911.50168628381,122152.23338923987,135636.25300782963
2025-01-08,99375.94318294583,98586.0062385554,106065.7344009096,105811.05496448577,116276.04275134343,116016.41995734176,142968.90349902777,143314.14944160197,136283.3011582335,118312.01710555307,106069.23046138883,114191.36106762101,122568.0970933519,136283.3011582335
2025-01-09,99560.32718716229,98764.14879487244,106379.94123809552,106122.64608014103,116742.57778907835,116482.92055996782,143691.23149132746,144047.7401839291,136820.47742543698,118711.38777306199,106379.50508837865,114560.01879147303,122999.6152720179,136820.47742543698
2025-01-10,99235.5021808172,98447.78370126184,105974.10330352906,105729.45025497241,116226.19388461865,115976.94371366405,142896.60664488538,143254.01607377117,135746.13420536398,117868.66346884127,105688.1116044377,113769.16216929123,122102.69876543144,135746.13420536398
2025-01-13,99084.02511384759,98295.62909601776,105788.9308524189,105541.3449933087,116000.98342707052,115745.75125621432,142586.49459970673,142928.62727438984,135569.1059744292,117697.53655598089,105522.22042636441,113599.5718353313,121930.05167324915,135569.1059744292
2025-01-14,99224.84143413318,98430.47344532084,106000.09230519626,105743.13386254257,116296.82505863307,116033.84825536126,143092.95006775548,143439.00298900114,136112.38313036584,117985.34905485724,105649.03937846041,113831.09887068607,122277.03772571808,136112.38313036584
2025-01-15,99903.21084549362,99090.17582933609,106853.93068496311,106576.17925233721,117387.49426438706,117096.96972585104,144831.7951721163,145166.23666292024,138016.91293484456,119253.34747344718,106510.81661570644,114958.06134914803,123692.98985827525,138016.91293484456
2025-01-16,100170.80141099966,99356.10647315218,107224.12125311972,106952.07282031492,117880.10480582766,117597.4363986962,145559.58756152279,145917.12639555882,138517.45592664732,119647.64591137556,106835.62763162935,115328.55674795288,124112.15369252907,138517.45592664732
2025-01-17,100623.14467224095,99786.39850878756,107925.9733937041,107628.16618114019,118893.48542315493,118581.21371170896,147284.75174149248,147636.27958614714,140067.93858359047,120540.0722401432,107311.95473232942,116075.77920679489,125157.14705107696,140067.93858359047
2025-01-20,100583.06620018571,99758.1133038311,107768.85290946509,107484.78520191403,118599.0188966663,118315.25968610328,146770.3017358528,147152.93963467635,139616.2213303208,120331.4536666465,107255.93486818139,115920.62776665206,124892.28007579697,139616.2213303208
2025-01-21,100674.59260812953,99851.58918866648,107872.8614334093,107598.12834317991,118716.54870583539,118437.250704518,146874.47744624724,147258.66576979504,139567.3862774538,120379.60823733553,107363.76050150208,115989.92542652175,124918.11551467718,139567.3862774538
2025-01-22,100897.5534004261,100055.41604226636,108297.1044820476,107999.33798281322,119384.42757722664,119072.7607619395,148051.33231025655,148413.58541192883,140653.94058932707,120932.73347654288,107581.16055718943,116425.59122205626,125594.7549221069,140653.94058932707
2025-01-23,100941.67914192152,100102.3053600492,108286.44417843179,107992.34421832982,119317.70347934058,119012.98275350026,147991.14608599112,148364.1816073856,140586.79355592662,120812.16447158852,107428.59191364479,116293.51173402418,125486.39168929218,140586.79355592662
2025-01-24,100732.74877680483,99909.94357641919,107923.24977680191,107650.40311935103,118760.52852685182,118484.83528814717,146961.5472730213,147349.59332656325,139713.8914360549,120453.57338256406,107392.08256968312,116047.91928466337,125008.87595089615,139713.8914360549
2025-01-27,100284.97744354277,99503.12882996621,107104.34943927448,106888.39968931372,117486.00503659005,117291.23897860917,144697.63056115858,145146.27154191435,137406.48874550746,119334.54147518598,107019.9336151999,115190.40027284034,123614.78524893644,137406.48874550746
2025-01-28,100579.19559699195,99773.57470238376,107609.61733144175,107362.9927220298,118252.89917176888,118010.2814611388,146022.31577729463,146430.69274937912,138566.29097951436,119929.61063972907,107259.48828832163,115661.10332052395,124340.62578056593,138566.29097951436
2025-01-29,100672.59261801364,99865.30088736789,107742.38273021384,107490.36520331714,118433.35920356201,118188.67246975724,146323.42688520765,146741.46372003088,138981.37495738326,120178.06368217479,107402.37074592075,115872.75600074408,124627.73230363626,138981.37495738326
2025-01-30,100826.79044809242,100025.74856275001,107926.94391930339,107686.09303337574,118649.93989657026,118414.2186217334,146583.32593632548,147025.716472746,139323.22032745252,120441.66341203987,107615.0422875339,116118.86406690066,124909.61962535462,139323.22032745252
2025-01-31,101150.1795947251,100327.06243424794,108456.43349647887,108187.89864016128,119434.16230949512,119161.79810478304,147895.8049498545,148314.95926333015,140531.8576143264,121122.61884504193,107962.65593839387,116683.4333117789,125712.8831292555,140531.8576143264
2025-02-03,100732.49697690328,99938.35372138205,107706.10170466248,107479.44048500589,118275.80147451098,118040.61817777561,145810.95035634487,146229.47461677215,138279.39086537922,119953.75306345458,107476.19529338236,115753.23816886493,124293.07008753016,138279.39086537922
2025-02-04,100745.01916300785,99949.64411357183,107775.26693130838,107543.24645283465,118406.02214865791,118169.92800330234,146061.91342895827,146489.32077322595,138712.79613811546,120150.02509510505,107523.6799061264,115897.36549196433,124544.20349826565,138712.79613811546
2025-02-05,100883.75986350984,100099.62634168315,107845.92332352162,107635.09012003981,118397.267720329,118180.77293019592,145864.68828702607,146305.10426558496,138370.9507680462,120196.68921698316,107810.715702851,116028.93222312938,124501.32805212503,138370.9507680462
2025-02-06,101279.89566655889,100472.57273470784,108522.10034881992,108279.24241527429,119418.711111657,119170.10746504541,147703.47484956944,148149.42393787656,140165.59937499065,121064.29051829543,108095.72345814253,116692.53517315583,125583.49755801461,140165.59937499065
2025-02-07,101158.93482637404,100353.48802280528,108389.1828706923,108149.5719070371,119262.50459235451,119012.2302879402,147422.33865786035,147863.3325741421,139787.1393581885,120803.30041229323,107909.94906272809,116457.61159545918,125295.17790601413,139787.1393581885
2025-02-10,101326.72200327189,100514.87616005272,108697.7776501371,108452.36893457007,119735.25955340808,119471.55851606527,148190.6189134493,148637.36822791793,140605.10553646003,121268.81097007533,108152.71148951657,116845.36874259349,125842.39189353428,140605.10553646003
2025-02-11,101200.45662315599,100390.80809525173,108565.64411416341,108321.8652298552,119591.814508444,119334.05904123315,148027.66827456455,148482.19448662506,140324.315625392,120983.50073834459,107867.2304958379,116559.47989532952,125557.85812921586,140324.315625392
2025-02-12,101073.25595441727,100274.07267970208,108355.53421114261,108123.98818484174,119279.97171801065,119039.75045770142,147537.61359666736,148011.91340492235,139726.09321352124,120584.25561467157,107594.99506632684,116204.32619928507,125112.3605602769,139726.09321352124
2025-02-13,101195.38565461073,100399.65438778463,108486.30126257443,108261.44810808553,119419.71533223527,119191.33737924504,147708.0531521702,148191.64534423096,139933.64451678962,120840.04014452346,107878.3163152147,116470.29208489752,125357.26173124579,139933.64451678962
2025-02-14,101181.98521008312,100388.11540160031,108409.94372633581,108190.14009712214,119272.21540001863,119050.9382694881,147424.3427884365,147905.20358118534,139787.1393581885,120885.21241734175,108041.87558201395,116557.32060033068,125358.27885009442,139787.1393581885
2025-02-17,101254.59431861172,100456.88441590605,108546.96965272853,108318.51587017324,119487.21390645066,119260.09591075445,147836.3461193957,148325.47456470586,140226.6455196579,121047.53649292252,108030.90262238149,116658.78979799515,125584.66719124423,140226.6455196579
2025-02-18,101166.14985240846,100370.33231156184,108484.41111591652,108256.63852430189,119444.42665362268,119217.98079659777,147778.59293778532,148271.40683816877,140080.1403610568,120842.02072439707,107790.70665572648,116440.66334718425,125392.56668259668,140080.1403610568
2025-02-19,101107.92522774683,100300.28529522996,108464.1057817346,108221.83059331834,119471.62314115223,119221.26938435467,147863.33084665833,148324.10816017838,140238.85661145818,120860.51291519369,107722.1160767269,116428.4610078136,125443.4091575263,140238.85661145818
2025-02-20,100882.84425844515,100094.76570097788,108101.86417992193,107886.22771448533,118928.66009415328,118710.0810684036,146844.1623617878,147325.65935152015,139195.02714938487,120372.59783235771,107583.26145764647,116062.82934691782,124826.85597267002,139195.02714938487
2025-02-21,100973.57180878095,100191.69481530775,108136.80327217578,107929.69686901715,118899.63756919162,118692.92924368863,146714.95998402493,147207.0862912848,139066.8432856511,120415.23244687985,107731.37788370764,116142.76185588815,124830.14275456389,139066.8432856511
2025-02-24,100753.87804346997,99991.95582261188,107746.23593937074,107570.51433690292,118299.79235313558,118125.59558503554,145669.7817615302,146176.07568828226,137717.8017289092,119733.10232812824,107468.89623856336,115607.47007049384,123993.59972366045,137717.8017289092
2025-02-25,100496.69344872993,99769.40043332933,107167.2794509906,107042.64227125504,117331.07461956043,117220.19184719448,143899.5866225417,144445.8739249958,136063.54807749882,119013.1200045062,107334.62371803,115092.85390287917,123057.52101276492,136063.54807749882
2025-02-26,100816.72904014026,100071.02938440874,107689.39201570458,107535.989179507,118104.79768658562,117965.17541935832,145280.26434723288,145830.69868427532,137516.36062870792,119746.19647010733,107614.84067660506,115667.46571214651,123957.23823819446,137516.36062870792
2025-02-27,100687.23920678486,99944.42293353249,107481.6451485469,107336.13244253508,117807.05408272038,117672.31042379187,144749.32628912054,145296.78230514453,137015.81763690512,119548.50260400673,107606.67868937543,115536.29110885294,123689.52881023295,137015.81763690512
2025-02-28,100531.61291129535,99809.79501439718,107144.57716948166,107033.82638337526,117250.9344445953,117157.45476209182,143710.50793580862,144269.61121467827,135624.04191602938,118905.39604187335,107433.53498230495,115057.84777036225,122873.1938892823,135624.04191602938
2025-03-03,100551.59578246891,99827.84096483715,107275.55524344236,107160.25919143952,117506.75338227038,117414.8614790605,144194.6461946508,144765.72665839008,136039.13520823227,119049.60590282819,107408.51881536565,115142.6063433199,123079.99878576286,136039.13520823227
2025-03-04,99753.51096729157,99085.6734698382,105932.51402700845,105897.49658624711,115481.90976898292,115471.58803948268,140515.6252380772,141091.62910329012,132028.64381340746,117082.51376142065,106726.0849965332,113625.24635777446,120639.90405329813,132028.64381340746
2025-03-05,99390.38069567435,98739.25512476912,105560.0111544579,105536.08390692237,115070.64762481139,115095.03102165385,140038.03236808733,140648.63117833546,132034.75401647456,116723.4177534653,106143.9419936768,113186.79331151163,120364.68320663538,132034.75401647456
2025-03-06,99489.86470770526,98827.22045474811,105727.27985796263,105684.4039119823,115327.2714569021,115333.57237927573,140614.8044363886,141220.60368966707,132761.1602920791,116923.65596306972,106016.20959659424,113271.66723058751,120686.43253356192,132761.1602920791
2025-03-07,99114.43262030798,98489.26909562624,105012.59875830151,105021.89709756868,114194.92011217866,114260.6359407794,138556.02162036457,139180.19750939132,130520.90463493213,115820.9401266977,105628.72072703848,112419.32376527102,119320.3937773061,130520.90463493213
2025-03-10,98929.58297181607,98311.89897761193,104658.49367590787,104683.53808412528,113641.82550552685,113715.95961143455,137578.15934975626,138184.71090017067,129495.38715339218,115305.66069110924,105434.44345601156,112016.37735118039,118686.9828543157,129495.38715339218
2025-03-11,98339.223503894,97743.4465673081,103806.36353542437,103857.59129866266,112458.419026137,112557.14415860704,135624.25938977156,136222.36386392888,127596.96755198056,114104.15161480354,104675.96601373718,110969.0139939631,117323.65971067177,127596.96755198056
2025-03-12,98429.68461054946,97827.60272330718,104042.91100421263,104089.07429089217,112863.88674933117,112958.19365135254,136318.32639609196,136918.2742697722,128421.04393331916,114535.72396897333,104860.2808022279,111314.12284992557,117846.13828912727,128421.04393331916
2025-03-13,98205.53871566048,97614.22678735157,103687.73921495842,103736.23066056674,112335.74549070136,112425.96567873632,135306.40225016826,135879.49695669988,127401.63665484634,113996.43405342229,104623.54536874083,110880.61286222268,117195.63978274193,127401.63665484634
2025-03-14,98669.6545579843,98063.61765324754,104447.05123991743,104484.31274682493,113457.46014113481,113538.72089123106,137272.08218193182,137864.09879633985,129434.34100872492,115069.23645928732,105091.4983457334,111741.93649570196,118490.77725486681,129434.34100872492
2025-03-17,98832.80169669878,98226.59516365001,104643.0550961391,104677.06208665585,113696.5811719619,113775.50378018642,137644.46480546455,138238.87322486326,129910.48044559507,115434.97659946424,105385.4392628514,112083.0059663687,118882.3141887759,129910.48044559507
2025-03-18,98707.02009367973,98101.70056856268,104556.40411824921,104584.67295925101,113637.66192801458,113709.40184633285,137529.42580382893,138104.3267430709,129593.05725912629,115189.49610243183,105186.81323769497,111853.61259632197,118620.01632521604,129593.05725912629
2025-03-19,98913.55985998653,98301.632529219,104866.15593739021,104894.73298725841,114079.27424176743,114151.62807326377,138271.43508183793,138860.28901726764,130423.23452919805,115651.65780563082,105416.61348414699,112234.62263527673,119167.4661714863,130423.23452919805
2025-03-20,98953.26291565754,98342.6263513402,104887.03635707907,104923.03757439487,114083.61528039472,114160.38197008509,138205.99626307073,138799.48393387778,130310.95239860454,115715.26813656933,105588.65710438642,112336.61043185325,119190.57824769957,130310.95239860454
2025-03-21,98848.38351875925,98236.90571163464,104795.64879211948,104832.42074087235,114000.37293633197,114081.44781579361,138042.9182713398,138642.95294614657,130347.70896746707,115789.68075101834,105685.72311151383,112419.15174385847,119256.37741300391,130347.70896746707
2025-03-24,99158.25630380513,98529.38868582851,105372.45610767386,105406.65857083876,114915.48674178745,114996.25597065352,139771.22211127204,140409.95594994957,132001.39943034897,116526.7343501584,105847.83949891015,112954.67143170143,120205.47712667723,132001.39943034897
2025-03-25,99203.24392157905,98576.70307064039,105387.53214835562,105421.90440349246,114894.02579087956,114973.66854873176,139668.4228944471,140297.28698259653,131829.90615838685,116508.80536529259,105925.25649384523,112970.35376613651,120152.12237465083,131829.90615838685
2025-03-26,99123.65097781949,98497.738309317,105297.34812283471,105333.50041728624,114790.83734435527,114868.45478969233,139516.0413210945,140144.92880636302,131646.16069680388,116335.34531192965,105759.77099222035,112799.39247488548,119976.12907862637,131646.16069680388
2025-03-27,98914.9630642809,98297.8894474996,104961.87718519021,105004.21249165108,114289.5658080575,114365.96692431289,138521.39492555294,139136.97138265893,130660.06971018044,115888.469968497,105651.2276261405,112471.08944945656,119404.50428869709,130660.06971018044
2025-03-28,98577.29638934451,97979.47176836675,104339.98413414323,104396.37237133118,113311.45279763176,113384.37100363999,136677.89339599328,137248.48421889413,128491.89008572971,114879.19078811706,105369.55331355587,111716.72007920235,118127.06388532487,128491.89008572971
2025-03-31,98343.13066375894,97751.37204853431,104018.6543572521,104083.37646514761,112872.4945223964,112943.0608541166,135836.9723525988,136400.2678242363,127444.55684236686,114344.71561267847,105157.8812307026,111295.17852741494,117473.83520886401,127444.55684236686
2025-04-01,98766.11154221295,98163.54601121537,104664.49167267703,104720.21581630944,113795.58671166176,113860.40028594974,137396.88437554997,137976.00238655554,129067.6215040379,115301.06802486136,105692.17989819938,112104.34209486438,118584.81010726452,129067.6215040379
2025-04-02,98793.92690198949,98189.05596553294,104697.09209730917,104753.87909740781,113838.79205456334,113908.10266594146,137481.62193925248,138069.12461131086,129122.75168449047,115308.43386216383,105669.87300427689,112101.25096022373,118603.1963747619,129122.75168449047
2025-04-03,97814.9158150822,97255.28039895558,102853.18615937293,102945.77995276041,110941.81537349656,111036.36377080342,132294.07809932897,132813.4361520161,123781.93718305795,112654.39296566938,104705.5948222328,110038.63975672406,115327.16269874474,123781.93718305795
2025-04-04,96740.2380763478,96215.35430407325,101036.58953740633,101167.57119402428,108213.38337771955,108345.00324942525,127436.73405742667,127922.04882758277,119261.84181825593,110430.12040259458,103924.80674704905,108319.67568157698,112571.44375506756,119261.84181825593
2025-04-07,95584.5335159617,95076.02688043893,99518.40882841984,99669.9851320806,106221.31833537448,106369.34099980602,124128.02885963244,124591.37586586068,116542.43515473869,108744.09853192617,102894.8344709078,106862.08501753735,110645.57168426353,116542.43515473869
2025-04-08,96443.52786427665,95898.88011854232,100899.05547730517,101020.11642645655,108261.70525999853,108384.94524636786,127864.70387340496,128367.1835217348,119898.8154933035,110204.89384451116,103167.2569622646,107906.20373272922,112544.8146466346,119898.8154933035
2025-04-09,95222.81825500181,94631.5318560917,99250.99770583044,99298.01252288467,106046.42407738815,106055.7754024384,124020.99314791996,124504.737383745,116070.82398400162,107819.8461552037,101698.55360067239,105840.16514077618,109824.82877138024,116070.82398400162
2025-04-10,96542.81185946797,96002.68923842808,101134.18972817902,101244.41218467825,108641.75481318193,108729.09584678365,128447.86261057323,128949.43861136654,120045.81373170634,110140.12704267478,102971.83336004076,107795.21555019793,112528.81656995424,120045.81373170634
2025-04-11,96295.92210216893,95749.5316787071,100957.14635722912,101048.0499136395,108518.79748504478,108573.05773255126,128191.99408705301,128687.06989142665,119788.57382376316,109897.28782255553,102740.1591594919,107555.87483420486,112282.43055723043,119788.57382376316
2025-04-14,97012.37238110306,96495.05240568295,101956.64385181326,102094.38179885963,109887.62638494825,110017.23791169342,130555.30141259839,131059.62943810096,122262.98342327564,111538.18814845418,103849.31078080036,109012.12293174487,114117.05147291845,122262.98342327564
2025-04-15,97166.59553753978,96644.44227787579,102088.61212481828,102218.70433254339,109999.76223863574,110123.17647822425,130690.7814191719,131189.64801004165,122201.74116653626,111495.26543999714,103818.13851776066,108973.26851583444,114069.86462541624,122201.74116653626
2025-04-16,97072.85344816717,96533.84840254651,101889.72419989947,101985.8961071549,109658.7438522704,109721.33466069732,129899.68870006327,130388.9102012287,121491.26369944603,111137.30903978916,103681.97900643955,108692.9252775315,113630.28991700459,121491.26369944603
2025-04-17,96840.91226090991,96282.3058990197,101466.92030266952,101537.15658199077,109000.65788452991,109039.19153892154,128684.10834919686,129164.52638929772,120290.80145002872,110579.90015648994,103528.28101830283,108276.95757245977,112924.08555565943,120290.80145002872
2025-04-22,96677.52200162785,96102.37573493215,101217.3400302292,101249.3707102267,108627.15012543205,108602.46384398066,127906.13448583135,128375.35890441653,119549.70752741002,110126.02225797823,103256.60784021165,107886.54802419773,112403.55810080661,119549.70752741002
2025-04-23,97526.61311995561,96994.87699368745,102400.49572410987,102505.70170939033,110257.39603743049,110352.46931817012,130913.41101341284,131401.59828623742,122777.47258484442,112013.94390013914,104296.67202298203,109478.72373127725,114602.18170642474,122777.47258484442
2025-04-24,97785.64759149912,97259.56732525473,102770.01682107845,102879.12971835618,110758.91761578972,110847.71039333397,131649.8293120782,132140.09102829016,123426.69844951283,112453.07620379094,104601.53683970541,109871.27608234857,115090.16682502424,123426.69844951283
2025-04-25,97915.5990692044,97395.06746556392,102927.08238364077,103052.07074386408,110963.4206096578,111085.93212046949,132107.4983933504,132604.1928185992,123916.68323183995,112722.02748668066,104731.00927231324,110091.49933489438,115410.33490467713,123916.68323183995
2025-04-28,97824.73358160643,97300.70693376807,102817.16991098151,102931.868446896,110822.51457496005,110922.9073826178,131830.68915978997,132319.49504743156,123524.68792943236,112481.04751025245,104585.85226055456,109883.8937414022,115134.30907901197,123524.68792943236
2025-04-29,98075.97427681186,97555.80531115907,103124.47361574405,103248.45800129825,111207.68164262094,111325.2334659991,132452.031556293,132944.48192702406,124149.41876054146,112941.7369611504,104940.61902860636,110308.04418590288,115633.25265601557,124149.41876054146
2025-04-30,98182.94580780042,97663.77926698914,103271.9188699595,103396.9540321885,111404.5805318688,111520.66408834317,132760.43876639448,133251.4727087536,124467.91027090646,113118.28949617501,105027.56832504497,110453.29998403689,115842.69817354015,124467.91027090646
2025-05-01,98917.4198681877,98425.23085658217,104322.60314184177,104501.87296576986,112867.81320508766,113078.22540800573,135347.69418630886,135888.90507016535,127126.06533200188,114773.79209428967,106046.35095978975,111887.13660329471,117730.93623344274,127126.06533200188
2025-05-02,98859.19041873382,98371.49696178405,104435.89745214711,104608.1443656336,113177.16739182388,113372.902228249,136117.3937831115,136646.2590784792,128130.52993021539,114917.82183758123,105655.74659265744,111842.776410743,118073.50041305742,128130.52993021539
2025-05-06,98669.62293091076,98170.66089606094,104236.10182063679,104375.97114562168,112933.331664016,113053.53742131601,135455.85349246315,135965.314263331,127175.06474480282,114348.44890450346,105330.92786705501,111358.66270548842,117414.57129746984,127175.06474480282
2025-05-07,98675.96210847533,98172.18761019933,104133.43767562193,104270.6308612479,112703.26670821793,112820.72380872337,134937.99846558904,135444.2974792809,126734.07937527666,114309.43153521311,105541.41399628404,111407.61454266805,117282.83124635922,126734.07937527666
2025-05-08,98922.15824819238,98436.3292736328,104601.76318398055,104770.97111544193,113449.82831013121,113619.76892431546,136393.05352426722,136933.6509665455,128204.033722258,114997.13849733402,105737.93470926951,111923.25040101047,118151.55063618658,128204.033722258
2025-05-09,98889.06611838301,98398.773803925,104553.6315996196,104712.84939118165,113381.04867694508,113539.88789506884,136303.68484925633,136832.3461501101,128106.03489665611,114882.2886560284,105613.69952675852,111804.88017462983,118040.47931507131,128106.03489665611
2025-05-12,99474.24287749446,98994.6262616878,105579.33369651348,105765.0129095742,114965.04296541875,115188.83639732338,139380.51815141737,139947.37448859552,131376.66859923984,116497.93638490155,106188.67211676131,113056.24942249214,120039.24131904205,131376.66859923984
2025-05-13,99691.54900397532,99213.98127269479,105910.28427261657,106103.90556435972,115442.73675396777,115680.30415766529,140263.0578380561,140839.72027961907,132074.8938767092,116787.23995061108,106221.85420119157,113255.70328019027,120423.10416388667,132074.8938767092
2025-05-14,99643.14117328807,99165.51615273296,105779.02014725049,105978.34300583725,115222.88285266509,115485.64249241083,139992.35601346393,140570.62729455225,131976.8950511073,116726.99495650403,106185.56494825191,113203.80188181723,120354.09770747038,131976.8950511073
2025-05-15,99818.05933463581,99340.22232945795,106019.72354882711,106216.951497615,115542.17338250049,115792.09173073739,140431.68604711362,141005.71269932055,132319.88159503156,116993.69025453072,106402.51486508964,113453.4285069321,120638.63283471187,132319.88159503156
2025-05-16,100078.7953485551,99602.57971682465,106340.21754006567,106545.31326122548,115947.79646438673,116214.83264744784,141106.47036147982,141684.6069995933,132981.3596493208,117491.55240328194,106794.37525779507,113914.79128390872,121174.68563824054,132981.3596493208
2025-05-19,99914.65432563763,99436.9327161016,106155.84873266978,106352.71352650023,115727.53610376781,115974.32079320989,140735.19885684355,141298.13383866474,132528.1314358562,117197.7270298431,106602.05882408068,113656.25064205237,120843.83117313187,132528.1314358562
2025-05-20,99951.43301000418,99473.53749564147,106322.34623588937,106513.91870028817,116038.67141823005,116266.25040259419,141247.36484074316,141803.03654149163,132736.3719309985,117200.70461271337,106477.78498695506,113614.33155076047,120894.1413316438,132736.3719309985
2025-05-21,99689.14068784009,99208.63493857726,105991.76189467066,106172.07909652563,115612.92942719675,115820.86118929305,140565.41562581848,141107.30908573483,132056.52026511915,116675.57349931139,106053.39366237768,113123.79352218383,120332.84525854448,132056.52026511915
2025-05-22,99368.0076721343,98883.64801506628,105420.36167404841,105594.86430546264,114739.52201335596,114939.57823551603,139042.66252350167,139579.21617681667,130604.94887541023,115858.77297164153,105637.56242258217,112446.99549540904,119368.91735892928,130604.94887541023
2025-05-23,99082.13221228599,98592.3673157537,104920.570305951,105083.22367748275,113969.05338197234,114137.50118344276,137505.28907460446,138032.86160232357,129232.99335403077,115248.68570357727,105505.31445148442,112004.4107318839,118582.58903219804,129232.99335403077
2025-05-27,99594.4816909037,99103.76042352314,105597.63634557405,105775.00121024704,114875.08752494393,115080.53104409872,139153.3882151441,139686.2745717799,131009.17767607389,116324.7680119224,106137.54362792097,112925.82956729265,119821.10444082339,131009.17767607389
2025-05-28,99595.47502654628,99105.39099074886,105683.81286302026,105861.31799714177,115057.73014359978,115264.51957409606,139475.246067309,140019.9027107019,131205.1753272777,116395.61464763746,106130.16712968334,112969.20301338087,119920.87457827589,131205.1753272777
2025-05-29,99749.70605137081,99260.94221059949,105789.34325037664,105966.35650849507,115108.55927871478,115310.8115905383,139432.2654004569,139972.07727272314,131119.42869129666,116493.37673512663,106340.76821110197,113106.95921650877,119976.41406348535,131119.42869129666
2025-05-30,99730.49400210298,99240.68307871281,105748.12919310982,105929.93623980311,115045.55772512381,115254.27458065603,139331.60813863127,139863.97165172148,131101.0550797066,116552.97653597323,106448.14709904137,113183.52668426992,120018.09018028212,131101.0550797066
2025-06-02,99651.34345709308,99161.0994294977,105660.35663730343,105834.07773008269,114932.01851544567,115112.42889099802,139001.37052862794,139532.24680677595,130592.6966857894,116274.13098838236,106314.12722350963,112955.27787656835,119686.06343773843,130592.6966857894
2025-06-03,99957.17289750454,99466.32844535593,106114.89407949468,106295.21454400323,115583.51542640649,115780.2611314302,140215.8465234146,140766.12835881414,131780.90674558587,116859.68352633023,106520.74708040453,113408.18363795601,120411.12314755365,131780.90674558587
2025-06-04,100112.79753801112,99622.66510837838,106286.8663608315,106465.5492702892,115773.1147850936,115966.52689738589,140415.8747619959,140960.672886119,132074.8938767092,117191.82427840223,106873.47299738003,113748.19153861783,120734.77585387383,132074.8938767092
2025-06-05,100126.4781941158,99634.91125933168,106299.64942527689,106476.36716513275,115790.08957804802,115988.35212902422,140547.43853250003,141090.3355970219,132185.14489193194,117132.08115491178,106708.91676150914,113651.35539538381,120714.17454503832,132185.14489193194
2025-06-06,100230.36903527455,99737.41293839068,106473.50220702858,106651.0636836532,116052.85482655415,116255.08795555774,141053.0743376434,141597.54809160635,132724.1197413776,117377.78305910985,106770.57949299304,113832.5634219101,121027.72865328583,132724.1197413776
2025-06-09,100255.33581525707,99762.91289450615,106460.45606179631,106635.61024626732,115998.51469000921,116202.02834093718,140988.33076823564,141531.79018732446,132797.6235334202,117397.52390846322,106756.81550472166,113840.51758110008,121059.88462833347,132797.6235334202
2025-06-10,100542.43157245171,100050.58291658417,106810.18010025658,106985.54812154702,116430.20144635811,116633.85559818454,141633.67677572128,142179.32818207974,133312.10334930665,117818.66977785353,107116.22850041045,114240.64546751906,121502.94396341246,133312.10334930665
2025-06-11,100636.3482719345,100144.06010033585,106979.86111167078,107156.38314364829,116691.5524217351,116896.87176159878,142072.76013653388,142622.53400880413,133802.0881316338,118112.4380027421,107285.67081014789,114491.07763253374,121842.22978372357,133802.0881316338
2025-06-12,100702.0461016799,100210.48014163271,106941.59392473847,107113.78903406493,116527.11308354058,116715.2341507196,141600.91565312818,142146.2833499259,133207.98310173553,117906.53760064152,107322.28213890511,114370.37611549118,121546.62478573108,133207.98310173553
2025-06-13,100437.75654768407,99946.57251940227,106640.1610586429,106813.8795677822,116171.1033587205,116349.68801767875,140977.4878574459,141534.68123803707,132479.13202305525,117424.50154388376,106997.66952527645,113943.01290008727,121007.22865461631,132479.13202305525
2025-06-16,100627.80623978346,100135.78691285485,106885.08661531059,107059.503388927,116491.5848331397,116676.89446948498,141581.05593871727,142134.89380230915,133250.85174688484,117815.45292889907,107149.0118237996,114250.12583674106,121486.34238486053,133250.85174688484
2025-06-17,100588.76984661743,100098.28280445281,106826.08456489914,107004.26310262969,116407.42284580418,116598.0208629449,141394.30732340078,141958.03325695754,133054.86344136347,117764.4715098302,107188.37721556297,114230.93167373787,121401.87757950748,133054.86344136347
2025-06-18,100684.69199143817,100194.82577372438,106950.10278131471,107131.4615689936,116567.94481934843,116755.9754736664,141598.07171443486,142166.09266991413,133336.5983828659,118000.64753530314,107394.13749100422,114456.80425407091,121648.77869584752,133336.5983828659
2025-06-19,100356.58716923067,99868.26446202604,106423.65223901358,106609.05858520074,115799.72610257728,115991.45520529551,140260.43940549143,140827.6932925366,131923.95262761466,117224.67883173746,107019.94302125998,113821.19627005777,120725.28113308258,131923.95262761466
2025-06-20,100516.37142856016,100028.05930370442,106680.01350639497,106866.92205057731,116175.65996932102,116373.60003313044,140945.5200334425,141515.44408495072,132540.13174422726,117541.75861220507,107148.71416663047,114072.40532688441,121111.62308018336,132540.13174422726
2025-06-23,100579.22565004588,100092.58783921582,106690.84269711879,106879.73947995684,116125.66870239003,116322.1614755647,140729.23562800544,141302.52603769497,132293.65445629394,117552.92990821484,107319.4755614096,114139.9100669375,121063.39582421463,132293.65445629394
2025-06-24,100839.36740916244,100352.67162056852,106962.73348409582,107156.04267012193,116437.01320589606,116671.71117237154,141470.94956203757,142036.4339208663,133328.8402613196,118100.7206901874,107560.1227059238,114580.31703098855,121724.08121036358,133328.8402613196
2025-06-25,100788.01295224132,100302.60439810168,106909.71565890039,107104.36300190371,116380.72210643791,116614.20579518862,141375.50165581866,141949.94342711265,133316.51404638615,118054.36416833187,107493.10134155504,114526.58446685791,121685.52825081954,133316.51404638615
2025-06-26,100846.56588877624,100360.97498281782,106883.77983030216,107082.28413860739,116260.8027436614,116505.65353297573,141107.0824346224,141675.34134399518,133180.9538885596,118100.47169411316,107651.38309724053,114612.35769129869,121689.7895552977,133180.9538885596
2025-06-27,101145.13824580242,100656.46042123139,107363.85306657727,107560.6139036897,116969.29897042933,117229.16798753469,142442.96569380205,143006.4562380819,134536.54606467788,118820.88517010846,107971.46333271987,115192.81798389289,122557.33463565797,134536.54606467788
2025-06-30,101104.83112440826,100617.29217844894,107353.71879696382,107551.221986546,116992.62451989422,117250.11678280726,142517.386570334,143087.20037205142,134647.46319478468,118806.17804738093,107879.02868950924,115150.65711762272,122571.58042072481,134647.46319478468
2025-07-01,101283.32481053943,100796.19379481718,107565.47729333251,107758.23175094926,117240.11066163112,117479.85433140185,142747.43664100062,143322.2544203388,134770.69713767775,119021.49710413752,108149.43744506556,115385.80638769802,122765.86698762086,134770.69713767775
2025-07-02,101364.9357125167,100875.26492452683,107933.63760950038,108118.10953960469,117937.25786554316,118170.60486931933,144050.40502154312,144633.3030003514,136076.99385620933,119586.2821976782,108249.41823136038,115787.60621195566,123502.15707106038,136076.99385620933
2025-07-03,101649.7206931651,101159.90549388612,108266.31285081393,108453.65139001193,118348.68123854607,118592.95225349923,144793.79134976421,145382.3990338729,136791.76388799524,120006.12234365978,108482.58640772321,116142.33984812442,123990.3937318445,136791.76388799524
2025-07-04,101520.79773385945,101030.26992347691,108073.80214411608,108261.10961614878,118073.48963340693,118313.70762072704,144276.72047596183,144861.60392816618,136138.61552872945,119644.30327344133,108304.67258294599,115844.75643265908,123561.0624377357,136138.61552872945
2025-07-07,101479.52395034893,100987.38610617591,108025.26886186317,108211.82523033484,118017.89161399455,118259.64855702515,144258.7444995672,144840.5131476543,136101.64628607625,119525.10368919259,108135.60502229264,115707.74381089359,123460.71257468937,136101.64628607625
2025-07-08,101500.95125401668,101003.95646031546,108144.95475488559,108323.9411813061,118254.36847899781,118490.95911106413,144780.750312761,145355.71557097748,136477.5159232958,119608.4657166869,108036.89925029097,115727.01263775377,123611.59907596113,136477.5159232958
2025-07-09,101707.77847147315,101210.01371474857,108388.52102167443,108566.66444479418,118543.82681575313,118779.0275330228,145164.0870349293,145735.565242157,136748.62683680173,119893.52750379904,108327.9792394028,116014.71592350875,123893.70965445953,136748.62683680173
2025-07-10,101926.59062630332,101421.08720939266,108761.78480331112,108930.03283701839,119107.05841555697,119330.35321277105,146131.11325380648,146701.1521362389,137617.44164774087,120361.61168314831,108543.37023076738,116394.48492043806,124454.63097916427,137617.44164774087
2025-07-11,101852.8649090693,101346.8855595901,108755.24633771935,108917.54114722561,119171.24181457913,119380.32289654274,146237.12985670439,146825.74453473772,137592.79862002112,120249.048257655,108377.35088127459,116262.85446684484,124362.23547891979,137592.79862002112
2025-07-14,101974.83636927872,101464.4163564714,108948.48990380896,109106.08378233261,119454.3461935052,119660.21268710334,146743.85005975014,147329.56167354315,138276.757815547,120577.82840938187,108482.95575162728,116513.48206719966,124773.21963417294,138276.757815547
2025-07-15,101960.30995705609,101446.62443410142,109029.26492840661,109183.60642973988,119648.02763572607,119854.7349656304,147174.37624116088,147766.8172885797,138763.53518072618,120725.90477207961,108419.73643712486,116587.269421339,124999.53210271764,138763.53518072618
2025-07-16,101632.23890753373,101129.00547427531,108494.93718727911,108656.00765244021,118849.22146565275,119055.07659194821,145656.38490606603,146256.60534102953,137260.0566318479,120000.28080531055,108182.92566750787,116032.81031170517,124093.87327797254,137260.0566318479
2025-07-17,102097.28161261394,101582.72904832714,109199.0293058035,109350.59074730963,119856.55007374856,120061.68824891352,147432.33462732192,148024.9444116306,139145.57262648604,121064.77549469692,108728.72711917988,116916.2123087197,125348.67200562515,139145.57262648604
2025-07-18,102133.25860923101,101618.82235716983,109256.71761261964,109407.56347907391,119934.74662911893,120138.26305214327,147479.11398347467,148071.8176931055,139120.92019661912,121147.24590848575,108876.83282241806,117021.99270175792,125406.51872930222,139120.92019661912
2025-07-21,102278.26483064351,101763.73934130553,109419.62629006422,109567.2405101652,120118.8631867331,120314.62099543966,147654.4922406745,148253.47395947485,139318.1020269658,121409.70746082868,109177.33510662141,117298.35419904899,125654.1725399123,139318.1020269658
2025-07-22,102181.38277467278,101673.10128400165,109219.91331047603,109372.80815282394,119794.56903005872,119988.09908305744,147051.1796353041,147655.30677612405,138640.30123783305,121009.25745495841,108952.48256512143,116959.13816879512,125189.39749912062,138640.30123783305
2025-07-23,102238.05490703431,101726.23428550267,109319.98073078306,109467.62616340425,119949.19246860311,120143.13300194366,147393.0497432515,147988.98211742484,139213.34330325216,121262.5520757274,109005.25884335287,117142.13784755731,125516.65592441632,139213.34330325216
2025-07-24,102505.34159264363,101981.02937334334,109718.12682191156,109853.85880723728,120522.22688191857,120709.71251087743,148526.78271678762,149111.42750348503,140279.3399445379,121720.96124117254,109082.8521415962,117467.00473525794,126115.59055296067,140279.3399445379
2025-07-25,102663.81045921573,102131.59387664346,109977.61189206818,110107.42918765791,120911.78856994181,121098.8206267782,149274.8065836783,149855.86197730456,141055.7222466968,122119.08948111857,109242.86348721506,117781.8341026312,126601.30807976487,141055.7222466968
2025-07-28,102684.40067306613,102149.78414749567,110019.18653979947,110150.88198694875,120982.65677095261,121172.95083296191,149381.45332346202,149964.98968643238,141092.69148935,122199.4824211318,109349.42951959884,117871.60857076055,126671.763229742,141092.69148935
2025-07-29,102821.64838064535,102284.1092050121,110214.90819164229,110343.38639475376,121248.33254638317,121432.06177766768,149723.3094088556,150311.4232012469,141333.00096874303,122449.90262743135,109603.80721335366,118123.8801917006,126920.08541681021,141333.00096874303
2025-07-30,102937.56204889058,102396.43760249116,110340.01723185925,110468.06791779266,121396.44779777697,121582.39875471033,150024.7911917263,150609.0061282907,141819.78773606938,122684.44305041971,109679.84007763736,118302.91557348687,127213.00767487305,141819.78773606938
2025-07-31,103119.0509822373,102572.28668745937,110590.71749374976,110716.16828925863,121738.511639119,121919.11888321763,150548.48813657372,151138.97524683992,142201.81577968205,122968.37890711258,109900.35913335584,118564.98996736572,127519.82631507135,142201.81577968205
2025-08-01,102493.81815905892,101978.17609041625,109514.47046006453,109672.35863389516,120099.46082002266,120295.58386570706,147493.18473222965,148096.85512870038,139207.184896859,121425.54010836239,109271.58250694821,117341.8851326044,125640.79380330574,139207.184896859
2025-08-04,102876.18968708385,102348.95235595253,110105.38683766192,110248.15649463615,120945.0606163601,121127.33458288743,148916.86376000146,149520.09483992858,140747.63268839047,122346.18983385575,109799.58558881498,118125.65777149201,126705.215213293,140747.63268839047
2025-08-05,102856.3360284702,102332.34486709324,110057.65529376164,110202.56695836136,120858.38595404156,121041.95327441819,148690.43228930587,149296.83263231502,140501.16480260433,122294.03453348042,109868.348079037,118116.07490588239,126608.20645779946,140501.16480260433
2025-08-06,102930.92863821235,102402.30744329804,110177.60443973652,110319.5812291347,121039.16095220867,121223.73361971368,149059.38519498412,149658.97147177844,140957.13133152344,122509.45659382013,109932.6918170432,118278.57867917811,126879.29430549813,140957.13133152344
2025-08-07,102816.76451417306,102295.28075040263,109998.8761054077,110145.75068420118,120770.82908674136,120964.04416202698,148544.54591663904,149150.49116706455,140593.58790923734,122348.87018032362,109899.38098560664,118162.61111719874,126671.76016464576,140593.58790923734
2025-08-08,102796.65281091174,102270.12954801093,110051.17185168585,110191.3530085259,120910.64926858681,121099.23111414835,148906.86381822126,149510.99720964453,140901.67746754366,122363.66632752071,109732.25456347837,118113.2407372796,126754.1980913628,140901.67746754366
2025-08-11,102999.39140191604,102467.9586258825,110272.093325923,110413.32644817328,121169.08079453695,121363.27596251512,149338.2565969626,149929.8004129436,141363.81180500312,122718.47724718886,110017.2735033164,118444.06940907668,127134.08638125935,141363.81180500312
2025-08-12,102890.66435080781,102360.08467371592,110131.86118097948,110273.22609362604,120990.63490413643,121189.11668262519,149118.7514141772,149705.1634204693,141326.8425623499,122607.84904697636,109862.01091375004,118317.49047370581,127040.3394871483,141326.8425623499
2025-08-13,103052.0020960118,102521.18293955494,110310.28090297856,110452.37287422478,121191.13315257205,121394.03090682632,149371.73299009938,149957.5324096531,141425.4334775232,122842.39203952716,110178.65550573198,118581.43005684878,127243.75299742901,141425.4334775232
2025-08-14,103031.43806068579,102495.66681248318,110339.63231137904,110476.60012718999,121284.02010156702,121481.8534335948,149641.92968448013,150223.34535540966,141437.7502903095,122690.28193721482,109926.03466918459,118393.57726181878,127129.41494999622,141437.7502903095
2025-08-15,102923.08873207778,102389.62466126033,110215.50769424667,110351.11954121025,121134.65287073421,121334.03036591629,149459.14700717098,150044.61638952387,141511.69817776312,122611.68998019892,109753.62175599442,118281.73674493915,127085.92261057689,141511.69817776312
2025-08-18,102886.48679639878,102348.94849353771,110274.1812860696,110401.37590317123,121298.83162012766,121492.9195557182,149763.52192727535,150348.54753777923,141912.21084270242,122807.31404035309,109820.44991370574,118432.26914901732,127328.97243400986,141912.21084270242
2025-08-19,103026.803054867,102488.41249505425,110441.25602917011,110567.38851634054,121499.0363149499,121694.10153837896,150059.51888484095,150641.20608530016,142115.55107944226,122987.41972670579,109984.4937608043,118607.03445757521,127514.60338581224,142115.55107944226
2025-08-20,103003.02722332448,102468.51952332791,110361.99911678616,110489.93651191471,121351.40142304012,121540.5192008558,149735.82940174738,150321.38794067188,141622.60590572274,122767.19502050396,109935.33466345628,118446.77204997148,127231.28923187524,141622.60590572274
2025-08-21,103043.39180192977,102501.95897563771,110515.00148338104,110632.50482288392,121637.0971577151,121816.14920184686,150267.35390341104,150852.9313863379,142004.64335148263,122882.31159284626,109883.94952265042,118503.34578161524,127408.06004046171,142004.64335148263
2025-08-22,103298.53423956459,102753.59993178972,110849.72455640597,110962.89855537421,122070.94005420372,122247.96847279494,150933.18011138673,151518.04527011295,142854.9641389479,123496.65462012724,110346.36608420304,119065.19601668834,128077.38754693659,142854.9641389479
2025-08-26,103125.27057461144,102582.97755664654,110638.05239606326,110755.71721061964,121806.75338932287,121982.96280519893,150423.8594751772,151017.31584782514,142300.40669485545,123160.08500979599,110148.01113049302,118776.7855008308,127690.24041103554,142300.40669485545
2025-08-27,103256.96855804068,102708.50964212819,110849.16718171269,110965.13090005462,122120.8214850522,122293.5322621549,150957.50079734784,151548.67412902412,142793.35186857494,123463.46028613081,110331.09156559588,119038.26458110106,128037.60963813425,142793.35186857494
2025-08-28,103269.70249327965,102726.796605784,110798.24990512119,110919.84200511058,121990.90610550847,122168.2577239742,150645.11735199168,151240.88151036936,142626.98087448833,123464.54135268249,110435.95108949707,119075.96699881734,128000.08038820472,142626.98087448833
2025-08-29,103101.84532226661,102562.0856379314,110618.43982525339,110738.35083994766,121784.08934329815,121952.93411259016,150268.43209351902,150876.65481864664,142016.9601642689,123025.01330040203,110106.14914614699,118674.35848095195,127520.83038230197,142016.9601642689
2025-09-01,103082.69166383646,102542.41270427234,110634.15278754367,110751.31933623992,121835.80251356354,121998.73493964254,150326.1284873239,150939.21139572572,142066.25562185555,123051.57180690946,110118.37015958468,118695.90609529409,127552.65635145357,142066.25562185555
2025-09-02,102827.20155088638,102291.37186268486,110421.40912845668,110533.03923001574,121646.07280628542,121793.33009061406,149908.4315646202,150545.83749386633,141819.78773606938,122853.27220640094,109951.75434575204,118508.4261958457,127343.0652790592,141819.78773606938
2025-09-03,103075.59917847131,102534.50390860079,110767.58515464043,110871.44361168686,122113.30502998074,122248.75234436445,150602.5178771817,151242.96320022657,142226.46820954903,123183.24351279358,110231.13774209625,118821.14649538341,127691.03173613868,142226.46820954903
2025-09-04,103348.8359874254,102799.86547454582,111130.67372360655,111228.50891141174,122597.56342844747,122732.72682909758,151435.17223239553,152065.87099948415,143027.49353942767,123675.2806398795,110527.1236554645,119244.89871134798,128254.77423250893,143027.49353942767
2025-09-05,103374.69881027057,102837.22679789178,111008.40965325052,111120.16239942593,122295.5071991243,122437.68222641702,150729.5545350916,151368.69743878796,142337.37593750865,123530.2529527009,110721.28540039217,119219.29431062158,127983.92384412575,142337.37593750865
2025-09-08,103564.55550086098,103023.38451931234,111327.35016530566,111428.61290358657,122761.62849955112,122891.44580565162,151413.50712696873,152062.16938995995,143212.3491548409,124102.44885868573,111100.54048295743,119724.44847631821,128626.4676905515,143212.3491548409
2025-09-09,103533.11416786393,102990.38019494733,111297.63235834565,111393.37350039787,122735.36106461432,122858.05109808368,151443.50298426504,152093.09891455655,143224.67536977437,123962.94064544521,110868.21027432184,119551.93352317525,128521.83968109296,143224.67536977437
2025-09-10,103659.40636951078,103112.22358473124,111500.20940474643,111589.8773297205,123031.64443336397,123152.10055720866,151931.46460819495,152580.54805117994,143853.1807013204,124351.95217796437,111105.19395131059,119888.00709787598,128966.43647599558,143853.1807013204
2025-09-11,103987.20963657711,103433.39121321046,111890.56454766063,111973.34723192155,123512.39844624212,123631.13024988977,152731.4202020204,153371.21560952306,144752.79694637237,124912.22154510804,111449.96629981036,120373.25385097734,129605.47493154039,144752.79694637237
2025-09-12,103914.19971441258,103357.5459042427,111894.71634049663,111970.70909389843,123600.32410245568,123713.09168292004,152916.92046860585,153559.86760948657,144765.12316130585,124863.42872469223,111363.74124406322,120311.16400023198,129570.72955926624,144765.12316130585
2025-09-15,104034.56184458875,103479.08712535982,112031.17513987893,112107.21807785341,123754.30461518919,123867.43679014636,153097.29068109553,153742.59162600664,145048.56028974525,125137.08445823757,111628.81086775108,120582.28721510444,129846.89567547782,145048.56028974525
2025-09-16,103872.08109157774,103324.01977809046,111744.85973956787,111832.61980164201,123315.5081991222,123436.24526950155,152290.49151308302,152942.61250122823,144457.03360299955,124848.62777138164,111530.85992552113,120360.52852981459,129488.28793015782,144457.03360299955
2025-09-17,103880.44492887054,103335.77833372507,111714.05392010105,111802.22530589307,123238.06694160162,123359.19115806167,152140.58045260265,152794.55654103062,144494.00284565278,124845.8701412619,111503.50462015007,120349.08632527743,129494.68800697327,144494.00284565278
2025-09-18,104228.81168394831,103659.50028962598,112324.64832222775,112388.08765283664,124175.0535785311,124280.03216669489,153914.2990265774,154555.81171190887,146184.69427957555,125648.39617067203,111748.13657551898,120956.21125705927,130502.75616627265,146184.69427957555
2025-09-19,104286.1598804894,103709.27348738514,112523.49599019841,112573.71561449974,124532.81529051521,124615.2669915687,154495.90697675286,155147.9602635265,146617.1643691221,125831.00240831687,111774.19085563484,121083.90815360373,130743.14649161446,146617.1643691221
2025-09-22,104386.45019372401,103804.18741689717,112726.0526251627,112767.3556790538,124852.17265427641,124912.10950911832,154961.25464888226,155624.5710549176,146913.70747677892,125978.16685933879,111827.41188183523,121198.19099141523,130924.89199497883,146913.70747677892
2025-09-23,104515.98344015036,103932.27893740212,112918.36011043603,112952.87672456208,125115.70701302569,125159.00093992967,155335.9006982919,156008.8677677153,147370.87613713837,126257.23031210527,111993.51061085194,121437.90059143177,131245.2832025135,147370.87613713837
2025-09-24,104490.99284519555,103907.56861056513,112858.17331246652,112892.7618802979,125019.61614615496,125064.83611141627,155240.8922207241,155910.31225896484,147210.2505844358,126110.21608331788,111856.28849977949,121294.07452077429,131094.99347747193,147210.2505844358
2025-09-25,104414.40655115637,103827.01151067147,112850.99759296127,112881.63175416505,125085.23963601503,125124.6506912572,155329.8684735127,156003.6254062229,147309.10142929992,126128.19626321613,111823.97844637393,121294.34189744771,131131.6376780313,147309.10142929992
2025-09-26,104392.53730053986,103807.89227097906,112817.49752449119,112849.09617447054,125035.86158220781,125066.57064136902,155209.12641568002,155886.47444506723,146901.34876443708,125908.51472797216,111722.89102289709,121116.10849421783,130868.38576053747,146901.34876443708
2025-09-29,104649.11841665764,104059.88723940022,113190.55560623384,113212.65034101503,125543.79185192977,125557.53535893511,155928.33792517346,156613.643176562,147599.46989425353,126435.82159588218,112139.4629997036,121605.29934687485,131435.57052477266,147599.46989425353
2025-09-30,104633.67239511438,104051.32636251718,113149.46041131738,113176.77147235115,125486.42665631697,125504.56890342981,155794.4521482964,156480.5770711177,147346.16813939007,126307.15305186383,112095.11740836033,121505.57026959411,131277.10664216796,147346.16813939007
2025-10-01,104815.32595145376,104233.3729302598,113453.95386209924,113484.1516171035,125956.1717063381,125972.56487446255,156679.20835698195,157369.25240280703,147889.83835920718,126581.14727132642,112210.59699653374,121722.99697454463,131611.7615329296,147889.83835920718
2025-10-02,105012.37327176509,104429.63871548839,113748.97208671315,113780.41610395188,126425.7290734741,126439.88040599813,157476.82625607803,158170.1027206527,148915.385237132,127135.4118145656,112486.51674273655,122178.12561599968,132272.20660002762,148915.385237132
2025-10-03,105138.55538853393,104554.66844361466,113957.41530299309,113988.95863699251,126696.95747460923,126712.44804673924,157918.81678441816,158616.0154031401,149384.9220367687,127393.03941242704,112618.84048395019,122391.14624985232,132577.59663954336,149384.9220367687
2025-10-06,105088.46003522337,104502.21162660848,113987.49709122788,114017.06153537244,126737.40888501208,126757.17268963701,157973.5009291176,158675.6136637236,149471.41416929095,127383.16235317495,112554.21358209694,122361.45368719952,132589.1528528146,149471.41416929095
2025-10-07,105066.69026940773,104479.10706001376,114002.17173041418,114030.01040104615,126730.70587975402,126753.65903844574,157919.1099828955,158623.7008499456,149174.8710616341,127263.34935943784,112537.23120347952,122278.49062165103,132429.72155602486,149174.8710616341
2025-10-08,105327.99714909492,104737.44196464555,114465.92743253836,114493.25533989922,127398.9285030063,127424.96656805238,159050.076523566,159763.59377381994,150052.15109919818,127719.67377364496,112745.61587111384,122646.40898125469,132980.80012559082,150052.15109919818
2025-10-09,105397.24856036491,104805.59896843061,114608.84883478723,114635.63586079053,127634.14460473148,127660.38774994395,159390.20130890387,160106.08538120834,150472.25304946746,127935.59298503934,112841.3682619769,122819.46727020145,133242.6671748847,150472.25304946746
2025-10-10,105000.32331585523,104409.9130785125,113842.40291272978,113862.15457803557,126345.11283273724,126376.40049794556,157063.6214286652,157766.35688391366,147679.77795713706,126614.4410905143,112381.99979156196,121806.29854991863,131590.95034369655,147679.77795713706
2025-10-13,105215.0887321809,104620.11209156035,114229.30807531351,114248.31027102262,126851.12788371794,126886.12313350775,157803.68706287522,158517.24488611327,148618.84212947512,127156.85709086238,112688.81550322782,122264.99715366386,132222.90351485342,148618.84212947512
2025-10-14,105252.47499958325,104655.40458361493,114300.94884161506,114315.61122265949,126880.8359767987,126919.4872526604,157757.65382678897,158472.5808855811,148470.57528911438,127173.01476340817,112798.39922905769,122314.96648511052,132202.49030008502,148470.57528911438
2025-10-15,105417.95714179632,104818.12294330762,114488.10720270443,114503.89250976493,127112.61503241381,127147.94157984077,158104.5851238396,158822.48592403525,149063.66150442808,127483.27247655822,112942.00857743542,122565.8130325591,132576.4190192098,149063.66150442808
2025-10-16,105526.52957882444,104923.76053487287,114657.89101430088,114671.32712639516,127266.84017318397,127293.93238532386,158265.51233254364,158978.50015514524,149026.5947943379,127562.01354558468,113085.36701570064,122668.11904666711,132629.5548488107,149026.5947943379
2025-10-17,105202.19631323141,104600.01102519389,114178.90970797453,114191.64833196234,126533.30685852858,126563.88353992823,156939.9387700801,157643.13392848524,147729.2033795691,126889.76507483434,112781.22780855434,122127.13851475144,131816.6033537492,147729.2033795691
2025-10-20,105678.39518518413,105071.57348982038,115028.03144880722,115039.36558891974,127812.79729982623,127831.3729111168,159100.86839642667,159817.14141335612,149978.0082520824,128056.44539132078,113310.65670168825,123066.58242007784,133226.84790744452,149978.0082520824
2025-10-21,105784.99968035556,105186.23423296651,114926.8568696028,114946.18340673379,127764.9159828734,127805.59285137296,159170.49214522823,159901.4987374976,150212.77665190076,128242.30550038147,113465.37395290565,123241.67942890788,133424.0175488466,150212.77665190076
2025-10-22,105770.93428279944,105177.13785170171,114692.75969876206,114714.79253338944,127388.61732379008,127437.24526096601,158645.03398562907,159374.84756207332,149656.75714667724,127967.39415714698,113355.5088843067,123025.69402166813,133085.89820393425,149656.75714667724
2025-10-23,106075.6227224992,105476.31404395208,115261.91879369998,115280.34784545115,128186.50925465413,128219.3038880503,159988.48481997437,160720.786015127,150867.64700198837,128513.69177444864,113513.42899839701,123433.06336533598,133781.39680736282,150867.64700198837
2025-10-27,106565.88741313409,105971.40874784964,115861.38377513718,115888.26187179102,129225.78135261382,129271.89339263375,161906.49335095796,162666.8555795677,153215.30271936575,129812.6752706376,114191.89975786078,124511.21189687673,135316.7961162972,153215.30271936575
2025-10-28,106800.61630547905,106206.15179681624,116200.98445980097,116228.07848735541,129764.29617301097,129810.59854593684,162893.81562637407,163662.81338126055,154290.28444665807,130294.550398766,114327.2720500158,124869.12326993956,135931.81089085346,154290.28444665807
2025-10-29,107082.22997928865,106483.73870259339,116657.69755836776,116683.20975827162,130408.47373806116,130445.1590901058,163934.586751809,164708.17890214545,155216.98990665426,130852.34485632132,114665.00396797509,125348.85726557151,136573.00192054926,155216.98990665426
2025-10-30,107003.17970349791,106404.40283971156,116595.48362952858,116618.88470621617,130331.06100493424,130367.4090871476,163835.53532735448,164609.77991212433,155118.13906179013,130698.31122932678,114482.22901660606,125184.02615562928,136430.90560643858,155118.13906179013
2025-10-31,106860.32549569644,106263.8834670992,116376.85614723127,116400.27146804715,130018.12121912156,130057.02842301248,163319.55440022654,164091.05812420315,154623.89426440507,130357.35795208656,114234.63711858427,124875.91303459858,136055.05195638898,154623.89426440507
2025-11-03,106792.16016203593,106196.35397372975,116318.27217724353,116341.8028578907,129950.43065682481,129989.41886286055,163209.32156831666,163981.18826064348,154710.3863969273,130363.78131896241,114195.31405209895,124865.818449487,136079.31635855144,154710.3863969273
2025-11-04,106912.06740611124,106314.35405550821,116466.73245522818,116489.63786041735,130137.63380679584,130175.82525659312,163478.37661278018,164251.551505295,154846.30395188156,130531.43086858052,114378.10019820766,125039.38421591016,136240.280488003,154846.30395188156
2025-11-05,106838.25882203135,106239.61274018275,116472.87528981414,116493.64424067608,130227.63580054259,130262.3049522214,163768.2721514933,164542.53435082783,154908.08808665545,130405.62727769374,114147.59746881039,124875.40321099677,136155.9567129578,154908.08808665545
2025-11-06,106507.65779031636,105920.97495249266,115815.83697058546,115847.81908578226,129129.51781469434,129178.67625035554,161807.3564539018,162572.79567785442,152881.69290161872,129429.32030382924,113786.93549066782,124119.02846452323,134943.64887976774,152881.69290161872
2025-11-07,106062.38443801216,105486.71837589622,115135.65588559068,115175.7678023246,128036.2162587796,128099.25658673108,159865.1933921528,160623.83082683964,150756.44687171784,128364.17622616413,113344.70585945077,123276.20828878178,133640.07344855694,150756.44687171784
2025-11-10,106638.4891868979,106045.06435073103,116183.72611485697,116210.0564565956,129651.41769322022,129695.03204973436,162636.72970841042,163411.46964031566,153561.27124945467,129832.93353565905,114026.17019907112,124464.29882075315,135409.6163154916,153561.27124945467
2025-11-11,107004.88237741904,106404.98891313924,116659.42128337765,116682.64536514043,130324.0865528362,130361.15043526492,163854.44623644341,164633.8290650478,154487.9767094508,130352.69711979435,114304.86519662337,124898.30835511594,136021.15759742458,154487.9767094508
2025-11-12,107212.27806824227,106603.60072463707,117165.15061640432,117179.96045796132,131092.86911184507,131121.27441486676,165125.26941253454,165915.62578027137,155661.8092816072,130928.84455420531,114530.2424347012,125349.19989312397,136731.67737945708,155661.8092816072
2025-11-13,106764.86606730914,106167.72947621292,116457.33418622194,116480.62627519427,129999.65397193543,130040.25661657886,163230.2792980992,164011.28392805252,153635.40466963497,129794.97403903013,113924.99333343306,124403.38868253125,135396.5272695586,153635.40466963497
2025-11-14,106454.35541646992,105864.59849670317,116077.23949546005,116105.44321011688,129585.53350316895,129629.84988685428,162540.92740417313,163314.54095650092,153524.20453936444,129699.78979029358,113840.61095026188,124311.85604478746,135297.5618474068,153524.20453936444
2025-11-17,106321.41747223875,105736.9183540982,115723.48088948919,115755.54932557944,128988.44119205792,129040.38772285092,161492.40158918762,162258.45103192911,152387.44810423366,129142.69832613698,113623.68434842103,123876.23778230292,134610.15316637227,152387.44810423366
2025-11-18,105866.82179117185,105292.0748179327,115044.26654953358,115082.8753509287,127949.20964178957,128012.10025117258,159622.16895212766,160380.3822587892,150484.61176180927,128121.23411857794,113122.50320023825,123040.11742652435,133390.14883459563,150484.61176180927
2025-11-19,105940.34776273805,105361.81665252874,115270.99279508735,115305.39975584496,128302.56365820103,128362.22405639413,160131.2936895556,160895.08327313093,151090.05668946487,128470.44467406874,113319.53709809754,123335.2510208966,133797.19763183562,151090.05668946487
2025-11-20,106162.03206423807,105579.07795055215,115537.0193056486,115567.47623414296,128712.21138772734,128766.8319439472,160893.16224548276,161659.1853852043,151646.08562162382,128696.46476538607,113353.5008524188,123492.45260836853,134097.202325751,151646.08562162382
2025-11-21,105832.50339646298,105259.81223199496,114917.2205630605,114955.96658506079,127653.02010798993,127722.3181775295,159014.9816598375,159770.2302509803,149582.61429956142,127739.1326946872,113043.4251584463,122766.52904764065,132891.43313932582,149582.61429956142
2025-11-24,106208.53846510744,105624.30549457224,115584.57653239717,115613.33231539106,128718.06164176736,128774.40609079396,160813.1240640285,161579.64161969748,151621.36819694008,128786.98818183043,113508.1113136291,123606.38056662971,134162.2733889384,151621.36819694008
2025-11-25,106342.85182517224,105757.05221710657,115728.81718164845,115757.03186612221,128863.63737166175,128920.48340601067,161055.59201510256,161822.62782595784,151584.3014868499,128860.29922969283,113643.04050222313,123702.15807455106,134211.17584855898,151584.3014868499
2025-11-26,106815.71600701065,106219.88862150429,116376.2504687144,116397.97830583809,129811.08796978559,129857.13552775531,162707.02061968014,163481.50692857124,153141.16929918536,129725.67692336053,114099.09931975804,124421.88540942717,135232.46513950592,153141.16929918536
2025-11-27,106765.3988049259,106171.86297550365,116265.65532416814,116289.10321192173,129630.62983433137,129679.84911194013,162391.31783958295,163164.70486627228,152819.90876684475,129576.854342008,114051.1713051042,124309.13595316448,135044.91421368445,152819.90876684475
2025-11-28,106903.84410880673,106304.83656187524,116534.71023667064,116553.2907597587,130025.62284436285,130064.97672510345,163092.84326254344,163866.00320560843,153437.71240684218,129785.72859638563,114023.31169292924,124432.99752997857,135345.30512966122,153437.71240684218
2025-12-01,106832.57254290763,106232.96883922405,116485.6682075744,116503.12582782439,129984.1316028378,130018.97143776901,163089.06575225262,163861.06847414296,153363.57898666183,129611.79809730472,113795.56282831565,124239.15264863614,135193.19983843336,153363.57898666183
2025-12-02,106944.68181232152,106346.10618007154,116561.0907946127,116579.98405588805,130061.9791479754,130102.61143861242,163159.65700790705,163933.85726318593,153499.4965416161,129790.31805188672,113995.2235601211,124425.78788641388,135362.63878679578,153499.4965416161
2025-12-03,106806.67267813094,106212.35006513268,116271.12662061332,116293.10001163163,129569.56218701806,129614.93031284215,162292.07045227822,163061.67546253273,152548.07365693618,129344.7826393857,113845.8432315884,124086.11456226165,134803.46441863413,152548.07365693618
2025-12-04,106804.19804602019,106210.32180297279,116241.82438472498,116264.45163355628,129549.04519352393,129594.24913447471,162355.67042318181,163126.1543496589,152721.05792198062,129335.8937445275,113733.45597040145,124039.79267881997,134835.04762461234,152721.05792198062
2025-12-05,106887.49941986082,106290.94905597511,116424.31444521014,116444.86921669365,129854.45562838463,129896.79783255678,162840.874413985,163614.5771666087,153388.28698441014,129651.66288209944,113843.36481504556,124281.99216835841,135229.78033122406,153388.28698441014
2025-12-08,106685.52966275325,106091.77124588902,116202.51349607384,116223.34241525359,129609.88353035934,129653.76504707243,162531.7344217596,163304.7106480009,153067.02645206955,129345.28678590298,113550.85986909227,123979.81636083247,134919.397044371,153067.02645206955
2025-12-09,106799.32354491619,106202.86847519537,116375.38032937194,116393.9358840309,129833.1411399572,129874.96046129715,162836.90098055275,163610.01115004427,153363.57898666183,129573.76722388476,113736.52590790862,124193.428187367,135163.55009067053,153363.57898666183
2025-12-10,106738.03724736258,106144.3415592159,116229.71453022488,116251.56788295,129604.7685281403,129649.44720469677,162472.7474411646,163245.3247494415,153017.6010296375,129395.94541755262,113657.6683435727,124050.9047993714,134947.88761476768,153017.6010296375
2025-12-11,106790.7324614144,106197.77032392136,116279.50852321858,116302.63838018893,129602.85505951197,129645.80580467252,162431.31297066293,163200.42032834832,152770.4833444127,129334.13120994384,113702.55095884769,124027.49194341415,134844.6775814143,152770.4833444127
2025-12-12,106660.79719278595,106068.77127506549,116149.02228778017,116171.08238981645,129413.01252261481,129451.99571192841,162109.20325766507,162874.73445743375,152350.38139414345,128960.65848370554,113362.22163668516,123665.00730320414,134459.97817108882,152350.38139414345
2025-12-15,106765.56745049439,106171.7993667517,116280.10967541051,116302.17155904525,129586.78816095614,129623.45940680653,162474.69803437515,163240.1060562265,152572.79108161994,129129.29619771751,113497.24742346017,123821.94374883841,134640.9692932473,152572.79108161994
2025-12-16,106516.56869835574,105930.39729024822,115850.7388933305,115877.7420333369,128876.43140203197,128920.8502033633,161144.500565127,161903.48990251185,151090.05668946484,128432.41380064875,113260.50017769047,123289.52655962744,133767.54788407276,151090.05668946484
2025-12-17,106475.13607655828,105888.38259456557,115794.79584645608,115821.66398359426,128764.92978084725,128804.52708432786,161032.24771507364,161787.31531365172,150657.59602685372,128161.24650210363,113086.02744515511,123052.58947570642,133459.85660724764,150657.59602685372
2025-12-18,106846.48189675035,106250.59101752889,116427.99731387492,116449.23017510033,129698.89583238604,129729.50269260745,162546.77508835294,163306.87092767254,152199.11290351528,129100.23124617047,113665.09851044678,123863.97674985381,134535.1139253682,152199.11290351528
2025-12-19,106941.35600113071,106343.1536478118,116599.7407894112,116619.71428379114,130009.54251043886,130037.91588312143,163170.02479014272,163933.9245605014,152831.36732100826,129349.12841736982,113691.13224178244,124032.9809568481,134869.92495136187,152831.36732100826
2025-12-22,106907.45798006945,106307.02532224316,116645.41812517343,116662.20840111609,130060.01276559118,130082.13077557676,163183.65808859415,163944.26436885775,152657.8087684779,129243.62434491486,113626.26980320198,123941.88665296577,134749.03048530215,152657.8087684779
2025-12-23,107099.48755840665,106497.32799684108,116825.51224024832,116841.80900600592,130232.91476958134,130254.39133140299,163399.11111022413,164159.29839583978,152942.94608091016,129460.80251465812,113800.89671689243,124144.26131667716,134981.83053855473,152942.94608091016
2025-12-24,107090.15736805653,106487.12428723877,116834.75476198016,116849.08435667855,130242.50000026192,130261.47094598426,163413.81574701305,164172.42417102188,152905.74685545504,129409.08760987793,113741.81839797489,124089.74761007715,134933.23037310276,152905.74685545504
2025-12-29,107108.32811315976,106511.59219126384,116630.83218619293,116669.23751881064,129969.23251264497,130006.17745636721,163014.5083156537,163779.94421619378,152942.9460809102,129460.80251465813,113800.89671689243,124144.26131667716,134981.83053855473,152942.9460809102
2025-12-30,107238.43716550655,106637.7486444736,116932.9076003816,116966.88057518551,130440.22667911826,130469.99345978006,163828.95702627377,164597.5682556468,153612.39026562657,129902.67318075534,114105.2957936493,124537.61616671717,135475.3680853811,153612.39026562657
2025-12-31,107235.55014599368,106637.58961023093,116815.3835440275,116857.68151261464,130251.81137958431,130288.20135600775,163516.13567339358,164285.6500709716,153314.85321137588,129749.74847742266,114037.47919747164,124415.04769619738,135289.9008424838,153314.85321137588
2026-01-02,106995.51265001301,106401.22411258664,116529.5804120696,116575.1347427814,129883.16726140732,129918.27300130238,163001.86320515163,163765.8061498195,152992.53558995196,129502.59039134154,113837.50331829,124184.28737263838,135025.44993459556,152992.53558995196
2026-01-05,107311.50274611106,106708.37615196664,117096.56598566344,117123.54624492602,130654.43613681002,130673.01934725494,164227.10839149146,164993.38761914303,154294.22473392953,130182.48296244006,114151.05938490358,124733.57306206049,135845.31779279467,154294.22473392953
2026-01-06,107446.84547240664,106838.7694023404,117354.96879103768,117374.54515499716,131039.38645160588,131048.04058796351,164973.5764184267,165741.18819196636,154814.90039152055,130412.06302800105,114210.6982741341,124902.3375798146,136140.22687653717,154814.90039152055
2026-01-07,107706.30807496609,107095.8916804438,117618.56407917335,117639.63984396697,131376.84833080706,131387.79280791042,165440.12925487364,166214.6931660002,155310.78602370658,130737.56439799731,114433.36836979096,125191.53488410832,136504.39917786806,155310.78602370658
2026-01-08,107664.52228749932,107054.50747929653,117569.26552668841,117588.79632389685,131285.28470899165,131296.45416170548,165247.9496360035,166019.9507027508,155162.026954813,130710.00300463107,114475.36569041094,125189.0422482391,136449.79197932794,155162.026954813
2026-01-09,107999.28912680502,107381.96682602589,118087.14387266508,118098.06494908557,132026.2596679279,132027.50968549924,166527.42993299165,167305.28054998492,156352.14679712037,131365.14812884343,114814.09177785325,125731.55740900133,137225.5263815304,156352.14679712037
2026-01-12,107972.96150645248,107351.94370270285,118183.5503051044,118179.61998581687,132131.4294180141,132119.90537354982,166653.58776850754,167423.3317945621,156302.55728807856,131339.66067828797,114802.78901182362,125711.12933058135,137194.61517438083,156302.55728807856
2026-01-13,108034.04770509336,107412.48933732303,118254.54936363737,118252.15669923792,132239.7819787855,132228.40579259518,166844.7257870399,167620.3013620764,156562.89511687408,131440.87047684044,114811.52728908372,125779.1840945011,137331.48225182615,156562.89511687408
2026-01-14,107929.20284167105,107310.98401476593,118014.89337214017,118012.1701844304,131788.22064583754,131777.87265312663,166034.05178996417,166787.88522943924,155757.08214685076,131146.23573521606,114813.40916779099,125590.94275811221,136922.3721058824,155757.08214685076
2026-01-15,108251.42336149407,107624.9888676287,118599.66265515606,118593.32984743353,132738.66579350218,132720.9983049902,167707.52252714985,168483.98477106777,157591.8561484695,132026.22553108764,115133.7643165734,126270.98949400117,138016.9263264881,157591.8561484695
2026-01-16,108170.93200945057,107546.27774195829,118454.60792953787,118449.76694948954,132529.45121339994,132515.02397552913,167395.8792894707,168167.1688311579,157219.93955977206,131796.42231238727,114988.99698947286,126071.31229411197,137754.96296676475,157219.93955977206
2026-01-19,107659.88364004396,107044.09577533102,117774.83870008659,117765.97902085673,131465.37070247743,131450.03879318404,165536.91622088445,166280.59941700604,155409.9650417901,130838.54451175357,114533.59909142398,125292.51223205552,136605.20681150167,155409.9650417901
2026-01-20,107488.07402275117,106872.80644656719,117628.13440122035,117608.61192615745,131229.97840701853,131209.83185422228,165062.5634569431,165798.92167507895,154728.12111525534,130416.32225529279,114266.76803113024,124925.33498329038,136124.22694200394,154728.12111525534
2026-01-21,107538.08644037732,106917.28346437558,117847.2541724574,117810.63099108142,131526.97062855735,131492.7605319425,165528.12207350179,166263.50706875132,155025.65816950603,130502.98945756043,114231.73032855033,124968.24216105507,136258.0383059452,155025.65816950603
2026-01-22,107763.3042509866,107135.97350284991,118198.47550563024,118156.45890739329,132055.49698803163,132014.21865759045,166418.98058703874,167159.85062793375,155831.4616812976,130955.7969308442,114475.39200790005,125346.65628053945,136790.46146287973,155831.4616812976
2026-01-23,107560.32250559771,106936.30803431584,117978.6879162545,117927.534657631,131652.8501495978,131609.56643208035,165614.33110198934,166338.70343685488,154814.90039152052,130499.57384860792,114346.54499250613,125007.5517063292,136208.45233454488,154814.90039152052
2026-01-26,107594.80285435752,106969.0856758678,117987.16019168038,117926.23514598365,131571.61124833304,131520.51009254187,165411.0676833859,166120.15924641085,154504.97305368324,130378.93069871358,114335.9019814273,124926.34769826589,136045.3939655994,154504.97305368324
2026-01-27,107625.33347638963,106997.65958384566,118089.38911494262,118027.2243773362,131753.86635429086,131700.81262055418,165744.84098881314,166448.53081395288,154827.30013333893,130632.93827624829,114546.50522304942,125165.34120658485,136315.18700108732,154827.30013333893
2026-01-28,107544.24648910006,106914.02959377793,118169.20047849302,118062.3418723002,131772.52185164634,131668.27228908,165594.82200006756,166254.11712437673,154542.1722791384,130414.61562423111,114370.09629099259,124961.58858517944,136081.49678878597,154542.1722791384
2026-01-29,107370.4694252457,106746.15068180647,117773.66117301644,117663.80223096073,131080.52123040345,130970.94231270284,164390.70929965863,165014.67900195153,153215.6741932923,129754.92133812598,114102.03419177362,124441.69790798784,135271.85252079772,153215.6741932923
2026-01-30,107534.57971263761,106914.68703583877,117797.83108617434,117759.67586094653,131314.22204216817,131289.2291724561,165045.7276348914,165765.31500219676,154120.66618139914,130231.10084284129,114325.44691997676,124827.77934768287,135844.58036274195,154120.66618139914
2026-02-02,107831.7626252364,107215.51130343461,117920.0247785673,117962.71426923457,131686.72887581168,131756.1567515031,166003.99515623727,166831.64273383233,155360.3755327483,130890.3618671376,114642.29981900165,125365.0276042386,136634.56421747728,155360.3755327483
2026-02-03,107610.61373028517,106986.17301865347,117925.50380635056,117881.89684380371,131544.70165517338,131514.53846797082,165590.19221457644,166307.94214739438,154467.78328645986,130321.16655595394,114267.42778608107,124864.55905364707,135992.079780208,154467.78328645986
2026-02-04,107561.35599562434,106939.3626978579,117850.08668885441,117812.83198089724,131454.31223234613,131433.6470768265,165494.99665928382,166210.30187882725,154504.97305368324,130384.4543511508,114344.47657885216,124932.98877718986,136049.70033268398,154504.97305368324
2026-02-05,107507.16302363761,106889.57114451285,117714.28953419003,117691.17410910205,131232.07908466377,131222.4835241589,164993.9864864205,165718.44346605564,154250.83982491278,130347.69781759333,114432.25563082841,124941.14792741716,135964.46390138732,154250.83982491278
2026-02-06,107798.42030124065,107173.28688640172,118158.09496557478,118119.07456530834,131841.64006421418,131815.58364591995,166004.7284934268,166725.6758479675,155273.59625648317,130912.01227940293,114725.36664208487,125408.93440295669,136632.1228526374,155273.59625648317
2026-02-09,108072.07829541921,107435.79785941393,118702.84553173851,118630.66593823365,132609.18603802333,132546.30607058638,167232.94035809115,167933.4674982532,156500.90586601396,131520.72680316307,114970.82105346242,125887.96502705081,137379.93881061662,156500.90586601396
2026-02-10,108100.29606073676,107466.90869562165,118684.36927981595,118629.08755030799,132576.9949452658,132532.71036056912,167101.2258830904,167819.82235490961,156872.8224547114,131888.5686764308,115329.871575503,126253.60589137419,137749.5202953366,156872.8224547114
2026-02-11,108150.58253781011,107514.0875822025,118796.8659395684,118719.90486709958,132697.21183245562,132622.59141148184,167359.85061394246,168041.54585919852,157021.59098183672,131915.33395307112,115286.63301897256,126255.1394089179,137803.50892865943,157021.59098183672
2026-02-12,107916.20589835293,107292.50766440162,118226.186185706,118187.92741512523,131825.32587154646,131788.22293716378,165815.9416561552,166507.867739339,155794.2719140742,131450.1768750814,115264.03424417763,125948.7096319243,137167.61156705147,155794.2719140742
2026-02-13,107955.41300777248,107329.5198720675,118321.08555470363,118258.75100991105,131874.58564457681,131808.28847726816,165820.96232963182,166475.74181621533,155645.51284518058,131445.49527251523,115341.54882398536,125973.72533373456,137130.84198214163,155645.51284518058
2026-02-16,107903.67088374952,107280.67452597876,118199.3468997683,118144.41313089732,131690.41984042534,131630.05838685896,165521.46402054667,166172.30633300604,155273.59625648317,131276.42590244272,115291.06119821753,125847.06834767651,136916.2281342898,155273.59625648317
2026-02-17,108213.58443268004,107585.71540580134,118573.39616108326,118535.42753775736,132288.2662750846,132248.1720398306,166627.28326729222,167311.18470433145,156389.33656434377,131932.70457959536,115673.93796139228,126406.26857014227,137676.28643087772,156389.33656434377
2026-02-18,108506.44832454552,107865.87917687219,119206.29531082527,119133.14240942357,133242.82521721703,133165.0236433906,168319.33256121978,168983.905806105,157790.2047264049,132600.25582536854,115911.81112531599,126920.28541366191,138508.61391008965,157790.2047264049
2026-02-19,108582.06486953446,107939.42115659868,119327.9209796623,119246.30280570153,133386.4430810085,133304.24639862374,168494.87608641828,169162.58919440786,157988.56276257196,132710.488473428,115969.87999853762,127011.95618029445,138638.7162367088,157988.56276257196
2026-02-20,108692.13637029973,108044.0177042614,119529.8114056889,119430.11222315018,133660.2754125813,133554.71364432957,168990.3974948154,169634.40413723915,158298.49010040925,132853.21570179862,116014.80505117963,127119.71184232067,138818.99186356907,158298.49010040925
2026-02-23,108626.59228308075,107976.76863651867,119479.7746436109,119340.51561444074,133416.94634799872,133262.14024211344,168388.64071168198,168963.86981634016,157443.08762134414,132532.27419073213,116004.11230077482,126910.05736166058,138378.33175053832,157443.08762134414
2026-02-24,108672.37370044638,108026.28066290542,119465.58515965701,119352.71148984165,133444.29120453788,133318.0708756028,168469.01573165794,169081.46246089335,157815.00421004163,132781.40229450836,116178.87845776018,127132.96884148393,138655.36123724002,157815.00421004163
2026-02-25,108861.51049637154,108204.9903562707,119932.47677779719,119799.8020610678,134201.54748522514,134052.94692999995,169861.66909064274,170468.96725236508,159104.2936122008,133366.75702371023,116352.74643186208,127571.14617563618,139398.7645323751,159104.2936122008
2026-02-26,108895.8599895119,108237.96177808958,119902.0624089466,119769.26741949591,134109.99583106418,133960.6945442099,169718.0103058737,170309.56910475972,158918.34477608383,133287.7508523453,116336.0793721852,127514.46265778867,139295.76987124365,158918.34477608383
2026-02-27,109038.11128852535,108372.86742005801,120176.59681959858,120021.80899455273,134451.9836123599,134273.9700778884,170219.8223876929,170774.08631450502,159240.66239750775,133613.53472214812,116658.10935420753,127839.75464152911,139621.5192570622,159240.66239750775
2026-03-02,108764.12754307795,108108.73089412073,119971.71978623797,119800.43461302372,134164.47882232623,133988.55212000746,169619.46800495975,170209.35629341795,158509.23842016302,133011.2255301234,116139.97887051999,127266.27264026206,138989.10095508632,158509.23842016302
2026-03-03,108014.21936347781,107391.2179630305,118784.35252904003,118669.79263579696,132510.18032930238,132423.95501201286,166718.51305472333,167400.76764754,155608.31361972546,131415.33399943492,115315.92911184495,125945.125525745,137099.04552603964,155608.31361972546
2026-03-04,108490.0556955949,107856.01706792865,119423.77104116694,119304.79066652514,133448.28655417278,133353.09159689787,168397.23632319705,169096.63110566762,157343.90860326064,132263.20190135023,115642.94504255807,126606.98304662123,138146.47557239278,157343.90860326064
2026-03-05,108147.3746107471,107529.38388169359,118927.6634475869,118835.4997242318,132757.79123422856,132702.79580559675,167092.8463032185,167833.66195903593,156017.41997564628,131625.60182059175,115409.17531475256,126113.65425051651,137354.05856324092,156017.41997564628
2026-03-06,107952.29865620393,107338.8095134725,118824.69239422445,118723.2784733184,132662.9427079067,132601.32855304916,166855.54137382386,167603.98345097687,156017.41997564628,131493.0868184616,115203.4667172374,125954.33166500632,137250.74680532885,156017.41997564628
2026-03-09,107240.08967728689,106639.06489441494,117693.95635111349,117603.26792644967,130952.08301313334,130896.16953139188,163981.1244548508,164661.27083038315,153290.06318597082,129991.92744777144,114427.5523149819,124711.32585201187,135473.18991624512,153290.06318597082
2026-03-10,107956.08762385328,107334.94917552372,118691.33999043045,118602.16410001545,132330.29308535793,132272.62040009783,166357.8179413826,167028.93345889225,155521.53434346025,131312.757521044,115206.1533205843,125839.67452277205,136999.75400652032,155521.53434346025
2026-03-11,107448.20581647057,106835.02129674223,118139.93551937949,118052.13128088383,131696.3168018521,131639.0347519056,165433.41567140058,166108.31929396006,154517.37279550158,130495.73470031489,114510.1547678323,125064.22662348264,136139.2177413116,154517.37279550158
2026-03-12,107174.74126265802,106565.48625237707,117762.73028730789,117674.60121130396,131181.54023702818,131126.03891201725,164647.25687685478,165312.3569314875,153476.02148031956,129767.25870595862,113972.8066756411,124402.8995352283,135339.43470330563,153476.02148031956
2026-03-13,107062.99239949159,106459.48193768346,117661.80496738137,117573.20649961488,131093.82122434484,131037.31904520837,164451.78128569026,165137.84114820286,153438.82225486438,129737.09743287828,113947.18696350066,124374.29972723869,135307.6382472036,153438.82225486438
2026-03-16,107164.77017575718,106561.4473351889,117688.34479232975,117596.00859201537,131148.57276778322,131085.1928399106,164586.90620397258,165297.2289942754,154058.676930539,130144.02485251153,114225.60464551824,124735.85780981989,135762.8926298789,154058.676930539
2026-03-17,107443.03592524263,106832.86781692012,117984.82548356897,117891.59510945008,131505.8025222852,131440.44003054517,165195.28212393064,165897.62449368974,154529.77253732,130480.01843414977,114478.69078265401,125042.7766323227,136129.72565389998,154529.77253732
2026-03-18,107108.60121499895,106510.36792724629,117420.28702519677,117322.38813474333,130722.13177680843,130653.92410674843,163851.32386812964,164576.21898117923,153525.6015311296,129941.82198908541,114215.53150161011,124602.5632088063,135486.56676869927,153525.6015311296
2026-03-19,106303.85354454812,105738.51324787457,116008.52050687172,115900.26467203748,128720.01946656463,128644.66257799273,160339.3067535425,161123.7802380064,150702.2612751922,128413.41420905781,113452.02195998104,123346.56927989784,133666.3966438254,150702.2612751922
2026-03-20,105769.99218499592,105214.74594881877,115531.70674916076,115426.26847122029,128200.54778268059,128130.86156744449,159505.0518382554,160295.3272131909,149807.14651699894,127655.1972076402,112785.16127818545,122619.35987637879,132875.9849170855,149807.14651699894
2026-03-23,105840.29838684786,105290.86526665825,115313.50732732224,115194.92356260234,127905.32178260657,127822.18304600212,159054.48062309716,159905.43718353438,150043.35999067803,127737.95374594498,112779.00294204755,122670.19793352307,132993.09436318793,150043.35999067803
2026-03-24,105978.903970849,105424.38012918326,115496.01031493513,115379.33308878816,128119.64758482263,128036.50893024154,159411.36497154325,160247.09387263726,150117.9497255404,127803.89825848794,112838.86056244573,122734.11742661658,133061.1128777337,150117.9497255404
2026-03-25,106519.12271086226,105952.65732416013,116252.49583633231,116146.18250339746,129085.1787359446,129003.58022789846,161010.31874788378,161811.35593231555,151361.1625597064,128752.06878004436,113602.2030607699,123617.99941443963,134077.1172678098,151361.1625597064
2026-03-26,105805.46228888043,105248.68234269731,115259.04016752544,115142.68492844663,127817.48417054038,127733.70038406868,159044.03959549702,159867.57158448728,149508.7780925882,127369.33020401979,112511.44659315495,122337.12634277334,132586.68768861608,149508.7780925882
2026-03-27,105533.32157495987,104969.650563765,114916.83629173617,114803.65170911461,127180.40837366234,127104.31573318131,157922.16948252794,158663.02026391277,147967.18734905033,126554.91688873747,112125.7950820344,121675.52632456971,131608.53268935005,147967.18734905033
2026-03-30,105935.9215153364,105363.22816885276,115508.87782204444,115400.00125274649,127966.33815864137,127889.14953261014,159189.6956958785,159914.43769494313,149110.95036505358,127474.0574049216,112900.752367333,122544.99225516964,132579.7631220695,149110.95036505358
2026-03-31,106186.28082987701,105606.00542690197,115912.73504211263,115809.04812664306,128541.7680200645,128465.26210065102,160206.46013675927,160922.3453362091,149782.28643369855,127813.58467770286,113045.20126229165,122814.91007077793,132993.93260322936,149782.28643369855
2026-04-01,107014.34355698925,106418.08664483094,117145.23222610458,117052.0613898531,130278.9096988804,130201.34232259865,163160.72235925545,163875.16776432667,152815.7192992899,129604.5725428697,114096.58712804317,124343.32453470454,135065.59122110764,152815.7192992899
2026-04-02,107076.45904708053,106481.98853678234,117160.72192441965,117063.84243693638,130345.24715711175,130264.60427904072,163366.0336996137,164103.84015064893,152666.53982956515,129505.81490113444,114028.30312365963,124255.31936032834,134955.38418409994,152666.53982956515
2026-04-07,106648.52713178171,106058.61955042502,116685.62802559558,116587.86559805897,129795.00537752552,129716.01253502935,162557.92029256147,163300.97888716607,152144.38323064492,128939.28141720028,113446.44133672146,123681.74133424473,134397.44871225214,152144.38323064492
2026-04-08,107832.65261668815,107225.60438781671,118161.99445757172,118073.54285459097,131812.293725013,131722.5567303441,166007.37062905356,166771.32339041727,155799.43199828046,131165.71491360222,114819.51112780813,125605.63847034966,136946.987288795,155799.43199828046
2026-04-09,107892.6478765437,107283.30290768384,118386.62325204443,118302.33846373555,132197.87882778747,132113.5924872954,166659.51565784618,167436.27024314247,156159.96485838396,131279.23632959626,114790.25724489923,125667.85528511714,137115.76019618148,156159.96485838396
2026-04-10,107970.85001766104,107361.64469899386,118513.50857978853,118430.0298358906,132418.4298771262,132332.93356512993,167019.26873313964,167816.4232177092,156619.95702161142,131537.7472020259,114929.39189026729,125883.90407484764,137419.71384037798,156619.95702161142
2026-04-13,107759.55027440732,107152.88832115845,118251.82726132515,118165.75419284984,132139.9487212541,132052.3434440733,166663.87936431507,167477.6732562088,156396.17833206305,131246.04355744622,114604.10592945258,125579.28766265663,137142.47288041376,156396.17833206305
2026-04-14,108293.07707990697,107683.8275081384,119008.00062349699,118930.9291496837,133168.7151931475,133086.79316539445,168232.84867163806,169067.4913605159,158086.94854532566,132435.29182359847,115486.60783483667,126660.82018410476,138446.07116668072,158086.94854532566
2026-04-15,108380.49265350474,107775.74131718492,119161.3151205853,119086.1785690513,133427.1384399795,133350.10692952859,168611.1080529695,169487.67874270654,158633.95574258507,132661.2208853416,115525.57202365968,126819.77080529428,138743.9962939753,158633.95574258507
2026-04-16,108549.1610934456,107943.40555771072,119531.61194138162,119463.10907820614,134050.06746241395,133979.17166320523,169682.36391350973,170589.88943885142,159765.2744894963,133209.55181491806,115731.99837342455,127245.97645478183,139423.36441362265,159765.2744894963
2026-04-17,109261.5329512007,108648.8552645165,120475.47866052874,120417.60153925403,135333.68631968493,135267.73288399272,171754.93604774668,172680.86976330407,161866.30721442436,134526.83893723664,116579.44008334982,128396.93577324331,140918.1255421402,161866.30721442436
2026-04-20,108963.292996182,108356.55437308094,120086.90198504036,120023.36326174949,134829.02902013747,134761.05615431044,170895.59063067046,171835.19610849387,161070.65175935504,134068.20520722476,116320.9503948414,128009.42625329386,140383.41946282546,161070.65175935504
2026-04-21,108731.05462146628,108132.93335948927,119833.97711693827,119767.86219154386,134554.932605465,134488.63917843258,170389.50987122298,171372.84315295666,160722.5536833823,133778.86280267022,116070.18304314242,127733.25856442397,140080.3409284493,160722.5536833823
2026-04-22,108811.62680204518,108216.63969374291,119944.11575550585,119876.84100634769,134724.90228673836,134659.16202078984,170623.36388379146,171632.2071496876,161170.11106247897,134064.10870421864,116257.90653332867,127984.01240597479,140402.36934046974,161170.11106247897
2026-04-23,108815.46803087146,108217.79468853766,120034.52796140309,119962.52092869522,134909.39698911604,134842.12396016263,170932.68202334558,171953.76809181017,161443.61940358928,134121.86021074938,116191.67643070145,127997.1042044302,140508.28761030413,161443.61940358928
2026-04-24,108793.9690607134,108201.56572692456,119946.79013068866,119876.36301354133,134763.4414449781,134695.18114990226,170634.23397267298,171666.83752976413,161194.98063074055,133949.899531717,116066.44096829146,127841.57575763651,140318.8661877387,161194.98063074055
2026-04-27,108527.37991567193,107941.60989885678,119612.50843860577,119537.39359507068,134360.7195165224,134287.94209116514,169983.81468992974,171025.9463456185,160809.58768733672,133663.47808046028,115841.46334151864,127576.60267349264,140009.76157171585,160809.58768733672
2026-04-28,108431.59666176044,107851.0545304931,119398.99764857422,119314.90051948625,134076.21163722206,133995.05161087084,169531.21915200783,170581.4566326892,160424.17577401045,133404.64934453627,115659.32985591664,127344.80817683195,139722.16465073757,160424.17577401045
2026-04-29,108337.96534845437,107761.67303220427,119314.62299057697,119226.07767745476,134022.6217389766,133937.32037013583,169402.4798943737,170481.35844609234,160635.53864935038,133391.81552849006,115518.94566557881,127285.83732247143,139759.21691370022,160635.53864935038
2026-04-30,108503.43713168443,107917.73418550933,119535.76254701361,119452.37460503238,134281.26469876003,134201.20430697466,169921.8728807406,170964.6678203651,160896.6027213687,133675.06969236254,115809.86514216798,127572.61414374391,140038.17167585515,160896.6027213687
2026-05-01,108923.49428152604,108331.84570858853,120075.99364100468,119985.91826451696,135028.91125097353,134941.86461194317,171058.39919595828,172133.45621644336,162127.39025636503,134423.60514953747,116270.38728599224,128219.03481037021,140895.76958947093,162127.39025636503
2026-05-05,108742.7451451896,108155.35173795719,119966.16331696048,119868.77323138116,135011.30778648896,134916.67965351956,170987.1682527398,172101.12647437156,162848.45597657198,134634.09282112273,116186.1802501042,128323.5641957327,141220.40861862537,162848.45597657198
2026-05-06,109472.26616348694,108859.2811915307,120985.42721708927,120890.19464819852,136433.10345367395,136336.5603927743,173508.6714747173,174611.03743545557,165297.5867774727,136086.11800175314,117044.39049858204,129564.81063272453,142897.7151604805,165297.5867774727
2026-05-07,109487.86791691314,108880.21636514906,121022.49910515526,120930.39033033236,136444.3511186142,136351.97042113956,173319.49688271858,174445.8022012005,165297.5867774727,136091.63638855406,117052.95692193879,129571.44538078201,142902.01742235332,165297.5867774727
2026-05-08,109487.77378003602,108885.53372832437,120953.3684031464,120858.17601738006,136326.66039514466,136230.62933284204,173051.5366900843,174189.70667285094,165384.6018115047,136180.53280639581,117141.3622161954,129660.40030163628,142990.6961396178,165384.6018115047
2026-05-11,109428.2747442507,108818.26079739448,121013.14361650334,120914.2452680183,136495.6853479379,136396.9196412584,173399.35176516054,174538.62482341297,165745.14415656932,136288.54071056112,117103.5440718043,129715.98627561485,143155.17269750295,165745.14415656932
2026-05-12,109189.37210035985,108579.4358261738,120742.91426152902,120637.81320792939,136201.0210027535,136099.47322625248,173049.9926459756,174192.03022135302,164862.45469754562,135602.967423832,116542.36974441828,129073.55668670626,142424.1620563958,164862.45469754562
2026-05-13,109649.89087922426,109025.07893180981,121384.23317275474,121271.58792107592,137110.50297118726,136995.90923808483,174553.14362733677,175709.4436789332,166864.02811934976,136659.32104489638,117041.43812082591,129931.28468146641,143693.3497914449,166864.02811934976
2026-05-14,110196.40003102821,109549.54960235932,122204.5676532085,122069.45506252062,138360.9273462332,138221.21918099106,176680.69272661433,177868.18893216783,168828.30667372263,137784.8478546874,117669.14234684924,130879.86224284118,145008.16321859157,168828.30667372263
2026-05-15,109782.55415000592,109141.95758736861,121712.07318680432,121559.49108533458,137847.84846800036,137693.06903802877,175943.23675044888,177159.4646106366,168331.01015810278,137137.23170663003,116947.24406941212,130203.67747296144,144392.5486737251,168331.01015810278
2026-05-18,109436.96648134482,108804.17640697876,121194.29215535677,121054.31555180652,137082.6113457823,136943.51778749272,174823.562498325,176005.26951249948,166640.2399448402,136163.32163534831,116399.02067850716,129381.04573568399,143256.83302036818,166640.2399448402
2026-05-19,109371.13310167717,108748.24868509235,120962.81473789406,120826.69485863662,136672.17451917136,136538.9297564165,174097.765613164,175272.68335476864,165757.5694557389,135770.39056810114,116292.11633482047,129090.45553435339,142753.97723961587,165757.5694557389
2026-05-20,109951.7861888157,109318.9054983782,121626.29863749462,121485.25237441265,137515.56715735796,137374.1502913475,175449.9459798806,176629.5306192255,167187.2566270608,136781.2769260169,117046.53822432538,130011.32694174876,143860.39296668596,167187.2566270608
2026-05-21,110077.17735189722,109442.00210117386,121730.43534602165,121584.94208629032,137635.06535596593,137489.04478446872,175658.28778006902,176839.63650874494,167261.84636192318,136786.487589932,117012.11614339083,130002.22622101114,143881.06196936025,167261.84636192318
2026-05-22,110410.07068659028,109758.04982866613,122234.01543382285,122067.62663390698,138414.26222051593,138242.13439528458,176978.70891454356,178174.81426727562,168815.86240463064,137618.32915807588,117417.74073094496,130682.22058805157,144875.5708042604,168815.86240463064
2026-05-26,110614.9218268962,109957.86494253346,122532.9085224965,122359.73985264805,138848.64465990203,138664.74796803444,177639.5004110558,178842.85046501653,170083.9448070582,138457.81415956785,117998.19226165672,131430.30700646027,145812.37840869,170083.9448070582
2026-05-27,110739.2518919466,110084.720436414,122591.57542144414,122406.11992677207,138918.23172819667,138716.79012267897,177741.7356857237,178948.61358839265,170121.2396744894,138543.23478581142,118109.53887705132,131525.32534845226,145887.27762720757,170121.2396744894
2026-05-28,110982.9211103577,110326.30899359334,122890.21510366278,122703.11057795546,139264.28925908104,139063.23344068418,178126.0460652633,179341.61637586707,170916.8951295587,139095.7337478018,118513.73950330532,132025.68889404362,146495.16321047765,170916.8951295587
2026-05-29,110993.6165963229,110332.7804980727,123002.53149242529,122828.62237124477,139404.35922214523,139222.0730801312,178308.41800235814,179524.5267983741,171041.2240009443,139176.20057548932,118567.79297302812,132096.82227665157,146585.57757225906,171041.2240009443
2026-06-01,110851.05511990414,110193.48213051731,122807.20607481102,122614.26490644556,139222.67544378107,139012.95422550087,178003.74507761412,179228.06804779803,171501.2066792105,139274.58383990312,118458.36022001848,132120.35184071644,146764.68992117263,171501.2066792105
2026-06-02,111064.12431411697,110402.08933488924,123085.74527477422,122894.96384806318,139591.70234253857,139380.4349971923,178597.57387465105,179825.14911919367,172359.0265699726,139850.7505240619,118863.87196292746,132636.3651717064,147404.86768929148,172359.0265699726
2026-06-03,110763.30807033037,110107.51569582208,122685.7400763476,122488.94195638715,139082.4175589371,138867.1972228384,177815.5547283927,179038.29918507987,171625.5355505961,139299.83520576364,118426.70041176528,132125.09975755075,146812.05703295537,171625.5355505961
2026-06-04,110930.35867904367,110270.71303136996,122902.87169889428,122708.71609277773,139347.1223921597,139137.6548501109,178227.99841635188,179451.64074265945,171526.07624747214,139326.01578724605,118524.02631484116,132177.06525883268,146810.32441322587,171526.07624747214
2026-06-05,110621.66153365423,109977.41485346442,122342.98492644857,122139.28238745124,138546.33728928745,138329.5504521517,176948.05833014756,178158.94061529025,169599.0925605304,138205.113946072,117896.24798209812,131228.1761551996,145514.45206376788,169599.0925605304
2026-06-08,110441.13774563782,109802.89560451423,122109.36199697175,121914.18750982825,138224.8158041758,138019.89491221646,176469.9657437417,177677.95744052733,169238.56918538816,137951.30008985364,117702.65440858484,130996.62964757865,145233.76468188345,169238.56918538816
2026-06-09,109948.45061172057,109358.0164808531,121164.90946198234,121004.09763777532,136703.71024851184,136537.09639845794,173747.63369038454,174939.15586545327,166466.1909068539,136654.2186378334,117147.8944550631,129992.57473156476,143544.36667170064,166466.1909068539
2026-06-10,109907.82174235751,109324.77824412363,120979.25103468956,120794.13682505678,136473.01400060448,136276.99979402038,173382.11818037642,174575.645378088,166242.4217022668,136593.22618820745,117165.45559395885,129963.36286586954,143439.31651889082,166242.4217022668
2026-06-11,110034.87028459567,109451.4546327655,121096.6010773956,120906.58409959344,136619.00929352606,136420.0766288834,173630.45367242082,174828.22813175703,166752.14351705625,136961.81906678894,117453.06128787932,130302.28539982213,143843.14186377966,166752.14351705625
2026-06-12,110726.97513184846,110102.59717439326,122218.5511253657,122014.68944473426,138258.49632399413,138045.15750274155,176426.80694779925,177642.82203260402,169623.962128792,138535.68805113697,118356.19025116958,131615.45235850505,145758.10144268788,169623.962128792
2026-06-15,111162.64757106367,110503.90067856164,123039.12991751396,122820.86756689713,139515.97919188353,139278.88975937653,178509.08206833652,179735.86495707263,172060.64866060074,139663.154543328,118825.86254342241,132483.03703026276,147233.942433341,172060.64866060074
2026-06-16,111193.34335385016,110535.90037501196,123035.26485813477,122816.19914940381,139486.69508393895,139254.24622106948,178495.0311743511,179722.56558988488,171762.28972115126,139601.8639123963,118877.85393732079,132467.84708994633,147108.22738306862,171762.28972115126
2026-06-17,111309.09933983929,110652.29948615836,123148.46797265812,122940.97413467728,139595.13424815578,139374.3611114883,178685.27973333173,179914.59389415354,172359.02656997263,139916.72416857496,119048.1481539146,132726.27108303457,147497.41558209807,172359.02656997263
2026-06-18,111511.675838394,110848.86116899415,123399.15086474943,123159.30015749364,139996.19805820892,139731.57209393723,179202.34418098096,180437.025754743,173693.36365966042,140621.1073430799,119429.41769239915,133304.52247606777,148367.9043686245,173693.36365966042
2026-06-19,111325.06395335625,110657.1329598507,123243.32413278286,122977.85652824621,139924.27542850212,139629.11447656716,179159.64473684065,180394.321362002,173593.41553870216,140410.16971534796,119167.707895979,133073.60795716103,148189.37989171635,173593.41553870216
2026-06-22,111316.48210082795,110655.19519692298,123178.51358906564,122933.1903708388,139769.54726699437,139499.67772881428,178945.73414136606,180184.75032126516,173530.9455802089,140415.77254479655,119208.66772602701,133092.2928034367,148176.26565062755,173530.9455802089
2026-06-23,111065.23485076036,110426.16242666739,122667.2575476928,122442.23185240249,138930.8347521931,138685.4272927003,177507.5522126531,178735.41957622342,171107.2751338017,139258.60119300318,118744.6277685017,132186.96884203836,146682.71224145268,171107.2751338017
2026-06-24,111362.5114072771,110716.6038599245,122945.64895442194,122672.46863151128,139350.28990572522,139047.35948976714,178167.73088099778,179384.28191549942,171956.8055672147,139804.81492225092,119117.30930174288,132671.06337101784,147306.95898031723,171956.8055672147
2026-06-25,111230.42396694685,110596.64436490182,122705.78130162277,122457.37730975934,138938.26759286903,138665.64082423257,177539.20895335067,178749.0601461091,171269.67415009838,139536.02928903146,119074.30069807902,132484.70666998936,146925.99495554698,171269.67415009838
2026-06-26,111197.87948494009,110565.88254006385,122715.7602106331,122487.29713082298,138904.83494075752,138656.7751039548,177362.34887892252,178580.34951778463,170907.37889188516,139449.58361386094,119134.18680608441,132452.00456650578,146764.72799573347,170907.37889188516
2026-06-29,111213.38053414204,110584.33492829667,122640.1124372547,122389.25889159282,138816.53908380462,138540.75063555338,177241.66119974633,178449.73849025677,170520.0918376437,139194.74225091303,118955.57689634585,132224.39753651072,146475.96632650605,170520.0918376437
2026-06-30,111435.52671076953,110782.35701319748,123116.54522128997,122835.85348931767,139633.31182115618,139321.9059983614,178662.9947858413,179876.79716142206,172206.6663380329,140004.70155536145,119285.52861877662,132859.9786730171,147518.66985534303,172206.6663380329
2026-07-01,111441.06745709924,110780.75924565311,123169.07542177197,122891.17115539953,139736.24488159813,139428.1045757741,178885.76384207484,180110.467943388,172256.64993008948,139866.82949486707,119053.5110912337,132686.82564095705,147433.59995690128,172256.64993008948
2026-07-02,111331.30082968852,110679.17639235166,122973.99628435167,122729.29697473648,139385.12050351253,139118.8222200658,178465.78620103802,179686.42251629898,170819.91713736366,139196.66108744554,118802.02302390164,132168.88841186414,146559.5481702328,170819.91713736366
2026-07-03,111458.89403191749,110794.6445198789,123226.88952100876,122980.13474765136,139789.3377391293,139519.45417285903,179219.6175953231,180445.2712303996,171969.2919336514,139666.69514903706,118904.48421577731,132504.8433335851,147211.43049485385,171969.2919336514
2026-07-06,111492.6131006821,110824.64677536498,123302.73800555948,123042.23121816257,139932.28299566984,139646.9922863924,179404.03429807452,180637.00448401502,172431.5543759777,139922.02837689008,119044.71386927996,132718.58382545738,147521.10156047746,172431.5543759777
2026-07-07,111158.93340211238,110506.93120021932,122803.09729157118,122564.66179572625,139181.07059985094,138923.9233236226,178185.20789594206,179404.84012436544,170382.66555422044,138821.3339446302,118469.5089838111,131808.01178250572,146170.76839148096,170382.66555422044
2026-07-08,110609.62154408883,109980.87783210773,122015.66492726997,121763.30793389058,138131.48154638222,137858.17465962045,176388.43731770947,177598.33565724103,169045.88088245288,137923.48242787184,117825.78502468154,131000.77374321659,145161.00354611155,169045.88088245288
2026-07-09,111128.76123855973,110480.18988445513,122760.19530086438,122505.32611446652,139140.81930953058,138861.72798497547,177951.65584215245,179184.8014091705,170982.33521681518,139047.4938801441,118494.47629989876,131960.66970639207,146497.21386053407,170982.33521681518
2026-07-10,111207.05725837508,110555.01920486464,122842.12615779671,122573.2788518025,139276.2917814196,138981.2831475487,178196.2617359816,179428.60060265125,171357.13590461994,139236.16912419864,118580.76739764048,132112.2085197263,146735.1491125258,171357.13590461994
2026-07-13,111024.79664696936,110366.29477099805,122693.66477542836,122396.30124193906,139217.92555922281,138890.01489481068,178221.84648839035,179446.86938731262,171007.32701284345,138903.45265823748,118266.28215365292,131785.01652641417,146400.87190142073,171007.32701284345
2026-07-14,111085.36787224875,110427.45203255017,122801.6439999655,122527.40439646806,139303.47161304878,139003.46756356602,178300.44333839958,179528.4014115431,171282.17957968995,139193.62718424413,118556.3270872322,132076.19892733108,146684.11934503156,171282.17957968995
2026-07-15,110960.24856398924,110318.29774010894,122491.58396186124,122216.22671804792,138808.05627451002,138507.71036022712,177430.65517614753,178645.7568213108,170107.81298737397,138651.3265792468,118358.95895035155,131659.3506846826,145973.61134265573,170107.81298737397
2026-07-16,110981.4293628485,110334.74953759577,122508.53860325202,122221.9698440398,138869.0704031151,138555.78453138776,177637.63223308462,178846.0493954278,169970.38670395067,138505.04034239598,118212.14556423022,131512.33747080358,145831.1286496361,169970.38670395067
2026-07-17,110698.99582738451,110069.56500489578,122072.77475024803,121816.0409337145,138169.8587797797,137899.9240959834,176488.75742965267,177680.3686536942,168383.7412613649,137774.52198443224,117948.72219590306,130951.71612505129,144872.73725855537,168383.7412613649
2026-07-20,110643.35902217467,110008.22596416863,122105.74118924861,121839.9378094592,138287.49052962338,138012.35644186227,176672.2307711987,177875.60952676556,168983.4109239596,137944.618033794,117889.94631964926,131037.88085670893,145159.0173274524,168983.4109239596
2026-07-21,110882.04211437902,110226.28278830503,122569.71297483564,122304.27304844174,139014.7558916096,138729.25569737775,177969.37132785434,179192.79480020623,170482.61367517876,138632.51998474478,118135.33233267741,131564.8107703011,146062.90204567477,170482.61367517876
2026-07-22,110992.01411246305,110322.1515344543,122824.34919980502,122574.30016106709,139423.2595572404,139131.48568834245,178748.09125901875,179987.9962186882,170732.47444599695,138699.32285213753,118104.7630862536,131595.88534766017,146179.2687861569,170732.47444599695
2026-07-23,110487.63956087583,109845.04299602189,122022.51576913691,121778.15422577239,138269.55622854191,137989.19917584068,176853.89025515234,178067.53163519152,168945.93276149465,137627.0655801187,117435.16752323337,130668.47869936709,144921.23987740237,168945.93276149465
2026-07-24,110799.76898652353,110146.22360482362,122417.92124198048,122168.8136802579,138794.15875922868,138513.760634446,177758.20757771947,178972.40359616466,169583.09964970924,138096.4038436024,117803.81030852912,131102.32550541247,145432.18476513142,169583.09964970924
2026-07-27,110811.36141004348,110162.98699820142,122376.0528004128,122139.71429650697,138691.52607075596,138411.53393768374,177569.78665795247,178782.1768018656,169145.8290034112,137938.26417713735,117795.72133826555,130999.04241059825,145198.99764076632,169145.8290034112
2026-07-28,111081.0952361732,110422.33440288746,122717.22113090512,122458.23524300585,139155.1993487302,138881.57205531115,178395.00590587116,179593.73522013883,169782.97682847088,138444.24386036012,118219.10572720371,131476.35054465808,145736.18802006298,169782.97682847088
2026-07-29,110708.3360647893,110059.95639693673,122221.25044552778,121977.64622691314,138495.13598457165,138227.07810034463,177428.7892504753,178616.1035221407,168296.29856999824,137493.6934345229,117574.86495957561,130635.49904410099,144647.57017133496,168296.29856999824
2026-07-30,110657.09559063798,110025.09814865857,122046.41823271329,121834.88115798072,138158.6490772909,137885.04536387385,176746.56069265175,177935.4889880269,168021.4460031517,137402.49550729472,117582.03337895122,130580.30794060674,144506.87393600005,168021.4460031517
2026-07-31,110681.32555929189,110041.1138385051,122106.90171645315,121860.70593847448,138302.8764521729,138032.55895671042,177099.48702677654,178276.44970747878,168446.2112198582,137481.24488351255,117478.06040437982,130591.84228983747,144679.75532934145,168446.2112198582
2026-08-03,111414.39744456405,110745.5285913514,123189.08362095313,122899.41043858376,139862.21902831332,139602.28014922026,179697.75333418342,180919.0422483625,171132.24786667517,138985.77891802104,118324.08200940368,131858.5817378591,146494.103478891,171132.24786667517
2026-08-04,112013.98364058518,111321.62433220976,124055.34564450046,123741.19214304212,141099.1728792521,140839.63684950303,181789.62938053254,183044.8686015584,173655.88549719547,140295.10884244426,118963.24948216334,132925.1030926174,148124.07598491322,173655.88549719547
2026-08-05,112219.25879457826,111513.54375774706,124488.36415886566,124210.47450274575,141731.38678311597,141455.84109056863,182700.57972177144,184010.76319078577,174405.48687280502,140690.9777743846,119163.49286401927,133250.14406378363,148613.21350903742,174405.48687280502
2026-08-06,112106.13467633932,111403.85087767061,124342.52745024484,124069.00585389505,141527.05024814606,141249.68155250832,182350.57405479383,183651.9513613302,173943.2244304787,140441.25784558587,119031.64785194336,133043.06108709038,148307.56393421983,173943.2244304787
2026-08-07,112210.26285504166,111496.81528330376,124612.34229490523,124352.12670611643,141957.5579963074,141670.07707957676,183062.4776906931,184388.8738687796,174580.39131869323,140739.57499364135,119144.8346717912,133274.07250865165,148695.98553632305,174580.39131869323
2026-08-10,112042.05587591244,111333.00885505442,124398.63009999246,124141.52682365653,141673.7440888265,141388.82217706097,182582.42137161398,183908.80323674093,174018.18075540866,140380.05750443315,118901.12727046611,132956.02970046405,148284.27045158355,174018.18075540866
2026-08-11,112086.04941138369,111378.74815589962,124425.79208297771,124180.01976916449,141672.8906221562,141384.679561875,182507.5777275951,183842.43369601315,174205.59063088847,140459.17934168482,118921.53987545235,133013.75096310774,148392.33976836986,174205.59063088847
2026-08-12,112099.44504848789,111392.19132912574,124479.7434698281,124247.39294565895,141741.8312942936,141449.69540031368,182531.85739816187,183879.16140215093,174505.41593060843,140696.92430620163,119120.2418694913,133237.93761299367,148644.87263293812,174505.41593060843
2026-08-13,112281.8759113812,111569.58739927471,124721.10199983648,124462.3473519276,142082.71593982194,141800.9876567732,183090.29416622323,184439.89959391791,175317.4872647112,141153.7791548692,119378.98970323722,133623.2696812878,149194.83003933312,175317.4872647112
2026-08-14,112040.47954912182,111331.852761041,124419.7906953133,124179.3738221284,141694.5168647522,141409.44140031637,182455.87940003336,183800.489587593,174730.3039685532,140757.66093469755,119093.63979543999,133266.63043713558,148740.39094178696,174730.3039685532
2026-08-17,111940.42731449248,111234.04941880942,124340.1222391841,124100.5870041697,141592.90358734722,141303.38488394165,182273.10871667476,183623.02626171656,174842.73845594816,140708.6273517653,118961.74031621862,133186.80602044138,148723.98002612818,174842.73845594816
2026-08-18,111612.6829783871,110927.76126939541,123808.20622131744,123572.58408688336,140786.38365564318,140509.75076930173,180954.59817851643,182287.23143498576,172818.84143021915,139655.06207102624,118443.89439989955,132327.3137134973,147464.3849761419,172818.84143021915
2026-08-19,111759.51092512804,111075.86119286653,124049.10175733497,123810.24701998533,141010.35696571245,140724.5426038838,181128.89138145617,182475.87421214004,172706.40694282422,139789.6120366425,118703.53056266117,132508.56273099576,147549.47577752196,172706.40694282422
2026-08-20,111498.75644673515,110831.18092711862,123693.04998346571,123456.0580234508,140447.50662444235,140162.1700146403,180187.46674866276,181531.37419353885,171731.9365924247,139192.53496850707,118320.0556013466,131988.22248749505,146870.879723421,171731.9365924247
2026-08-21,111647.5755024502,110970.90618130655,123982.47778733262,123741.10312920394,140841.97038693156,140546.03099911916,180845.032056164,182199.73646287102,172356.5980510477,139527.506876096,118494.51813792807,132265.11753846233,147267.51252733945,172356.5980510477
2026-08-24,111560.2845911299,110888.0856998658,123922.91963472856,123681.54739935705,140703.0971040874,140404.1928593919,180550.82330797616,181910.97625627735,171469.57039201487,139168.497254043,118421.02772076268,132010.27862122876,146797.97652813268,171469.57039201487
2026-08-25,111820.59213035145,111146.68746130068,124185.80072444933,123940.14016705462,141015.5309335214,140717.72164991032,180998.18224792814,182356.4064068686,172306.61445899113,139741.35882296273,118840.02758826228,132528.384644605,147429.05022007172,172306.61445899113
2026-08-26,111805.3675203159,111122.21899101074,124189.28784994593,123943.80276788968,141130.55940003047,140833.10591036332,181355.43602568324,182711.30927682243,172768.85783816257,139838.3737008565,118743.78547057291,132554.35922833037,147601.39514071966,172768.85783816257
2026-08-27,111948.10885314358,111256.65296239172,124388.11917392592,124143.88535940026,141430.67455883205,141130.50417234516,181756.3199475406,183123.15710234747,173443.50288884217,140194.65352026242,118923.9992101273,132846.89273538283,148025.35175088083,173443.50288884217
2026-08-28,112139.25479912748,111429.49327856091,124676.12255956653,124430.05810614333,141940.64308339384,141638.61226047802,182720.9896697159,184088.19565933276,174555.39952266493,140690.74418519484,119084.93392052456,133220.97456433153,148650.91806144972,174555.39952266493
2026-09-01,111571.64727215673,110896.86143219254,123724.18611682298,123477.52321783721,140603.64844533324,140323.2880320417,180630.53746397662,181973.7967851945,172756.3714717259,139649.05221994658,118467.50825188891,132332.22562586394,147446.79653898405,172756.3714717259
2026-09-02,111673.13987878444,110986.69356445421,123899.6787387099,123656.73143047531,140903.90586140493,140619.51017493178,181163.0069849692,182516.15458033173,173368.5465639122,139813.02800184148,118393.06633774616,132408.72141086304,147703.54819368914,173368.5465639122
2026-09-03,112083.88244066975,111378.35152669533,124522.7463761974,124277.19037302246,141723.7511746682,141426.5999864107,182431.04939515764,183797.87082483034,174680.3394396515,140623.3695480052,118919.11409089684,133116.98703760517,148622.33178322954,174680.3394396515
2026-09-04,111967.69257348096,111270.82008143407,124307.58494514614,124060.05987854251,141438.67960794817,141146.45731688387,182026.89907083695,183385.1361137507,174617.8694811582,140550.1686694574,118842.36402730575,133042.20868566577,148550.78091287267,174617.8694811582
2026-09-07,111795.54394730223,111103.80994546715,124068.81233768526,123822.26896082501,141135.88252334952,140847.10427181027,181604.40939016145,182956.86486280322,174368.00871034001,140324.559648457,118635.7229199827,132822.78597863397,148318.54654239112,174368.00871034001
2026-09-08,111840.13014670786,111153.60591777232,124079.97485893492,123832.47171445482,141097.7093660275,140811.06786032903,181454.32751629542,182805.1990595586,174180.5988348602,140318.73340709883,118724.79268601933,132851.9951534209,148275.5819502545,174180.5988348602
2026-09-09,111373.50251095934,110712.56414759139,123452.42003212518,123209.74986932073,140160.21236311638,139876.9975881113,179736.7993430043,181081.10560422746,172718.89330926092,139471.98056466307,118222.56704126006,132129.4372616966,147296.93051070606,172718.89330926092
2026-09-10,111025.26587387978,110368.20515621832,123077.24428240642,122840.21679548381,139729.31548904945,139449.2309824679,179094.93783931885,180435.51418102533,171894.3356087214,138856.33872715215,117733.15166767474,131558.18627368347,146634.04994904646,171894.3356087214
2026-09-11,111360.07561749779,110681.5914434792,123527.96085268473,123291.33936948751,140422.0347202634,140138.5327663921,180342.5078620055,181697.63579488738,173356.04113432067,139556.50620277083,118016.42127120457,132106.89019910866,147494.97580285996,173356.04113432067
2026-09-14,111096.09466331858,110425.91973678807,123150.70773814424,122913.9499244969,139914.321212368,139641.14154180393,179591.8136425777,180936.5849626939,172331.60625501946,139026.6933554378,117759.48624963942,131675.95662330912,146860.19385535564,172331.60625501946
2026-09-15,110905.63336225844,110246.93470729674,122830.57074666317,122593.99178916539,139428.94591604077,139157.61390281815,178804.30755625677,180142.99405474303,171344.6304750284,138374.6559206964,117300.4405668921,131092.84214384778,146134.9033537272,171344.6304750284
2026-09-16,111312.1120707486,110641.30987281025,123405.22091651469,123167.70174542934,140183.77903004477,139903.4406673687,179911.98249319106,181262.68834675974,172681.41514679595,139239.932843732,117895.50752675187,131861.4458880347,147102.91212486132,172681.41514679595
2026-09-17,111885.30590695418,111187.5616669792,124165.9096283867,123923.86851911373,141278.4319043603,140989.3213669591,181852.1995807427,183216.98701948486,174551.57326870394,140206.3563780723,118363.39513831155,132647.21575690038,148261.11505005008,174551.57326870394
2026-09-18,111512.36482672225,110826.40911008159,123697.07476481561,123460.5423495945,140635.21396494936,140348.02138075564,180687.88055707928,182048.56382128136,173499.08109378238,139510.16783384857,117872.5806631652,132024.3638245386,147486.98177016305,173499.08109378238
2026-09-21,112161.61901191321,111446.64380390439,124565.37045711873,124326.89307303543,141922.05498316462,141630.57896505855,182883.76634555313,184262.2353969736,175979.96096862335,140975.79068252616,118767.5113457678,133284.4931980066,149170.8640513084,175979.96096862335
2026-09-22,112268.72691892396,111537.45063283031,124785.95326569288,124551.18294502166,142336.15913994453,142043.75879802238,183606.63539161402,184993.10534802743,176944.75502172174,141433.7814681261,118948.27988669788,133641.738478876,149735.78043858934,176944.75502172174
2026-09-23,112004.67400362018,111261.30011853145,124526.09500393327,124293.96653177442,142138.25468543926,141845.39073561647,183560.37423110125,184945.67122762493,176781.86249982653,140951.27067604178,118312.53032890565,133100.86247976858,149314.98970538512,176781.86249982653
2026-09-25,111973.54596993605,111223.0898983932,124517.78851987253,124286.53391158761,142181.6803972102,141886.43452480424,183723.52290453308,185110.76392878254,176869.5797404903,140822.9997730299,118075.16835177137,132931.82431054523,149229.8923273512,176869.5797404903
