executed,decided,ticker,action,units,price,value_gbp,cost_gbp,realised_gain_gbp,run,risk,mode
2021-09-28,2021-09-27,AGBP.L,buy,5509.59079636918,5.439661038254378,29970.30639173434,30.00030669843277,0.0,Risk 3 (bands),3,bands
2021-09-28,2021-09-27,VUSA.L,buy,297.9551363413364,69.30389423006338,20649.45125430409,20.67012137567977,0.0,Risk 3 (bands),3,bands
2021-09-28,2021-09-27,INXG.L,buy,851.4965327237288,23.46451697403835,19979.954845430737,19.99995480023097,0.0,Risk 3 (bands),3,bands
2021-09-28,2021-09-27,SLXX.L,buy,102.46355680766344,194.99493818415635,19979.874925839125,19.999874800639766,0.0,Risk 3 (bands),3,bands
2021-09-28,2021-09-27,VERX.L,buy,120.45944531157328,37.320808249047694,4495.643860259874,4.500144004264138,0.0,Risk 3 (bands),3,bands
2021-09-28,2021-09-27,ISF.L,buy,310.1183958431246,9.664562150115543,2997.158510520011,3.0001586691892004,0.0,Risk 3 (bands),3,bands
2021-09-28,2021-09-27,VFEM.L,buy,19.99498069332317,59.959986309345865,1198.8987686272922,1.2000988674947868,0.0,Risk 3 (bands),3,bands
2021-09-28,2021-09-27,VAPX.L,buy,22.942253602523454,27.404083930768326,628.7114432845248,0.6293407840685934,0.0,Risk 3 (bands),3,bands
2022-07-15,2022-07-14,VUSA.L,sell,29.184876846245707,70.54605122865856,2058.8778170973405,2.0588778170973403,32.168670942267454,Risk 3 (bands),3,bands
2022-07-15,2022-07-14,ISF.L,sell,39.6820168230334,10.123281179499527,401.7122140691976,0.4017122140691976,17.417290815952413,Risk 3 (bands),3,bands
2022-07-15,2022-07-14,AGBP.L,sell,69.4818266881436,4.978146323092169,345.8907000493094,0.3458907000493094,-32.79111207440155,Risk 3 (bands),3,bands
2022-07-15,2022-07-14,INXG.L,buy,116.90326654114429,18.425675564146594,2154.0216616760786,2.1561778395155944,0.0,Risk 3 (bands),3,bands
2022-07-15,2022-07-14,SLXX.L,buy,3.4393637211275294,169.5829218858631,583.2573492570413,0.5838411904474887,0.0,Risk 3 (bands),3,bands
2022-09-27,2022-09-26,VUSA.L,sell,35.143503206629916,74.23952739262555,2609.0370689814254,2.6090370689814257,168.4083831575167,Risk 3 (bands),3,bands
2022-09-27,2022-09-26,AGBP.L,sell,158.62429776578946,4.694438604637671,744.6520270652632,0.7446520270652631,-119.8187633772435,Risk 3 (bands),3,bands
2022-09-27,2022-09-26,VERX.L,sell,7.991524767147822,33.04031615755456,264.0425048874916,0.2640425048874916,-34.77024978179969,Risk 3 (bands),3,bands
2022-09-27,2022-09-26,INXG.L,buy,211.35478536937453,12.650582726072267,2673.761196866521,2.676437634501022,0.0,Risk 3 (bands),3,bands
2022-09-27,2022-09-26,SLXX.L,buy,7.00813065082354,142.73850955973205,1000.3301238984271,1.0013314553537809,0.0,Risk 3 (bands),3,bands
2022-10-11,2022-10-10,VUSA.L,sell,233.62675628846077,70.62748669981646,16500.470622484525,16.500470622484524,276.5186932751749,Risk 3 (bands),3,bands
2022-10-11,2022-10-10,AGBP.L,sell,2534.5948576905553,4.7011360405519875,11915.475233686806,11.915475233686806,-1897.5782747192661,Risk 3 (bands),3,bands
2022-10-11,2022-10-10,INXG.L,sell,849.4842788197119,13.019278730151276,11059.672602835371,11.059672602835372,-6832.121186345572,Risk 3 (bands),3,bands
2022-10-11,2022-10-10,SLXX.L,sell,34.89586348517689,142.91637557749354,4987.190331948483,4.987190331948483,-1688.790185811311,Risk 3 (bands),3,bands
2022-10-11,2022-10-10,ISF.L,sell,26.651020948284366,9.85390840525976,262.6167193310533,0.26261671933105324,4.525826016401368,Risk 3 (bands),3,bands
2022-10-11,2022-10-10,ERNS.L,buy,263.99559611378135,106.2988787873088,28062.435871682173,28.09052639808025,0.0,Risk 3 (bands),3,bands
2022-10-11,2022-10-10,VUAG.L,buy,276.20337001903107,60.005001068115284,16573.583513009,16.590173686695696,0.0,Risk 3 (bands),3,bands
2022-11-22,2022-11-21,INXG.L,sell,68.5998628715983,16.903100053101866,1159.550345747694,1.1595503457476941,-285.56283508200886,Risk 3 (bands),3,bands
2022-11-22,2022-11-21,SLXX.L,sell,5.349689079038865,162.5801448482451,869.7532253632137,0.8697532253632136,-153.80909327871734,Risk 3 (bands),3,bands
2022-11-22,2022-11-21,VERX.L,sell,6.596118498000468,36.20136926364048,238.78852145284455,0.23878852145284454,-7.869159613024692,Risk 3 (bands),3,bands
2022-11-22,2022-11-21,ERNS.L,buy,13.662101349703867,106.9237263263164,1460.8027857581342,1.4622650508089432,0.0,Risk 3 (bands),3,bands
2022-11-22,2022-11-21,VUAG.L,buy,7.263182988771936,62.0950012207032,451.0073565539841,0.4514588153693534,0.0,Risk 3 (bands),3,bands
2022-11-22,2022-11-21,AGBP.L,buy,73.3464711871739,4.795704939382409,351.7480341585994,0.3521001342928923,0.0,Risk 3 (bands),3,bands
2023-10-09,2023-10-06,INXG.L,sell,261.6704429429373,14.233471151214864,3724.4787007539135,3.724478700753913,-1787.1283051323608,Risk 3 (bands),3,bands
2023-10-09,2023-10-06,VUAG.L,sell,10.77839327715739,66.06999969482442,712.1284405324863,0.7121284405324863,63.433630385627,Risk 3 (bands),3,bands
2023-10-09,2023-10-06,ERNS.L,sell,5.507697635789449,111.00968499571977,611.4077796006572,0.6114077796006573,24.57873376896805,Risk 3 (bands),3,bands
2023-10-09,2023-10-06,VAPX.L,sell,22.942253602523454,26.123437187701725,599.3305209298451,0.5993305209298451,-30.609593659678126,Risk 3 (bands),3,bands
2023-10-09,2023-10-06,AGBP.L,sell,80.82315090454354,4.744699481262776,383.4815621708108,0.38348156217081075,-55.63761432341556,Risk 3 (bands),3,bands
2023-10-09,2023-10-06,SLXX.L,buy,34.98422763458191,158.8641417296061,5557.739297241023,5.563302599840863,0.0,Risk 3 (bands),3,bands
2023-10-09,2023-10-06,ISF.L,buy,36.93230919895764,11.10005357508053,409.9506107598693,0.41036097173160085,0.0,Risk 3 (bands),3,bands
2024-06-26,2024-06-25,VUAG.L,sell,30.04412192371004,81.83499908447297,2458.6606901206055,2.4586606901206056,649.9893414136086,Risk 3 (bands),3,bands
2024-06-26,2024-06-25,VERX.L,sell,9.743352747777006,44.662496439427784,435.16245740567945,0.4351624574056795,70.73350155226012,Risk 3 (bands),3,bands
2024-06-26,2024-06-25,ERNS.L,buy,16.843909021970468,115.63409332041964,1947.7301477271915,1.9496798275547462,0.0,Risk 3 (bands),3,bands
2024-06-26,2024-06-25,AGBP.L,buy,97.57425992586336,5.043703614514529,492.1356474716572,0.4926282757474046,0.0,Risk 3 (bands),3,bands
2024-06-26,2024-06-25,SLXX.L,buy,2.8436002538887015,172.7735457942055,491.29889868565397,0.49179068937502896,0.0,Risk 3 (bands),3,bands
2024-10-03,2024-10-02,SLXX.L,sell,4.632864968304188,176.5366234926206,817.8703386016681,0.8178703386016681,-19.280682408177313,Risk 3 (bands),3,bands
2024-10-03,2024-10-02,AGBP.L,buy,94.34711211823517,5.238111999510243,494.200740105666,0.4946954355412072,0.0,Risk 3 (bands),3,bands
2024-10-03,2024-10-02,VUAG.L,buy,3.1019541179292904,82.48000335693388,255.84918605986275,0.25610529135121396,0.0,Risk 3 (bands),3,bands
2025-09-30,2025-09-29,VUAG.L,sell,25.223179717618983,94.80000305175818,2391.157514205325,2.3911575142053247,865.2365718660537,Risk 3 (bands),3,bands
2025-09-30,2025-09-29,ISF.L,sell,31.405799255524265,14.825129653574754,465.5950458372887,0.46559504583728867,155.36512485288193,Risk 3 (bands),3,bands
2025-09-30,2025-09-29,VERX.L,sell,6.7086760890708765,51.175244894039,343.3181417729859,0.34331814177298586,92.3509858682645,Risk 3 (bands),3,bands
2025-09-30,2025-09-29,VFEM.L,sell,3.5954723042885504,74.31065627387942,267.18190654623965,0.26718190654623963,51.11445422850855,Risk 3 (bands),3,bands
2025-09-30,2025-09-29,SLXX.L,buy,5.970937953952843,182.7525240872005,1091.2039822529466,1.092296278531478,0.0,Risk 3 (bands),3,bands
2025-09-30,2025-09-29,ERNS.L,buy,8.67712908066512,123.0543990744053,1067.758904712293,1.068827732444738,0.0,Risk 3 (bands),3,bands
2025-09-30,2025-09-29,SGLN.L,buy,17.458320658137715,55.45,968.0638804937364,0.9690329134071435,0.0,Risk 3 (bands),3,bands
2025-09-30,2025-09-29,AGBP.L,buy,75.61637146147868,5.3881911902015736,407.4354665437491,0.40784330985360273,0.0,Risk 3 (bands),3,bands
2021-09-28,2021-09-27,AGBP.L,buy,5509.59079636918,5.439661038254378,29970.30639173434,30.00030669843277,0.0,Risk 3 (calendar),3,calendar
2021-09-28,2021-09-27,VUSA.L,buy,297.9551363413364,69.30389423006338,20649.45125430409,20.67012137567977,0.0,Risk 3 (calendar),3,calendar
2021-09-28,2021-09-27,INXG.L,buy,851.4965327237288,23.46451697403835,19979.954845430737,19.99995480023097,0.0,Risk 3 (calendar),3,calendar
2021-09-28,2021-09-27,SLXX.L,buy,102.46355680766344,194.99493818415635,19979.874925839125,19.999874800639766,0.0,Risk 3 (calendar),3,calendar
2021-09-28,2021-09-27,VERX.L,buy,120.45944531157328,37.320808249047694,4495.643860259874,4.500144004264138,0.0,Risk 3 (calendar),3,calendar
2021-09-28,2021-09-27,ISF.L,buy,310.1183958431246,9.664562150115543,2997.158510520011,3.0001586691892004,0.0,Risk 3 (calendar),3,calendar
2021-09-28,2021-09-27,VFEM.L,buy,19.99498069332317,59.959986309345865,1198.8987686272922,1.2000988674947868,0.0,Risk 3 (calendar),3,calendar
2021-09-28,2021-09-27,VAPX.L,buy,22.942253602523454,27.404083930768326,628.7114432845248,0.6293407840685934,0.0,Risk 3 (calendar),3,calendar
2021-10-12,2021-10-11,VUSA.L,sell,3.921108135059375,69.00299327623128,270.56819827887784,0.27056819827887785,-1.7224534597373236,Risk 3 (calendar),3,calendar
2021-10-26,2021-10-25,INXG.L,sell,17.19560778360131,24.181424122427572,415.81428485818003,0.41581428485818006,11.507949334864463,Risk 3 (calendar),3,calendar
2021-10-26,2021-10-25,AGBP.L,buy,69.01878921036015,5.416949451397893,373.87129234920724,0.3742455378870943,0.0,Risk 3 (calendar),3,calendar
2021-10-26,2021-10-25,SLXX.L,buy,1.6028227817825946,194.11947205918275,311.13911220406794,0.31145056276683475,0.0,Risk 3 (calendar),3,calendar
2021-11-09,2021-11-08,VUSA.L,sell,6.944646761647013,74.4845165383871,517.2686565711533,0.5172686565711533,34.978550442773724,Risk 3 (calendar),3,calendar
2021-11-09,2021-11-08,AGBP.L,buy,94.33409220669512,5.472407954014627,516.2346365266676,0.5167513879145822,0.0,Risk 3 (calendar),3,calendar
2021-11-23,2021-11-22,VUSA.L,sell,5.81860224395032,75.24811746472808,437.83886513330407,0.43783886513330406,33.745576336696956,Risk 3 (calendar),3,calendar
2021-12-07,2021-12-06,INXG.L,sell,23.3176510284563,25.706276452490883,599.409983560206,0.599409983560206,51.1254701212747,Risk 3 (calendar),3,calendar
2021-12-07,2021-12-06,VUSA.L,buy,7.324846967345702,76.44321420524022,559.9348457454117,0.5604953410864982,0.0,Risk 3 (calendar),3,calendar
2021-12-21,2021-12-20,INXG.L,buy,19.469878040293267,24.409014864707476,475.24054249956004,0.4757162587583183,0.0,Risk 3 (calendar),3,calendar
2022-01-07,2022-01-06,VUSA.L,sell,8.412077553591887,74.41002031477605,625.9428616522439,0.6259428616522439,40.21779198312447,Risk 3 (calendar),3,calendar
2022-01-07,2022-01-06,INXG.L,buy,26.67456579518247,23.41899795739591,624.691601871801,0.6253169187905916,0.0,Risk 3 (calendar),3,calendar
2022-01-21,2022-01-20,AGBP.L,sell,54.05593355427754,5.374473480350751,290.52218134306696,0.29052218134306695,-4.12315043304767,Risk 3 (calendar),3,calendar
2022-01-21,2022-01-20,VUSA.L,buy,4.0549381833608376,71.39013259084399,289.48257455780623,0.28977234690471093,0.0,Risk 3 (calendar),3,calendar
2022-02-04,2022-02-03,ISF.L,sell,24.97157813334729,10.415840571599004,260.0999766581732,0.2600999766581732,18.258926875507854,Risk 3 (calendar),3,calendar
2022-02-04,2022-02-03,SLXX.L,buy,1.4155796666768108,183.6978136031383,260.03888974958943,0.26029918893852794,0.0,Risk 3 (calendar),3,calendar
2022-02-18,2022-02-17,INXG.L,sell,11.11618209461253,23.663657245683662,263.0495229675168,0.2630495229675168,1.4665648957334838,Risk 3 (calendar),3,calendar
2022-02-18,2022-02-17,VUSA.L,buy,3.710743061201116,69.31804443094548,257.2214523881616,0.2574789313194811,0.0,Risk 3 (calendar),3,calendar
2022-03-04,2022-03-03,INXG.L,sell,18.302383978633618,24.232631930917243,443.5149344125452,0.44351493441254514,12.817824600460881,Risk 3 (calendar),3,calendar
2022-03-04,2022-03-03,VERX.L,buy,10.417014960960739,32.55725807212934,339.14944442523114,0.33948893335858976,0.0,Risk 3 (calendar),3,calendar
2022-03-18,2022-03-17,VUSA.L,sell,8.635194434028886,72.73093858595969,628.0457960591758,0.6280457960591758,26.586526903129766,Risk 3 (calendar),3,calendar
2022-03-18,2022-03-17,VERX.L,sell,9.14484538887246,36.03946812632064,329.5753639123993,0.32957536391239933,-8.918117025466643,Risk 3 (calendar),3,calendar
2022-03-18,2022-03-17,INXG.L,buy,31.66878079302661,22.665674727506282,717.7942844714396,0.7185127972687082,0.0,Risk 3 (calendar),3,calendar
2022-03-18,2022-03-17,SLXX.L,buy,1.8639175343714054,182.3497208997073,339.8848421726964,0.34022506723993634,0.0,Risk 3 (calendar),3,calendar
2022-04-01,2022-03-31,VUSA.L,sell,9.987469256334258,74.77804812997279,746.8434567467866,0.7468434567467866,51.174985595571115,Risk 3 (calendar),3,calendar
2022-04-01,2022-03-31,AGBP.L,buy,104.99554945833202,5.151201536884734,540.8532357358171,0.5413946303661833,0.0,Risk 3 (calendar),3,calendar
2022-04-19,2022-04-14,INXG.L,buy,10.029723855774225,21.06799457537446,211.30616778595518,0.2115176854714266,0.0,Risk 3 (calendar),3,calendar
2022-05-04,2022-05-03,AGBP.L,sell,70.3304068219801,4.999961844733385,351.6493506344771,0.3516493506344771,-31.30485189258411,Risk 3 (calendar),3,calendar
2022-05-04,2022-05-03,INXG.L,buy,16.779243211599233,20.915508474181657,350.9464035825588,0.35129770128384263,0.0,Risk 3 (calendar),3,calendar
2022-06-01,2022-05-31,AGBP.L,sell,108.13834469579179,4.99624066257472,540.2851949526362,0.5402851949526362,-48.535588627717175,Risk 3 (calendar),3,calendar
2022-06-01,2022-05-31,ISF.L,sell,26.055198951565966,10.626742504348789,276.88189015787003,0.27688189015787,24.54085451292275,Risk 3 (calendar),3,calendar
2022-06-01,2022-05-31,INXG.L,buy,41.261413310651136,19.76504202527765,815.5335681073703,0.8163499180253957,0.0,Risk 3 (calendar),3,calendar
2022-06-17,2022-06-16,AGBP.L,sell,108.54272736070173,4.873706798241891,529.0054282375681,0.5290054282375681,-62.00394682729802,Risk 3 (calendar),3,calendar
2022-06-17,2022-06-16,SLXX.L,sell,1.9682019298182736,166.55267522177644,327.8092967878965,0.32780929678789655,-55.94025173103131,Risk 3 (calendar),3,calendar
2022-06-17,2022-06-16,VUSA.L,buy,11.35014565265363,65.32201088925157,741.4143379172318,0.7421564944116436,0.0,Risk 3 (calendar),3,calendar
2022-07-01,2022-06-30,VUSA.L,sell,8.108152283413167,68.17904329558449,552.8060655780185,0.5528060655780186,-10.532249304483116,Risk 3 (calendar),3,calendar
2022-07-01,2022-06-30,INXG.L,buy,30.728863146828445,19.24386100523893,591.3419712465756,0.5919339051517273,0.0,Risk 3 (calendar),3,calendar
2022-07-15,2022-07-14,VUSA.L,sell,3.893823062785768,70.54605122865856,274.69384126261696,0.2746938412626169,4.149532713219514,Risk 3 (calendar),3,calendar
2022-07-29,2022-07-28,VUSA.L,sell,4.555730509508162,73.1451787791307,333.22972258751474,0.33322972258751477,16.68399176633568,Risk 3 (calendar),3,calendar
2022-07-29,2022-07-28,AGBP.L,buy,65.89814054533024,5.059052595732236,333.3821589797807,0.33371587485463533,0.0,Risk 3 (calendar),3,calendar
2022-08-12,2022-08-11,VUSA.L,sell,7.631843877836086,76.12257144897498,580.9555808779998,0.5809555808779997,50.649604124817756,Risk 3 (calendar),3,calendar
2022-08-12,2022-08-11,SLXX.L,buy,2.193442151619254,173.032056851821,379.53580708016335,0.3799157228029663,0.0,Risk 3 (calendar),3,calendar
2022-08-12,2022-08-11,AGBP.L,buy,67.07761513493216,5.0258326595407645,337.12086886924794,0.33745832719644436,0.0,Risk 3 (calendar),3,calendar
2022-08-12,2022-08-11,INXG.L,buy,10.811245841907843,18.908165854132466,204.42082946859347,0.204625454923517,0.0,Risk 3 (calendar),3,calendar
2022-08-26,2022-08-25,VUSA.L,sell,8.405308790857417,75.94776353592346,638.3644044944577,0.6383644044944577,54.31494724418701,Risk 3 (calendar),3,calendar
2022-08-26,2022-08-25,SLXX.L,buy,2.5744642724041604,165.21753554500717,425.3466424352854,0.42577241485013556,0.0,Risk 3 (calendar),3,calendar
2022-08-26,2022-08-25,INXG.L,buy,11.539930635505666,18.876303410669216,217.83123201388176,0.21804928129517692,0.0,Risk 3 (calendar),3,calendar
2022-09-12,2022-09-09,VUSA.L,sell,5.779268568978582,76.54095082604721,442.3507113487098,0.4423507113487098,40.77028521716022,Risk 3 (calendar),3,calendar
2022-09-12,2022-09-09,AGBP.L,sell,64.9796275021504,4.8851844614136795,317.4374665819541,0.3174374665819541,-35.76463592228049,Risk 3 (calendar),3,calendar
2022-09-12,2022-09-09,INXG.L,buy,32.51767208348566,17.1386553210145,557.3091736806361,0.5578670407213575,0.0,Risk 3 (calendar),3,calendar
2022-09-12,2022-09-09,SLXX.L,buy,1.2390585335073188,160.47907946299014,198.84297285801705,0.19904201487288994,0.0,Risk 3 (calendar),3,calendar
2022-09-27,2022-09-26,AGBP.L,sell,245.08840210755372,4.694438604637671,1150.552456402661,1.150552456402661,-181.59893442382054,Risk 3 (calendar),3,calendar
2022-09-27,2022-09-26,VUSA.L,sell,9.63595606889664,74.23952739262555,715.3688245309885,0.7153688245309885,45.82333885415176,Risk 3 (calendar),3,calendar
2022-09-27,2022-09-26,VERX.L,sell,9.725899780329684,33.04031615755456,321.3468036587832,0.3213468036587832,-38.62504734466978,Risk 3 (calendar),3,calendar
2022-09-27,2022-09-26,INXG.L,buy,155.89908660322004,12.650582726072267,1972.2142919931398,1.9741884804736136,0.0,Risk 3 (calendar),3,calendar
2022-09-27,2022-09-26,SLXX.L,buy,1.4908286430822604,142.73850955973205,212.7986585225196,0.21301167019271228,0.0,Risk 3 (calendar),3,calendar
2022-10-11,2022-10-10,VUSA.L,sell,232.66662865901012,70.62748669981646,16432.659221105372,16.43265922110537,266.8743522019431,Risk 3 (calendar),3,calendar
2022-10-11,2022-10-10,AGBP.L,sell,2527.9319167363506,4.7011360405519875,11884.151841830924,11.884151841830924,-1856.1644658581627,Risk 3 (calendar),3,calendar
2022-10-11,2022-10-10,INXG.L,sell,840.4833921626027,13.019278730151276,10942.487550627968,10.942487550627966,-7117.17778306451,Risk 3 (calendar),3,calendar
2022-10-11,2022-10-10,SLXX.L,sell,35.287498224299235,142.91637557749354,5043.161349414086,5.043161349414086,-1760.240527460608,Risk 3 (calendar),3,calendar
2022-10-11,2022-10-10,ERNS.L,buy,261.499006298857,106.2988787873088,27797.051173563897,27.82487604961351,0.0,Risk 3 (calendar),3,calendar
2022-10-11,2022-10-10,VUAG.L,buy,273.5913320510185,60.005001068115284,16416.84817194845,16.433281453401854,0.0,Risk 3 (calendar),3,calendar
2022-10-25,2022-10-24,INXG.L,sell,65.31881936227303,16.353470732894703,1068.1894007481678,1.0681894007481678,-335.549297433784,Risk 3 (calendar),3,calendar
2022-10-25,2022-10-24,SLXX.L,sell,2.9464703054466335,154.29961978242335,454.63924783061634,0.4546392478306163,-113.47144778439383,Risk 3 (calendar),3,calendar
2022-10-25,2022-10-24,ERNS.L,buy,9.973031072808272,106.574231221415,1062.8681195318254,1.0639320515834088,0.0,Risk 3 (calendar),3,calendar
2022-10-25,2022-10-24,AGBP.L,buy,96.89459625015677,4.715602440809119,456.9163945784533,0.45737376834680016,0.0,Risk 3 (calendar),3,calendar
2022-11-08,2022-11-07,ISF.L,sell,20.168511461322023,10.444558464824201,210.65119710625484,0.21065119710625485,15.325598468443559,Risk 3 (calendar),3,calendar
2022-11-08,2022-11-07,VUAG.L,buy,3.408727741449209,61.604999542236406,209.99467095158707,0.21020487582741448,0.0,Risk 3 (calendar),3,calendar
2022-11-22,2022-11-21,SLXX.L,sell,2.4235853789993156,162.5801448482451,394.0268619697978,0.39402686196979775,-73.28614791018214,Risk 3 (calendar),3,calendar
2022-11-22,2022-11-21,VERX.L,sell,6.7860317680510125,36.20136926364048,245.6636418700098,0.2456636418700098,-5.5202179304718015,Risk 3 (calendar),3,calendar
2022-11-22,2022-11-21,ERNS.L,buy,3.842368590296572,106.9237263263164,410.8403675937048,0.41125161921291775,0.0,Risk 3 (calendar),3,calendar
2022-11-22,2022-11-21,VUAG.L,buy,3.633629197885844,62.0950012207032,225.6302094783043,0.22585606554384813,0.0,Risk 3 (calendar),3,calendar
2022-12-06,2022-12-05,AGBP.L,sell,49.03115795963919,4.857322678346301,238.16015550293517,0.23816015550293518,-27.158295898729705,Risk 3 (calendar),3,calendar
2022-12-06,2022-12-05,VUAG.L,buy,3.9952228983295255,59.94499969482433,239.4936354211186,0.2397333687899085,0.0,Risk 3 (calendar),3,calendar
2022-12-20,2022-12-19,ERNS.L,sell,3.291568113554492,107.16398166108759,352.73754495717424,0.3527375449571742,2.0829699040549485,Risk 3 (calendar),3,calendar
2022-12-20,2022-12-19,VUAG.L,buy,6.046662453315463,58.27999877929702,352.3994803980463,0.352752232630677,0.0,Risk 3 (calendar),3,calendar
2023-01-20,2023-01-19,SLXX.L,sell,1.671318339025936,164.4137405949248,274.78769984415084,0.27478769984415086,-47.477089082532814,Risk 3 (calendar),3,calendar
2023-01-20,2023-01-19,VUAG.L,buy,2.7135764868958954,59.02500152587904,160.16885627961972,0.16032918546508482,0.0,Risk 3 (calendar),3,calendar
2023-01-20,2023-01-19,ERNS.L,buy,1.0620043462928208,107.4096761945745,114.06954295254266,0.11418372667922187,0.0,Risk 3 (calendar),3,calendar
2023-02-03,2023-02-02,VUAG.L,sell,9.738058410719303,64.12500000000014,624.4529955873767,0.6244529955873767,38.920765760086056,Risk 3 (calendar),3,calendar
2023-02-03,2023-02-02,VERX.L,sell,6.910197024071997,40.16779801634659,277.56739831608326,0.27756739831608324,21.760172998223283,Risk 3 (calendar),3,calendar
2023-02-03,2023-02-02,ERNS.L,buy,8.237309806397077,107.84764277615969,888.374445436869,0.889263709146015,0.0,Risk 3 (calendar),3,calendar
2023-02-17,2023-02-16,VUAG.L,sell,4.800880224712648,62.78499984741227,301.42326417602817,0.30142326417602816,12.76126012287898,Risk 3 (calendar),3,calendar
2023-02-17,2023-02-16,AGBP.L,buy,22.61815974446852,4.799821290224202,108.563124687192,0.10867179648367568,0.0,Risk 3 (calendar),3,calendar
2023-02-17,2023-02-16,INXG.L,buy,6.763634905415917,15.726459952581841,106.36803347390808,0.10647450798188997,0.0,Risk 3 (calendar),3,calendar
2023-02-17,2023-02-16,SLXX.L,buy,0.597711732722594,163.51087867029878,97.73237060901812,0.09783020080982795,0.0,Risk 3 (calendar),3,calendar
2023-03-03,2023-03-02,ERNS.L,sell,6.540695523695022,107.92241795593682,705.8876760307393,0.7058876760307393,8.77450384143333,Risk 3 (calendar),3,calendar
2023-03-03,2023-03-02,VUAG.L,buy,4.258004668146188,62.38000106811539,265.61433574699953,0.26588021596296246,0.0,Risk 3 (calendar),3,calendar
2023-03-03,2023-03-02,INXG.L,buy,14.842039415283175,15.348661013360815,227.8054317321214,0.2280334651973187,0.0,Risk 3 (calendar),3,calendar
2023-03-03,2023-03-02,SLXX.L,buy,1.315461024017509,160.15170434377075,210.673324994206,0.21088420920340942,0.0,Risk 3 (calendar),3,calendar
2023-03-17,2023-03-16,VUAG.L,buy,0.006390304039442803,60.014999389648594,0.38351409302682876,0.00038389799101784663,0.0,Risk 3 (calendar),3,calendar
2023-06-16,2023-06-15,VUAG.L,sell,7.900095022152642,64.47499847412121,509.3586144987041,0.5093586144987041,34.054520379977816,Risk 3 (calendar),3,calendar
2023-06-16,2023-06-15,SLXX.L,buy,2.1849679836269877,157.16248738132828,343.39500315538277,0.34373874189728004,0.0,Risk 3 (calendar),3,calendar
2023-06-16,2023-06-15,INXG.L,buy,10.929700247198886,15.091484646636255,164.94540347293847,0.1651105139869254,0.0,Risk 3 (calendar),3,calendar
2023-07-28,2023-07-27,VUAG.L,sell,5.558048027197628,66.69000244140639,370.66623650326375,0.37066623650326375,36.257570015716965,Risk 3 (calendar),3,calendar
2023-07-28,2023-07-27,ERNS.L,buy,1.8348857597311916,109.92050046873719,201.69156101261163,0.2018934544670787,0.0,Risk 3 (calendar),3,calendar
2023-07-28,2023-07-27,AGBP.L,buy,34.660421891755114,4.853769934170965,168.23371368388212,0.1684021157996818,0.0,Risk 3 (calendar),3,calendar
2023-08-25,2023-08-24,ERNS.L,sell,3.2983729262351766,110.45420687002793,364.3191655288796,0.3643191655288796,12.689445112103272,Risk 3 (calendar),3,calendar
2023-09-25,2023-09-22,AGBP.L,buy,53.93087538739363,4.772581945662158,257.38952218763046,0.25764716935698745,0.0,Risk 3 (calendar),3,calendar
2023-10-09,2023-10-06,INXG.L,sell,295.6782741989219,14.233471151214864,4208.528185851353,4.208528185851352,-1946.0865888519074,Risk 3 (calendar),3,calendar
2023-10-09,2023-10-06,AGBP.L,sell,167.25204233662038,4.744699481262776,793.5606785147025,0.7935606785147025,-107.609982735465,Risk 3 (calendar),3,calendar
2023-10-09,2023-10-06,VAPX.L,sell,22.942253602523454,26.123437187701725,599.3305209298451,0.5993305209298451,-30.609593659678126,Risk 3 (calendar),3,calendar
2023-10-09,2023-10-06,ERNS.L,sell,2.7321397247439125,111.00968499571977,303.2939702081142,0.3032939702081142,12.027168426777678,Risk 3 (calendar),3,calendar
2023-10-09,2023-10-06,SLXX.L,buy,33.6911600215366,158.8641417296061,5352.317220696229,5.357674895591821,0.0,Risk 3 (calendar),3,calendar
2023-10-09,2023-10-06,ISF.L,buy,41.54172839500415,11.10005357508053,461.11541078599015,0.4615769877737639,0.0,Risk 3 (calendar),3,calendar
2023-11-06,2023-11-03,SLXX.L,sell,1.3779893892844646,161.7208283256983,222.84958545910675,0.22284958545910677,-26.69492143327321,Risk 3 (calendar),3,calendar
2023-11-20,2023-11-17,ERNS.L,buy,3.6529817742217943,111.71221366912206,408.0826804912737,0.4084911716629367,0.0,Risk 3 (calendar),3,calendar
2023-12-18,2023-12-15,SLXX.L,sell,2.1478630558823197,171.64640893837128,368.6729804335965,0.3686729804335965,-20.311730467822883,Risk 3 (calendar),3,calendar
2023-12-18,2023-12-15,VUAG.L,sell,3.73345773887102,70.434997558594,262.9660867224942,0.2629660867224942,38.32277145353274,Risk 3 (calendar),3,calendar
2023-12-18,2023-12-15,ERNS.L,buy,5.600554774393349,112.19285822568285,628.3422477886843,0.6289712190076919,0.0,Risk 3 (calendar),3,calendar
2024-01-18,2024-01-17,SLXX.L,buy,0.01203549817784212,169.0144306536812,2.0341728721614034,0.002036209081242646,0.0,Risk 3 (calendar),3,calendar
2024-02-01,2024-01-31,VUAG.L,sell,5.957631486729791,71.98000335693385,428.83033441418513,0.4288303344141851,70.34858724247835,Risk 3 (calendar),3,calendar
2024-02-01,2024-01-31,SLXX.L,buy,1.3367373003729297,171.90959936880392,229.79797376844687,0.2300280017702171,0.0,Risk 3 (calendar),3,calendar
2024-02-15,2024-02-14,VUAG.L,sell,6.864805030564527,74.96499633789091,514.6200839766049,0.5146200839766049,101.53152906837948,Risk 3 (calendar),3,calendar
2024-02-15,2024-02-14,ERNS.L,buy,2.2211646809608316,113.35501632824283,251.7801586780313,0.2520321908689002,0.0,Risk 3 (calendar),3,calendar
2024-02-29,2024-02-28,SLXX.L,buy,1.9526591325950933,170.08106897803606,332.1103526214981,0.332442795416915,0.0,Risk 3 (calendar),3,calendar
2024-03-14,2024-03-13,ERNS.L,buy,1.123284708108162,113.84110814774597,127.87597593645054,0.12800397991636692,0.0,Risk 3 (calendar),3,calendar
2024-03-28,2024-03-27,VUAG.L,sell,5.681521961678885,78.40000152587926,445.43133046494114,0.44543133046494116,103.5271306649106,Risk 3 (calendar),3,calendar
2024-03-28,2024-03-27,ERNS.L,buy,2.1634056577496565,114.15958797813322,246.97349851826309,0.24722071923750058,0.0,Risk 3 (calendar),3,calendar
2024-03-28,2024-03-27,AGBP.L,buy,38.774176444077874,5.0331843344212075,195.15757745841654,0.19535293038880533,0.0,Risk 3 (calendar),3,calendar
2024-04-29,2024-04-26,ERNS.L,sell,2.106362542618931,114.74624699110579,241.69719656816545,0.24169719656816546,16.45096118316303,Risk 3 (calendar),3,calendar
2024-04-29,2024-04-26,AGBP.L,buy,49.171576747575216,4.954567196035696,243.62388113088778,0.2438677488797676,0.0,Risk 3 (calendar),3,calendar
2024-05-14,2024-05-13,VERX.L,sell,5.545843448391037,45.681902764240476,253.34468115509944,0.25334468115509945,48.01361230688008,Risk 3 (calendar),3,calendar
2024-05-14,2024-05-13,ERNS.L,buy,2.1946218527110166,114.98091230140152,252.33962278130474,0.252592214996301,0.0,Risk 3 (calendar),3,calendar
2024-06-12,2024-06-11,VUAG.L,sell,3.213027095356424,80.08499908447297,257.31527199000607,0.2573152719900061,63.955424959861375,Risk 3 (calendar),3,calendar
2024-06-12,2024-06-11,SLXX.L,buy,1.4844165843692145,172.091673016194,255.4557334570824,0.2557114449019844,0.0,Risk 3 (calendar),3,calendar
2024-06-26,2024-06-25,VUAG.L,sell,3.3969989932552305,81.83499908447297,277.9934095029974,0.2779934095029974,73.55619598435919,Risk 3 (calendar),3,calendar
2024-06-26,2024-06-25,ERNS.L,buy,2.0555975041689925,115.63409332041964,237.69715362629898,0.23793508871501398,0.0,Risk 3 (calendar),3,calendar
2024-08-07,2024-08-06,ERNS.L,sell,2.952145956499249,116.27720394093353,343.2672774472655,0.3432672774472655,27.196787017018664,Risk 3 (calendar),3,calendar
2024-08-07,2024-08-06,AGBP.L,sell,66.1035064160951,5.153354707336038,340.65481596080167,0.34065481596080166,-14.739872228222453,Risk 3 (calendar),3,calendar
2024-08-07,2024-08-06,SLXX.L,sell,1.3708333575769451,174.8853768928672,239.73870839715866,0.23973870839715863,-7.956414933114729,Risk 3 (calendar),3,calendar
2024-08-07,2024-08-06,VUAG.L,buy,8.834924183341904,79.02999877929719,698.2240474246939,0.698922970395089,0.0,Risk 3 (calendar),3,calendar
2024-08-07,2024-08-06,VERX.L,buy,6.102250739728812,43.45522700710767,265.17469114920624,0.2654401312804867,0.0,Risk 3 (calendar),3,calendar
2024-08-21,2024-08-20,VUAG.L,sell,5.867600204941777,81.34500122070342,477.2999458335885,0.4772999458335885,120.23323684739557,Risk 3 (calendar),3,calendar
2024-08-21,2024-08-20,ERNS.L,buy,3.710128991837752,116.5413436667732,432.38341788582227,0.43281623411994224,0.0,Risk 3 (calendar),3,calendar
2024-09-05,2024-09-04,VUAG.L,buy,0.5557123627463646,79.11000061035185,43.96240535604497,0.04400641176781278,0.0,Risk 3 (calendar),3,calendar
2024-10-03,2024-10-02,SLXX.L,sell,3.14703416125206,176.5366234926206,555.56678484337,0.55556678484337,-13.074278611407294,Risk 3 (calendar),3,calendar
2024-10-03,2024-10-02,AGBP.L,buy,105.62688384010535,5.238111999510243,553.2854477137305,0.5538392870007312,0.0,Risk 3 (calendar),3,calendar
2024-10-17,2024-10-16,VUAG.L,sell,7.356853282189312,85.48000335693389,628.8638432580125,0.6288638432580125,180.8316103169454,Risk 3 (calendar),3,calendar
2024-10-17,2024-10-16,AGBP.L,buy,103.95274703785601,5.2033113785386504,540.8985114924262,0.5414399514438701,0.0,Risk 3 (calendar),3,calendar
2024-11-14,2024-11-13,VUAG.L,sell,11.210480241900626,89.34500122070342,1001.600370897283,1.001600370897283,318.8389967419373,Risk 3 (calendar),3,calendar
2024-11-14,2024-11-13,SLXX.L,buy,2.700706577821736,174.2784845382146,470.6750495651599,0.4711461957609208,0.0,Risk 3 (calendar),3,calendar
2024-11-28,2024-11-27,ERNS.L,buy,3.189366398027546,118.17209346120508,376.8941040697382,0.37727137544518335,0.0,Risk 3 (calendar),3,calendar
2024-12-30,2024-12-27,AGBP.L,buy,46.21647951156082,5.19096246027568,239.9080101906123,0.24014815834896125,0.0,Risk 3 (calendar),3,calendar
2025-01-14,2025-01-13,ERNS.L,sell,2.0700247015524957,118.95690523157636,246.24373224960237,0.24624373224960236,24.09889796904355,Risk 3 (calendar),3,calendar
2025-01-28,2025-01-27,ERNS.L,buy,2.0605767032184565,119.26345214181602,245.7514910288354,0.24599748851735276,0.0,Risk 3 (calendar),3,calendar
2025-03-11,2025-03-10,ERNS.L,sell,4.629275088054594,119.91780687597434,555.1325159850899,0.5551325159850898,57.93822048622968,Risk 3 (calendar),3,calendar
2025-03-11,2025-03-10,VERX.L,sell,5.711152620944737,46.84041576323295,267.512763252329,0.26751276325232903,53.756243521681625,Risk 3 (calendar),3,calendar
2025-03-11,2025-03-10,VUAG.L,buy,10.003665339065392,82.06999969482452,821.0008113242234,0.8218226339581816,0.0,Risk 3 (calendar),3,calendar
2025-04-08,2025-04-07,ERNS.L,sell,9.929572911430993,120.34225367624927,1194.9471822042417,1.1949471822042417,128.4850634435827,Risk 3 (calendar),3,calendar
2025-04-08,2025-04-07,AGBP.L,sell,152.02011071444736,5.236354808285268,796.0312376956551,0.7960312376956552,-19.34254354150403,Risk 3 (calendar),3,calendar
2025-04-08,2025-04-07,SLXX.L,sell,2.7393990604955913,174.40579813603716,477.76707955884393,0.47776707955884395,-16.796020670119788,Risk 3 (calendar),3,calendar
2025-04-08,2025-04-07,VUAG.L,buy,26.433631638050006,77.30999755859398,2043.5839974024184,2.045629627029448,0.0,Risk 3 (calendar),3,calendar
2025-04-08,2025-04-07,VERX.L,buy,8.605083705130571,43.03021607524909,370.27861117737353,0.3706492604378113,0.0,Risk 3 (calendar),3,calendar
2025-04-24,2025-04-23,VERX.L,sell,6.578038651111065,46.021553672092594,302.7315588392074,0.30273155883920744,53.36835779506106,Risk 3 (calendar),3,calendar
2025-04-24,2025-04-23,VUAG.L,sell,3.8494594245525193,78.0999984741213,300.64277518374365,0.30064277518374366,56.67379372845366,Risk 3 (calendar),3,calendar
2025-04-24,2025-04-23,ERNS.L,buy,3.3767405784378894,120.65469243267596,407.41959591635987,0.40782742333969957,0.0,Risk 3 (calendar),3,calendar
2025-04-24,2025-04-23,AGBP.L,buy,45.81878696007468,5.276265875136564,241.7521020775942,0.24199409617376796,0.0,Risk 3 (calendar),3,calendar
2025-05-09,2025-05-08,VUAG.L,sell,8.78296795570688,81.30000305175807,714.0553216024626,0.7140553216024627,157.38496841795074,Risk 3 (calendar),3,calendar
2025-05-09,2025-05-08,ERNS.L,buy,3.9316591829390055,120.84923129906741,475.1379899880983,0.4756136035916899,0.0,Risk 3 (calendar),3,calendar
2025-05-09,2025-05-08,AGBP.L,buy,45.66030358408662,5.265718261038724,240.4342943872968,0.24067496935665345,0.0,Risk 3 (calendar),3,calendar
2025-05-23,2025-05-22,VUAG.L,sell,3.868527853400223,82.00000000000026,317.2192839788193,0.31721928397881927,72.02670656963386,Risk 3 (calendar),3,calendar
2025-05-23,2025-05-22,ISF.L,sell,19.580965387285467,13.712511120541347,268.50420562408715,0.26850420562408717,74.63731598747347,Risk 3 (calendar),3,calendar
2025-05-23,2025-05-22,SLXX.L,buy,1.9208773445964584,177.29861319823038,340.5688893208514,0.3409097991199714,0.0,Risk 3 (calendar),3,calendar
2025-05-23,2025-05-22,AGBP.L,buy,46.57897880758613,5.238065437935326,243.98373902633892,0.24422796699333227,0.0,Risk 3 (calendar),3,calendar
2025-07-07,2025-07-04,VUAG.L,sell,7.031437019660098,87.50000000000028,615.2507392202606,0.6152507392202606,169.5499873360215,Risk 3 (calendar),3,calendar
2025-07-07,2025-07-04,ERNS.L,buy,5.039535826663257,121.84075559972963,614.0208529925593,0.6146354884810403,0.0,Risk 3 (calendar),3,calendar
2025-07-21,2025-07-18,VUAG.L,sell,4.314494868749532,89.69499969482453,386.98861593581125,0.38698861593581124,113.49684013686709,Risk 3 (calendar),3,calendar
2025-07-21,2025-07-18,ERNS.L,buy,2.2146906664275416,122.04001063606826,270.2808724864183,0.2705514239103286,0.0,Risk 3 (calendar),3,calendar
2025-08-18,2025-08-15,AGBP.L,buy,21.785469146341,5.321627568695675,115.9341532061373,0.11605020340954685,0.0,Risk 3 (calendar),3,calendar
2025-09-16,2025-09-15,VUAG.L,sell,4.740204802297151,92.73999786376987,439.60658323886946,0.4396065832388695,139.11502083758074,Risk 3 (calendar),3,calendar
2025-09-16,2025-09-15,ERNS.L,buy,1.98130491988557,122.83703078142263,243.37761343136785,0.2436212346660339,0.0,Risk 3 (calendar),3,calendar
2025-09-16,2025-09-15,SLXX.L,buy,1.0705193074029782,182.4817122836543,195.35019624760713,0.19554574198959673,0.0,Risk 3 (calendar),3,calendar
2025-09-30,2025-09-29,VUAG.L,sell,10.333780261491162,94.80000305175818,979.6424003255606,0.9796424003255606,324.5410252625944,Risk 3 (calendar),3,calendar
2025-09-30,2025-09-29,VERX.L,sell,6.265494547013939,51.175244894039,320.63821782570426,0.3206382178257043,83.09078660730088,Risk 3 (calendar),3,calendar
2025-09-30,2025-09-29,VFEM.L,sell,3.6878104126330506,74.31065627387942,274.04361197640804,0.27404361197640803,52.42716410723361,Risk 3 (calendar),3,calendar
2025-09-30,2025-09-29,SGLN.L,buy,14.635010167568504,55.45,811.5113137916736,0.8123236374291027,0.0,Risk 3 (calendar),3,calendar
2025-09-30,2025-09-29,SLXX.L,buy,2.6813260379111084,182.7525240872005,490.01910132898774,0.4905096109399276,0.0,Risk 3 (calendar),3,calendar
2025-09-30,2025-09-29,ERNS.L,buy,2.1912807904408447,123.0543990744053,269.646740870986,0.2699166575285145,0.0,Risk 3 (calendar),3,calendar
2025-10-29,2025-10-28,VUAG.L,sell,5.292041013504974,100.09999847412155,529.7332973768366,0.5297332973768366,194.22072629110164,Risk 3 (calendar),3,calendar
2025-10-29,2025-10-28,ISF.L,sell,19.200686401908737,15.52525900422743,298.0956294485808,0.2980956294485808,107.95899352989821,Risk 3 (calendar),3,calendar
2025-10-29,2025-10-28,ERNS.L,buy,5.083977249432841,123.64612028903737,628.6140625301024,0.6292433058359383,0.0,Risk 3 (calendar),3,calendar
2025-12-24,2025-12-23,VUAG.L,buy,2.010993877916698,98.23999786377,197.56003427059096,0.19775779206265362,0.0,Risk 3 (calendar),3,calendar
2026-01-12,2026-01-09,VERX.L,sell,5.017875438814705,55.9422360683085,280.7111723595393,0.28071117235953935,90.4415482459504,Risk 3 (calendar),3,calendar
2026-01-12,2026-01-09,AGBP.L,buy,49.59331470240682,5.4339173169052,269.4859715641377,0.26975572729142916,0.0,Risk 3 (calendar),3,calendar
2026-01-26,2026-01-23,VUAG.L,buy,0.10934132364737148,97.52999877929736,10.664059161854897,0.010674733895750648,0.0,Risk 3 (calendar),3,calendar
2026-02-23,2026-02-20,ISF.L,sell,20.299354492919658,17.143110465416342,347.99407644876726,0.3479940764487673,146.9449332005636,Risk 3 (calendar),3,calendar
2026-02-23,2026-02-20,VUAG.L,buy,3.562400696482239,97.48999786377,347.2984362899462,0.34764608237231853,0.0,Risk 3 (calendar),3,calendar
2026-03-23,2026-03-20,ERNS.L,sell,6.624029638594728,125.36642426878265,830.4309100410577,0.8304309100410577,111.11630251981023,Risk 3 (calendar),3,calendar
2026-03-23,2026-03-20,SLXX.L,buy,2.067882408626993,182.9985565914829,378.4194959796588,0.3787982942739327,0.0,Risk 3 (calendar),3,calendar
2026-03-23,2026-03-20,VUAG.L,buy,2.84009317176487,94.58000183105516,268.61601738588865,0.2688849022881768,0.0,Risk 3 (calendar),3,calendar
2026-04-22,2026-04-21,VUAG.L,sell,8.472780459252027,101.63999938964892,861.1734007070053,0.8611734007070052,313.12036560362947,Risk 3 (calendar),3,calendar
2026-04-22,2026-04-21,ERNS.L,buy,6.654262024814046,125.8030218528632,837.1262709223591,0.8379642351575167,0.0,Risk 3 (calendar),3,calendar
2026-05-07,2026-05-06,VUAG.L,sell,4.484460910415501,104.44000244140676,468.35710843218806,0.46835710843218803,178.27183913012527,Risk 3 (calendar),3,calendar
2026-05-07,2026-05-06,SLXX.L,buy,1.7065629141321015,185.63595532900416,316.79943689396197,0.3171165534474094,0.0,Risk 3 (calendar),3,calendar
2026-05-21,2026-05-20,VUAG.L,sell,3.58844936535532,106.51999664306695,382.2416143514644,0.3822416143514644,150.10896939574263,Risk 3 (calendar),3,calendar
2026-05-21,2026-05-20,AGBP.L,buy,64.55612702171328,5.414111739522782,349.51408516638173,0.34986394911549723,0.0,Risk 3 (calendar),3,calendar
2026-05-21,2026-05-20,ERNS.L,buy,2.1870300538603122,126.43921234230248,276.52635737904126,0.2768031605395809,0.0,Risk 3 (calendar),3,calendar
2026-06-05,2026-06-04,VUAG.L,sell,2.867743782872767,108.08000183105524,309.94575330388597,0.30994575330388596,124.43024640295707,Risk 3 (calendar),3,calendar
2026-06-19,2026-06-18,ERNS.L,buy,2.999349355799679,126.80208102721413,380.3237400430334,0.38070444448752094,0.0,Risk 3 (calendar),3,calendar
2026-07-31,2026-07-30,ERNS.L,sell,3.203234718855243,127.28091846392579,407.71065707143043,0.40771065707143045,57.64870543446574,Risk 3 (calendar),3,calendar
2026-07-31,2026-07-30,VUAG.L,buy,4.179787548917288,106.6600036621099,445.81615527435923,0.44626241769205127,0.0,Risk 3 (calendar),3,calendar
2026-08-14,2026-08-13,VUAG.L,sell,6.729308918627245,110.98000335693412,746.8187263790984,0.7468187263790984,305.7531809908331,Risk 3 (calendar),3,calendar
2026-08-14,2026-08-13,ERNS.L,buy,3.3978936566342224,127.5329310837049,433.3433375412903,0.4337771146559462,0.0,Risk 3 (calendar),3,calendar
2026-09-14,2026-09-11,ERNS.L,sell,3.36093125291449,127.86055518035002,429.7305359206361,0.4297305359206361,61.74259365755802,Risk 3 (calendar),3,calendar
2026-09-14,2026-09-11,SLXX.L,buy,1.9383092578100367,184.9867066446288,358.56144606107347,0.35892036642750097,0.0,Risk 3 (calendar),3,calendar
2026-09-14,2026-09-11,AGBP.L,buy,54.39569306764971,5.388285275357701,293.0995119992939,0.29339290490419806,0.0,Risk 3 (calendar),3,calendar
2021-09-28,2021-09-27,VUSA.L,buy,496.57713692760177,69.30389423006338,34414.72937469821,34.449178553251464,0.0,Risk 5 (bands),5,bands
2021-09-28,2021-09-27,INXG.L,buy,851.4663052134704,23.46451697403835,19979.245571503194,19.999244816319518,0.0,Risk 5 (bands),5,bands
2021-09-28,2021-09-27,AGBP.L,buy,2411.7443930042896,5.439661038254378,13119.07200885389,13.132204213066956,0.0,Risk 5 (bands),5,bands
2021-09-28,2021-09-27,SLXX.L,buy,49.298400178575406,194.99493818415635,9612.938495399114,9.62256105645557,0.0,Risk 5 (bands),5,bands
2021-09-28,2021-09-27,VERX.L,buy,200.7526773920177,37.320808249047694,7492.2521784304245,7.499751930360786,0.0,Risk 5 (bands),5,bands
2021-09-28,2021-09-27,IGLT.L,buy,460.7588399710454,15.712530789010913,7239.687459354003,7.24693439374775,0.0,Risk 5 (bands),5,bands
2021-09-28,2021-09-27,ISF.L,buy,516.8175300093786,9.664562150115543,4994.815139044845,4.999814953998844,0.0,Risk 5 (bands),5,bands
2021-09-28,2021-09-27,VFEM.L,buy,33.31975296179079,59.959986309345865,1997.8519314197622,1.9998517832029652,0.0,Risk 5 (bands),5,bands
2021-09-28,2021-09-27,VAPX.L,buy,38.293848608393425,27.404083930768326,1049.4078412965493,1.0504582995961456,0.0,Risk 5 (bands),5,bands
2022-04-01,2022-03-31,VUSA.L,sell,36.6230116861843,74.77804812997279,2738.5973305340453,2.7385973305340454,195.2007469315481,Risk 5 (bands),5,bands
2022-04-01,2022-03-31,ISF.L,sell,37.94494868055607,10.569739729343347,401.0682315967679,0.40106823159676785,33.578760155782845,Risk 5 (bands),5,bands
2022-04-01,2022-03-31,INXG.L,buy,37.070479565168405,22.87847157233078,848.1159129043746,0.8489648777821567,0.0,Risk 5 (bands),5,bands
2022-04-01,2022-03-31,AGBP.L,buy,155.87245888114379,5.151201536884734,802.9304497465504,0.8037341839304809,0.0,Risk 5 (bands),5,bands
2022-04-01,2022-03-31,SLXX.L,buy,3.8774002623799544,182.56431010325727,707.8749038955851,0.7085834873829681,0.0,Risk 5 (bands),5,bands
2022-04-01,2022-03-31,IGLT.L,buy,32.58475370123685,14.872633913107922,484.6211129472841,0.4851062191664505,0.0,Risk 5 (bands),5,bands
2022-04-01,2022-03-31,VERX.L,buy,7.310805936552768,36.390953238054,266.0471969695794,0.26631351048005947,0.0,Risk 5 (bands),5,bands
2022-08-26,2022-08-25,VUSA.L,sell,31.53271786666579,75.94776353592346,2394.8394001825222,2.394839400182522,204.91688929301472,Risk 5 (bands),5,bands
2022-08-26,2022-08-25,ISF.L,sell,32.26312343158718,10.59406394597779,341.797592731209,0.341797592731209,29.334712494410383,Risk 5 (bands),5,bands
2022-08-26,2022-08-25,INXG.L,buy,113.05683498171638,18.876303410669216,2134.0951197648396,2.1362313511159554,0.0,Risk 5 (bands),5,bands
2022-08-26,2022-08-25,IGLT.L,buy,23.845488992810264,13.281360142583084,316.7005270895139,0.3170175446341481,0.0,Risk 5 (bands),5,bands
2022-08-26,2022-08-25,SLXX.L,buy,1.8410309893312242,165.21753554500717,304.17060291929124,0.3044750779972885,0.0,Risk 5 (bands),5,bands
2022-09-27,2022-09-26,VUSA.L,sell,25.471541007221933,74.23952739262555,1890.9951663380377,1.8909951663380375,122.06014330259973,Risk 5 (bands),5,bands
2022-09-27,2022-09-26,AGBP.L,sell,175.06945563841464,4.694438604637671,821.852811041876,0.821852811041876,-129.17200806504354,Risk 5 (bands),5,bands
2022-09-27,2022-09-26,VERX.L,sell,14.09027655526554,33.04031615755456,465.54719213335215,0.4655471921333521,-60.84442366609147,Risk 5 (bands),5,bands
2022-09-27,2022-09-26,INXG.L,buy,213.87455992962893,12.650582726072267,2705.6378133920716,2.708346159551623,0.0,Risk 5 (bands),5,bands
2022-09-27,2022-09-26,IGLT.L,buy,24.719741683487676,11.02935324158252,272.64276306785735,0.27291567874660394,0.0,Risk 5 (bands),5,bands
2022-09-27,2022-09-26,SLXX.L,buy,1.3574541425934954,142.73850955973205,193.76098110947953,0.19395493604552505,0.0,Risk 5 (bands),5,bands
2022-10-11,2022-10-10,VUSA.L,sell,402.94986636752975,70.62748669981646,28459.33632756553,28.45933632756553,476.92812361688993,Risk 5 (bands),5,bands
2022-10-11,2022-10-10,INXG.L,sell,928.3759522242128,13.019278730151276,12086.785288376632,12.086785288376632,-7549.481039485649,Risk 5 (bands),5,bands
2022-10-11,2022-10-10,SLXX.L,sell,56.37428557288008,142.91637557749354,8056.808569846606,8.056808569846606,-2780.8227966045943,Risk 5 (bands),5,bands
2022-10-11,2022-10-10,IGLT.L,sell,541.9088243485802,11.231197834623998,6086.28521458741,6.08628521458741,-2241.774906922131,Risk 5 (bands),5,bands
2022-10-11,2022-10-10,ISF.L,sell,27.913619794688838,9.85390840525976,275.05825271610956,0.27505825271610956,4.740238166630945,Risk 5 (bands),5,bands
2022-10-11,2022-10-10,VUAG.L,buy,473.1784442704908,60.005001068115284,28393.073053859927,28.421494548408337,0.0,Risk 5 (bands),5,bands
2022-10-11,2022-10-10,ERNS.L,buy,193.84191446924177,106.2988787873088,20605.17817006581,20.62580397403985,0.0,Risk 5 (bands),5,bands
2022-10-11,2022-10-10,AGBP.L,buy,1245.6880200059911,4.7011360405519875,5856.1488461340105,5.862010856991001,0.0,Risk 5 (bands),5,bands
2022-10-25,2022-10-24,INXG.L,sell,59.33251756813509,16.353470732894703,970.292589559458,0.9702925895594579,-284.85923873278387,Risk 5 (bands),5,bands
2022-10-25,2022-10-24,ERNS.L,buy,4.705468256826573,106.574231221415,501.4816620080638,0.5019836456537174,0.0,Risk 5 (bands),5,bands
2022-10-25,2022-10-24,AGBP.L,buy,99.00565591037405,4.715602440809119,466.8713126648676,0.46733865131618385,0.0,Risk 5 (bands),5,bands
2023-10-09,2023-10-06,AGBP.L,sell,955.7273230600331,4.744699481262776,4534.638933951601,4.534638933951602,-409.3561430402142,Risk 5 (bands),5,bands
2023-10-09,2023-10-06,INXG.L,sell,227.7597098976361,14.233471151214864,3241.81126023707,3.2418112602370703,-1575.8566775158324,Risk 5 (bands),5,bands
2023-10-09,2023-10-06,VAPX.L,sell,38.293848608393425,26.123437187701725,1000.3669487967247,1.0003669487967246,-51.091717748217434,Risk 5 (bands),5,bands
2023-10-09,2023-10-06,VERX.L,sell,19.560022378435917,37.97018759193687,742.697719011695,0.742697719011695,11.868168063566713,Risk 5 (bands),5,bands
2023-10-09,2023-10-06,VUAG.L,sell,5.881795274575573,66.06999969482442,388.6102119962278,0.3886102119962278,34.93117962873333,Risk 5 (bands),5,bands
2023-10-09,2023-10-06,SLXX.L,buy,56.8409315324991,158.8641417296061,9029.985803021773,9.039024827849621,0.0,Risk 5 (bands),5,bands
2023-10-09,2023-10-06,ISF.L,buy,64.83498849785666,11.10005357508053,719.6718458659388,0.720392238104043,0.0,Risk 5 (bands),5,bands
2024-05-14,2024-05-13,VUAG.L,sell,30.785773448014204,78.44000244140655,2414.836144422823,2.4148361444228232,563.2717901294038,Risk 5 (bands),5,bands
2024-05-14,2024-05-13,VERX.L,sell,10.694116513377903,45.681902764240476,488.52759071358776,0.48852759071358776,88.87623384486761,Risk 5 (bands),5,bands
2024-05-14,2024-05-13,ERNS.L,buy,16.771743722756902,114.98091230140152,1928.430394127893,1.9303607548827757,0.0,Risk 5 (bands),5,bands
2024-05-14,2024-05-13,AGBP.L,buy,160.9939070429384,4.993045490272536,803.8499015220993,0.8046545560781775,0.0,Risk 5 (bands),5,bands
2024-05-14,2024-05-13,SLXX.L,buy,1.7615672231343855,172.53993743240048,303.94069846257435,0.30424494340598035,0.0,Risk 5 (bands),5,bands
2024-10-03,2024-10-02,VUAG.L,sell,30.747203192122804,82.48000335693388,2536.029422502617,2.536029422502617,686.6605999020499,Risk 5 (bands),5,bands
2024-10-03,2024-10-02,SLXX.L,sell,5.802385705058574,176.5366234926206,1024.3335805728896,1.0243335805728895,98.20782452050003,Risk 5 (bands),5,bands
2024-10-03,2024-10-02,ISF.L,sell,24.965133483468865,12.692170306727217,316.8617259023649,0.31686172590236494,70.21615952369729,Risk 5 (bands),5,bands
2024-10-03,2024-10-02,SGLN.L,buy,70.55123333418325,39.31000000000002,2773.368982366745,2.7761451274942393,0.0,Risk 5 (bands),5,bands
2024-10-03,2024-10-02,AGBP.L,buy,147.86607716371557,5.238111999510243,774.5390731117661,0.7753143874992655,0.0,Risk 5 (bands),5,bands
2024-10-03,2024-10-02,ERNS.L,buy,2.5306067148116713,117.32226746099371,296.89651783372153,0.2971937115452668,0.0,Risk 5 (bands),5,bands
2025-09-30,2025-09-29,VUAG.L,sell,36.577701544956895,94.80000305175818,3467.5662180882136,3.467566218088214,1267.0565895334485,Risk 5 (bands),5,bands
2025-09-30,2025-09-29,SLXX.L,sell,11.33350683493974,182.7525240872005,2071.2269808447763,2.0712269808447763,262.2018856548261,Risk 5 (bands),5,bands
2025-09-30,2025-09-29,VERX.L,sell,14.044451681685938,51.175244894039,718.7282542127757,0.7187282542127758,193.79389188471396,Risk 5 (bands),5,bands
2025-09-30,2025-09-29,ISF.L,sell,40.72232818046834,14.825129653574754,603.713795070864,0.603713795070864,201.30656767624293,Risk 5 (bands),5,bands
2025-09-30,2025-09-29,VFEM.L,sell,5.892043737512239,74.31065627387942,437.84163692893577,0.4378416369289358,83.76329295436835,Risk 5 (bands),5,bands
2025-09-30,2025-09-29,AGBP.L,buy,754.9384385984642,5.3881911902015736,4067.7526440007764,4.071824468469246,0.0,Risk 5 (bands),5,bands
2025-09-30,2025-09-29,SGLN.L,buy,31.575313162926808,55.45,1750.8511148842915,1.7526037186028944,0.0,Risk 5 (bands),5,bands
2025-09-30,2025-09-29,ERNS.L,buy,12.112950582922577,123.0543990744053,1490.5518549995052,1.4920438988984035,0.0,Risk 5 (bands),5,bands
2026-03-09,2026-03-06,SGLN.L,sell,22.358162445226945,73.92999999999995,1652.938949575627,1.652938949575627,659.8248690555874,Risk 5 (bands),5,bands
2026-03-09,2026-03-06,ISF.L,sell,26.185201079674076,16.460406087189334,431.0190432461439,0.4310190432461439,172.22102338956722,Risk 5 (bands),5,bands
2026-03-09,2026-03-06,ERNS.L,buy,6.958242692234964,125.38059375076924,872.4286002143708,0.8733019021164873,0.0,Risk 5 (bands),5,bands
2026-03-09,2026-03-06,AGBP.L,buy,135.0406692023242,5.45528798355076,736.6857399900924,0.7374231631532457,0.0,Risk 5 (bands),5,bands
2026-03-09,2026-03-06,VUAG.L,buy,4.669158619230268,96.50000000000048,450.5738067557232,0.4510248315873105,0.0,Risk 5 (bands),5,bands
2026-08-14,2026-08-13,VUAG.L,sell,26.85341300783948,110.98000335693412,2980.191865755164,2.9801918657551645,1352.0077682347169,Risk 5 (bands),5,bands
2026-08-14,2026-08-13,VERX.L,sell,11.316376194514996,60.67383785317493,686.6079743115316,0.6866079743115316,263.5324075741275,Risk 5 (bands),5,bands
2026-08-14,2026-08-13,SGLN.L,buy,18.73472134483044,62.82999999999993,1177.1025420956953,1.178280822918614,0.0,Risk 5 (bands),5,bands
2026-08-14,2026-08-13,AGBP.L,buy,196.84407454678683,5.443298293232556,1071.4810150134667,1.0725535685820486,0.0,Risk 5 (bands),5,bands
2026-08-14,2026-08-13,ERNS.L,buy,7.134454918429812,127.5329310837049,909.8779474319086,0.9107887361680767,0.0,Risk 5 (bands),5,bands
2026-08-14,2026-08-13,SLXX.L,buy,2.7794784944976194,187.48568032128426,521.1124164792651,0.5216340505297948,0.0,Risk 5 (bands),5,bands
2021-09-28,2021-09-27,VUSA.L,buy,496.57713692760177,69.30389423006338,34414.72937469821,34.449178553251464,0.0,Risk 5 (calendar),5,calendar
2021-09-28,2021-09-27,INXG.L,buy,851.4663052134704,23.46451697403835,19979.245571503194,19.999244816319518,0.0,Risk 5 (calendar),5,calendar
2021-09-28,2021-09-27,AGBP.L,buy,2411.7443930042896,5.439661038254378,13119.07200885389,13.132204213066956,0.0,Risk 5 (calendar),5,calendar
2021-09-28,2021-09-27,SLXX.L,buy,49.298400178575406,194.99493818415635,9612.938495399114,9.62256105645557,0.0,Risk 5 (calendar),5,calendar
2021-09-28,2021-09-27,VERX.L,buy,200.7526773920177,37.320808249047694,7492.2521784304245,7.499751930360786,0.0,Risk 5 (calendar),5,calendar
2021-09-28,2021-09-27,IGLT.L,buy,460.7588399710454,15.712530789010913,7239.687459354003,7.24693439374775,0.0,Risk 5 (calendar),5,calendar
2021-09-28,2021-09-27,ISF.L,buy,516.8175300093786,9.664562150115543,4994.815139044845,4.999814953998844,0.0,Risk 5 (calendar),5,calendar
2021-09-28,2021-09-27,VFEM.L,buy,33.31975296179079,59.959986309345865,1997.8519314197622,1.9998517832029652,0.0,Risk 5 (calendar),5,calendar
2021-09-28,2021-09-27,VAPX.L,buy,38.293848608393425,27.404083930768326,1049.4078412965493,1.0504582995961456,0.0,Risk 5 (calendar),5,calendar
2021-10-12,2021-10-11,VUSA.L,sell,5.4291327770425895,69.00299327623128,374.62641251003663,0.3746264125100366,-2.384894324024799,Risk 5 (calendar),5,calendar
2021-10-12,2021-10-11,INXG.L,buy,12.25590484710624,23.416152476239205,286.98613663411885,0.287273410044163,0.0,Risk 5 (calendar),5,calendar
2021-10-26,2021-10-25,INXG.L,sell,24.280206872187964,24.181424122427572,587.1299801566578,0.5871299801566578,16.26590984174186,Risk 5 (calendar),5,calendar
2021-10-26,2021-10-25,AGBP.L,buy,53.185414337819566,5.416949451397893,288.10270101962135,0.2883910921117331,0.0,Risk 5 (calendar),5,calendar
2021-11-09,2021-11-08,VUSA.L,sell,6.51293988358491,74.4845165383871,485.1131784724012,0.48511317847240126,32.804144554459526,Risk 5 (calendar),5,calendar
2021-11-09,2021-11-08,AGBP.L,buy,59.66049337100067,5.472407954014627,326.48655846390096,0.32681337183573667,0.0,Risk 5 (calendar),5,calendar
2021-11-09,2021-11-08,SLXX.L,buy,1.6213985169642242,199.03748380505743,322.7190810618109,0.3230421231849959,0.0,Risk 5 (calendar),5,calendar
2021-11-23,2021-11-22,VUSA.L,sell,8.38240161692391,75.24811746472808,630.7599415068171,0.6307599415068171,48.61459192246059,Risk 5 (calendar),5,calendar
2021-11-23,2021-11-22,INXG.L,buy,11.991622083933219,24.724795988649415,296.4904095982318,0.29678719679502685,0.0,Risk 5 (calendar),5,calendar
2021-12-07,2021-12-06,INXG.L,sell,30.769182185798293,25.706276452490883,790.9611034851886,0.7909611034851886,66.93758355408067,Risk 5 (calendar),5,calendar
2021-12-07,2021-12-06,VUSA.L,buy,10.531825548672968,76.44321420524022,805.0865963894294,0.8058924888783077,0.0,Risk 5 (calendar),5,calendar
2021-12-21,2021-12-20,INXG.L,buy,21.99944665111272,24.409014864707476,536.9848203223495,0.5375223426650145,0.0,Risk 5 (calendar),5,calendar
2022-01-07,2022-01-06,VUSA.L,sell,12.53880154639669,74.41002031477605,933.0124777903231,0.9330124777903231,60.28311500380414,Risk 5 (calendar),5,calendar
2022-01-07,2022-01-06,INXG.L,buy,32.19628339580826,23.41899795739591,754.0046950821734,0.7547594545367101,0.0,Risk 5 (calendar),5,calendar
2022-01-21,2022-01-20,ISF.L,sell,31.790067674029252,10.3676712140794,329.5889695176691,0.3295889695176691,21.714751126695205,Risk 5 (calendar),5,calendar
2022-01-21,2022-01-20,VUSA.L,buy,7.088834178710514,71.39013259084399,506.07281193265027,0.5065793913239742,0.0,Risk 5 (calendar),5,calendar
2022-02-04,2022-02-03,INXG.L,sell,12.27871772969256,23.020715243639174,282.6648644122761,0.28266486441227606,-6.488559906214732,Risk 5 (calendar),5,calendar
2022-02-04,2022-02-03,AGBP.L,sell,47.39452967328273,5.298189246098109,251.10518743886428,0.2511051874388643,-7.228176992565096,Risk 5 (calendar),5,calendar
2022-02-18,2022-02-17,VUSA.L,buy,5.747103910110237,69.31804443094548,398.3780041902819,0.3987767809712532,0.0,Risk 5 (calendar),5,calendar
2022-03-04,2022-03-03,INXG.L,sell,27.359228234995268,24.232631930917243,662.986107732599,0.662986107732599,18.666250255575733,Risk 5 (calendar),5,calendar
2022-03-04,2022-03-03,VUSA.L,sell,3.6262534215766182,70.29716181884734,254.91532357272038,0.2549153235727204,2.4386351139909834,Risk 5 (calendar),5,calendar
2022-03-04,2022-03-03,VERX.L,buy,19.423685494432657,32.55725807212934,632.3819413541192,0.6330149563104296,0.0,Risk 5 (calendar),5,calendar
2022-03-18,2022-03-17,VUSA.L,sell,10.023362286073219,72.73093858595969,729.0085468532159,0.7290085468532159,31.110886626669526,Risk 5 (calendar),5,calendar
2022-03-18,2022-03-17,VERX.L,sell,13.850873043776684,36.03946812632064,499.17809758290355,0.4991780975829035,-12.93785974182947,Risk 5 (calendar),5,calendar
2022-03-18,2022-03-17,INXG.L,buy,38.926393070143845,22.665674727506282,882.292963642935,0.8831761397827177,0.0,Risk 5 (calendar),5,calendar
2022-03-18,2022-03-17,IGLT.L,buy,21.873064140162537,14.94151575647707,326.81673249267214,0.3271438763690412,0.0,Risk 5 (calendar),5,calendar
2022-03-18,2022-03-17,SLXX.L,buy,1.6071520464505193,182.3497208997073,293.06372711364565,0.2933570841978435,0.0,Risk 5 (calendar),5,calendar
2022-04-01,2022-03-31,VUSA.L,sell,13.356482772251011,74.77804812997279,998.7717115905385,0.9987717115905385,68.77119178776195,Risk 5 (calendar),5,calendar
2022-04-01,2022-03-31,AGBP.L,buy,90.9998782545913,5.151201536884734,468.75871272137437,0.46922794066203644,0.0,Risk 5 (calendar),5,calendar
2022-04-01,2022-03-31,INXG.L,buy,14.803601598681931,22.87847157233078,338.68377834355505,0.3390228011446998,0.0,Risk 5 (calendar),5,calendar
2022-04-19,2022-04-14,ISF.L,sell,26.196891695233447,10.670919307060682,279.5449173756442,0.27954491737564424,25.83044960698794,Risk 5 (calendar),5,calendar
2022-04-19,2022-04-14,INXG.L,buy,28.948484070462477,21.06799457537446,609.8865053618174,0.6104970023641816,0.0,Risk 5 (calendar),5,calendar
2022-05-18,2022-05-17,INXG.L,sell,22.893211502132445,21.033855312892623,481.53249838330305,0.48153249838330303,-54.73422179837223,Risk 5 (calendar),5,calendar
2022-05-18,2022-05-17,VUSA.L,buy,6.911939023913209,69.52751076888973,480.5699149190348,0.4810509658849197,0.0,Risk 5 (calendar),5,calendar
2022-06-01,2022-05-31,VUSA.L,sell,7.1840237943095575,71.11494828263751,510.8914805935615,0.5108914805935615,10.695793818092454,Risk 5 (calendar),5,calendar
2022-06-01,2022-05-31,AGBP.L,sell,86.53860160727135,4.99624066257472,432.3676802326031,0.4323676802326031,-38.41583650035062,Risk 5 (calendar),5,calendar
2022-06-01,2022-05-31,VERX.L,sell,7.88709052840833,35.536477981355425,280.27941889973954,0.28027941889973956,-11.330355841497806,Risk 5 (calendar),5,calendar
2022-06-01,2022-05-31,INXG.L,buy,61.78042649964355,19.76504202527765,1221.092726105032,1.2223150411461783,0.0,Risk 5 (calendar),5,calendar
2022-06-17,2022-06-16,AGBP.L,sell,74.31431860247787,4.873706798241891,362.1861997796102,0.3621861997796102,-42.08620101287323,Risk 5 (calendar),5,calendar
2022-06-17,2022-06-16,VUSA.L,buy,5.512116406823423,65.32201088925157,360.06252794934187,0.36042295090024207,0.0,Risk 5 (calendar),5,calendar
2022-07-01,2022-06-30,VUSA.L,sell,3.549735602166637,68.17904329558449,242.01757730799685,0.24201757730799686,-4.951062000579412,Risk 5 (calendar),5,calendar
2022-07-01,2022-06-30,INXG.L,buy,12.527142158959329,19.24386100523893,241.07058249988205,0.2413118943942763,0.0,Risk 5 (calendar),5,calendar
2022-07-15,2022-07-14,VUSA.L,sell,6.17579941600948,70.54605122865856,435.67826197972437,0.43567826197972437,5.9897330344646775,Risk 5 (calendar),5,calendar
2022-07-15,2022-07-14,VERX.L,buy,7.050978710651023,33.4342116413491,235.74391449055312,0.23597989438493805,0.0,Risk 5 (calendar),5,calendar
2022-07-15,2022-07-14,INXG.L,buy,10.383233453356498,18.425675564146594,191.3180909183403,0.19150960051885912,0.0,Risk 5 (calendar),5,calendar
2022-07-29,2022-07-28,VUSA.L,sell,5.589245769580518,73.1451787791307,408.82638105646697,0.40882638105646696,19.93348675985078,Risk 5 (calendar),5,calendar
2022-07-29,2022-07-28,AGBP.L,buy,55.05341560704642,5.059052595732236,278.5181251307538,0.2787969220528066,0.0,Risk 5 (calendar),5,calendar
2022-08-12,2022-08-11,VUSA.L,sell,9.802240707315875,76.12257144897498,746.1717686027038,0.7461717686027037,64.11464690402465,Risk 5 (calendar),5,calendar
2022-08-12,2022-08-11,INXG.L,buy,19.544022967365866,18.908165854132466,369.54162772392795,0.3699115392631911,0.0,Risk 5 (calendar),5,calendar
2022-08-12,2022-08-11,AGBP.L,buy,51.887437530335326,5.0258326595407645,260.77757815984046,0.26103861677661705,0.0,Risk 5 (calendar),5,calendar
2022-08-12,2022-08-11,IGLT.L,buy,17.74010735425858,13.846524123127585,245.6388244276145,0.24588470913675128,0.0,Risk 5 (calendar),5,calendar
2022-08-26,2022-08-25,VUSA.L,sell,11.964860394198642,75.94776353592346,908.7043879589344,0.9087043879589344,76.17048231794365,Risk 5 (calendar),5,calendar
2022-08-26,2022-08-25,SLXX.L,buy,2.2939125986539852,165.21753554500717,378.99458630525453,0.37937396026552006,0.0,Risk 5 (calendar),5,calendar
2022-08-26,2022-08-25,INXG.L,buy,16.524922692239052,18.876303410669216,311.92945457655713,0.31224169627283,0.0,Risk 5 (calendar),5,calendar
2022-08-26,2022-08-25,IGLT.L,buy,16.84956936127874,13.281360142583084,223.78519893457658,0.2240092081427193,0.0,Risk 5 (calendar),5,calendar
2022-09-12,2022-09-09,VUSA.L,sell,9.239129000309761,76.54095082604721,707.1717184882161,0.7071717184882161,64.29303275768018,Risk 5 (calendar),5,calendar
2022-09-12,2022-09-09,INXG.L,buy,41.04826771753012,17.1386553210145,703.5121119354754,0.7042163282637393,0.0,Risk 5 (calendar),5,calendar
2022-09-27,2022-09-26,VUSA.L,sell,16.781306739323846,74.23952739262555,1245.8362813580843,1.2458362813580843,78.19508946140036,Risk 5 (calendar),5,calendar
2022-09-27,2022-09-26,AGBP.L,sell,126.10996296740633,4.694438604637671,592.0154785836194,0.5920154785836194,-91.92759442329475,Risk 5 (calendar),5,calendar
2022-09-27,2022-09-26,VERX.L,sell,11.87077051691876,33.04031615755456,392.2140109127732,0.3922140109127732,-45.24158054745152,Risk 5 (calendar),5,calendar
2022-09-27,2022-09-26,ISF.L,sell,28.729350132706625,9.978178763486333,286.66659138293653,0.28666659138293654,8.44540037716581,Risk 5 (calendar),5,calendar
2022-09-27,2022-09-26,INXG.L,buy,161.03719546379153,12.650582726072267,2037.2143631893643,2.0392536168061706,0.0,Risk 5 (calendar),5,calendar
2022-09-27,2022-09-26,IGLT.L,buy,24.234303606808695,11.02935324158252,267.2886950432504,0.2675562512945449,0.0,Risk 5 (calendar),5,calendar
2022-09-27,2022-09-26,SLXX.L,buy,1.4673288024807516,142.73850955973205,209.44432630016894,0.20965398028044938,0.0,Risk 5 (calendar),5,calendar
2022-10-11,2022-10-10,VUSA.L,sell,402.2132402687687,70.62748669981646,28407.310277572542,28.40731027757254,422.8169065389193,Risk 5 (calendar),5,calendar
2022-10-11,2022-10-10,INXG.L,sell,931.5713827981672,13.019278730151276,12128.38748968179,12.12838748968179,-7792.728038248488,Risk 5 (calendar),5,calendar
2022-10-11,2022-10-10,SLXX.L,sell,56.28819214312489,142.91637557749354,8044.504408904958,8.044504408904958,-2791.528299888326,Risk 5 (calendar),5,calendar
2022-10-11,2022-10-10,IGLT.L,sell,541.4558844335539,11.231197834623998,6081.198156794553,6.081198156794554,-2236.4114800530497,Risk 5 (calendar),5,calendar
2022-10-11,2022-10-10,VUAG.L,buy,470.66610370286213,60.005001068115284,28242.3200554159,28.270590646061965,0.0,Risk 5 (calendar),5,calendar
2022-10-11,2022-10-10,ERNS.L,buy,192.81271098094956,106.2988787873088,20495.77499321636,20.51629128450086,0.0,Risk 5 (calendar),5,calendar
2022-10-11,2022-10-10,AGBP.L,buy,1236.7302487960662,4.7011360405519875,5814.037145056013,5.819857002058071,0.0,Risk 5 (calendar),5,calendar
2022-10-25,2022-10-24,INXG.L,sell,59.159280800505954,16.353470732894703,967.4595671501736,0.9674595671501737,-297.824704250781,Risk 5 (calendar),5,calendar
2022-10-25,2022-10-24,ERNS.L,buy,4.822415343623383,106.574231221415,513.945207877018,0.5144596675445626,0.0,Risk 5 (calendar),5,calendar
2022-10-25,2022-10-24,AGBP.L,buy,95.76303627515681,4.715602440809119,451.5804075984216,0.45203244003846005,0.0,Risk 5 (calendar),5,calendar
2022-11-08,2022-11-07,VERX.L,sell,10.498258707218147,35.10727659478681,368.5652721979365,0.3685652721979365,-18.33291230780725,Risk 5 (calendar),5,calendar
2022-11-08,2022-11-07,ISF.L,sell,22.947948772673538,10.444558464824201,239.68119260397953,0.23968119260397952,17.437630399192273,Risk 5 (calendar),5,calendar
2022-11-08,2022-11-07,VUAG.L,buy,8.17171727843344,61.604999542236406,503.4186391971774,0.5039225617589363,0.0,Risk 5 (calendar),5,calendar
2022-11-22,2022-11-21,ERNS.L,buy,0.9690266555562255,106.9237263263164,103.61194092159951,0.10371565657817769,0.0,Risk 5 (calendar),5,calendar
2022-12-06,2022-12-05,AGBP.L,sell,59.981035704460766,4.857322678346301,291.3472449979765,0.2913472449979765,-18.67235528082665,Risk 5 (calendar),5,calendar
2022-12-06,2022-12-05,VUAG.L,buy,2.708700019167667,59.94499969482433,162.37302182237644,0.16253555737975622,0.0,Risk 5 (calendar),5,calendar
2022-12-06,2022-12-05,ERNS.L,buy,1.196935620512225,106.89195551315524,127.9427890999036,0.12807085995986348,0.0,Risk 5 (calendar),5,calendar
2022-12-20,2022-12-19,AGBP.L,sell,64.37228789960228,4.803206660345109,309.19340198102253,0.3091934019810225,-23.519459359793302,Risk 5 (calendar),5,calendar
2022-12-20,2022-12-19,ERNS.L,sell,2.6944403451210546,107.16398166108759,288.7469557314472,0.28874695573144715,1.7198371469664835,Risk 5 (calendar),5,calendar
2022-12-20,2022-12-19,VUAG.L,buy,10.246982127297008,58.27999877929702,597.1941058703479,0.597791897768116,0.0,Risk 5 (calendar),5,calendar
2023-01-06,2023-01-05,VERX.L,sell,11.903511062139408,37.67056229290834,448.41195497064615,0.4484119549706462,9.69470942067585,Risk 5 (calendar),5,calendar
2023-01-06,2023-01-05,VFEM.L,sell,3.7451493186396876,57.81349682848479,216.52017825537754,0.21652017825537756,-8.480227680727324,Risk 5 (calendar),5,calendar
2023-01-06,2023-01-05,AGBP.L,buy,55.43080059017576,4.827049573078605,267.56722232421316,0.26783505738159474,0.0,Risk 5 (calendar),5,calendar
2023-01-06,2023-01-05,VUAG.L,buy,3.4615377676343058,59.5849990844728,206.25572471535813,0.20646218690226037,0.0,Risk 5 (calendar),5,calendar
2023-01-06,2023-01-05,INXG.L,buy,11.96337664305773,15.630872622192104,186.99801643894355,0.18718520164058414,0.0,Risk 5 (calendar),5,calendar
2023-01-20,2023-01-19,ISF.L,sell,22.476004641459557,11.158197853911606,250.79170675484133,0.25079170675484136,33.10273312248958,Risk 5 (calendar),5,calendar
2023-01-20,2023-01-19,AGBP.L,sell,47.513536365265765,4.866339090093743,231.21697932288336,0.23121697932288335,-14.12383109673641,Risk 5 (calendar),5,calendar
2023-01-20,2023-01-19,VUAG.L,buy,5.777564324238792,59.02500152587904,341.02074305405904,0.3413621051592182,0.0,Risk 5 (calendar),5,calendar
2023-01-20,2023-01-19,ERNS.L,buy,1.3295485391343147,107.4096761945745,142.8063780733863,0.14294932740078709,0.0,Risk 5 (calendar),5,calendar
2023-02-03,2023-02-02,VUAG.L,sell,17.244329955791372,64.12500000000014,1105.7926584151242,1.1057926584151243,69.31432706402052,Risk 5 (calendar),5,calendar
2023-02-03,2023-02-02,ERNS.L,buy,5.979523061292574,107.84764277615969,644.8774670860903,0.6455229900761664,0.0,Risk 5 (calendar),5,calendar
2023-02-03,2023-02-02,AGBP.L,buy,90.90613063313161,4.875532703588408,443.2158128585131,0.44365947233084396,0.0,Risk 5 (calendar),5,calendar
2023-02-17,2023-02-16,VUAG.L,sell,5.3811112083806405,62.78499984741227,337.853066397087,0.33785306639708695,14.426129145217317,Risk 5 (calendar),5,calendar
2023-02-17,2023-02-16,AGBP.L,buy,73.474943282156,4.799821290224202,352.6665970637081,0.3530196166803885,0.0,Risk 5 (calendar),5,calendar
2023-03-03,2023-03-02,ERNS.L,sell,3.00812392229579,107.92241795593682,324.6440072052583,0.32464400720525827,4.042500248241311,Risk 5 (calendar),5,calendar
2023-03-03,2023-03-02,VERX.L,sell,6.032330925029724,39.80303356846162,240.10507030502725,0.24010507030502726,17.76388727792505,Risk 5 (calendar),5,calendar
2023-03-03,2023-03-02,VUAG.L,buy,8.998442606242255,62.38000106811539,561.3228593887669,0.5618847441328999,0.0,Risk 5 (calendar),5,calendar
2023-03-17,2023-03-16,AGBP.L,sell,111.03054938364788,4.8825627801925675,542.1136278849319,0.5421136278849319,-29.693367116196782,Risk 5 (calendar),5,calendar
2023-03-17,2023-03-16,VUAG.L,buy,4.295846281504356,60.014999389648594,257.8152119625081,0.25807328524775586,0.0,Risk 5 (calendar),5,calendar
2023-03-17,2023-03-16,VERX.L,buy,6.869609715707654,37.220289880854445,255.68886498697296,0.25594480979676976,0.0,Risk 5 (calendar),5,calendar
2023-04-18,2023-04-17,VERX.L,sell,8.171246485077043,40.429906983848326,330.36273533376243,0.3303627353337624,29.03648090007124,Risk 5 (calendar),5,calendar
2023-04-18,2023-04-17,VUAG.L,sell,4.005466885460311,62.18999862670912,249.09998010610556,0.24909998010610557,8.180124967617616,Risk 5 (calendar),5,calendar
2023-04-18,2023-04-17,AGBP.L,buy,73.82821955011605,4.856875227890944,358.5744506522525,0.35893338403628877,0.0,Risk 5 (calendar),5,calendar
2023-05-03,2023-05-02,AGBP.L,sell,53.38219786949655,4.910954882542778,262.15756526806877,0.26215756526806877,-12.462805544499588,Risk 5 (calendar),5,calendar
2023-05-03,2023-05-02,VUAG.L,buy,4.822907082018328,61.16999816894545,295.01721737605516,0.29531252990596113,0.0,Risk 5 (calendar),5,calendar
2023-05-18,2023-05-17,INXG.L,buy,14.35206672838668,15.061897936958513,216.16936424737824,0.21638574999737561,0.0,Risk 5 (calendar),5,calendar
2023-06-02,2023-06-01,VUAG.L,sell,10.32071443149883,64.02500152587902,660.7837572248742,0.6607837572248741,39.881194038058084,Risk 5 (calendar),5,calendar
2023-06-02,2023-06-01,VERX.L,buy,6.022873695203888,39.42885559168798,237.47501717517025,0.23771272990507533,0.0,Risk 5 (calendar),5,calendar
2023-06-16,2023-06-15,VUAG.L,sell,7.3045644978677675,64.47499847412121,470.96178485414424,0.4709617848541442,31.509964506985625,Risk 5 (calendar),5,calendar
2023-06-16,2023-06-15,AGBP.L,buy,89.0960928565559,4.8525486698517435,432.34312688006776,0.4327759027828506,0.0,Risk 5 (calendar),5,calendar
2023-06-16,2023-06-15,ERNS.L,buy,2.0949693383175596,109.35412817102629,229.09354553674856,0.2293228684051537,0.0,Risk 5 (calendar),5,calendar
2023-06-30,2023-06-29,ISF.L,buy,20.915763752952614,11.023814184928668,230.5714931484159,0.23080229544385975,0.0,Risk 5 (calendar),5,calendar
2023-07-28,2023-07-27,VUAG.L,sell,8.41555418520226,66.69000244140639,561.2333291569265,0.5612333291569266,54.9243263918155,Risk 5 (calendar),5,calendar
2023-07-28,2023-07-27,AGBP.L,buy,51.47111814357156,4.853769934170965,249.8289657234293,0.2500790447681975,0.0,Risk 5 (calendar),5,calendar
2023-07-28,2023-07-27,ERNS.L,buy,2.0828914782084844,109.92050046873719,228.95247370674443,0.22918165536210655,0.0,Risk 5 (calendar),5,calendar
2023-08-25,2023-08-24,ERNS.L,sell,3.943085470126418,110.45420687002793,435.53037822354474,0.43553037822354473,15.009559575057835,Risk 5 (calendar),5,calendar
2023-09-11,2023-09-08,VUAG.L,sell,4.368813351359988,66.90000152587906,292.27361987226396,0.29227361987226397,29.429699752687668,Risk 5 (calendar),5,calendar
2023-09-11,2023-09-08,INXG.L,buy,16.320189031099204,14.684098997737491,239.64727139445023,0.23988715855300324,0.0,Risk 5 (calendar),5,calendar
2023-10-09,2023-10-06,AGBP.L,sell,1040.4022340835222,4.744699481262776,4936.395940360721,4.936395940360722,-404.90875348790087,Risk 5 (calendar),5,calendar
2023-10-09,2023-10-06,INXG.L,sell,269.7576741626689,14.233471151214864,3839.5880730131666,3.839588073013167,-1661.6262356246443,Risk 5 (calendar),5,calendar
2023-10-09,2023-10-06,VAPX.L,sell,38.293848608393425,26.123437187701725,1000.3669487967247,1.0003669487967246,-51.091717748217434,Risk 5 (calendar),5,calendar
2023-10-09,2023-10-06,ERNS.L,sell,2.0155805871453505,111.00968499571977,223.74896606249325,0.22374896606249325,8.790903473816087,Risk 5 (calendar),5,calendar
2023-10-09,2023-10-06,SLXX.L,buy,56.77305827763787,158.8641417296061,9019.20317664185,9.0282314080499,0.0,Risk 5 (calendar),5,calendar
2023-10-09,2023-10-06,ISF.L,buy,77.34953574049986,11.10005357508053,858.5839907271546,0.859443434161316,0.0,Risk 5 (calendar),5,calendar
2023-10-09,2023-10-06,VUAG.L,buy,4.579279200895642,66.06999969482442,302.55297540569086,0.3028558312369278,0.0,Risk 5 (calendar),5,calendar
2023-10-23,2023-10-20,VERX.L,buy,6.971718282265756,37.349507979200155,260.39024761222043,0.26065089851073114,0.0,Risk 5 (calendar),5,calendar
2023-11-20,2023-11-17,VUAG.L,sell,5.395570941050007,68.1200027465823,367.5463073237061,0.3675463073237061,42.60254170156975,Risk 5 (calendar),5,calendar
2023-11-20,2023-11-17,VERX.L,sell,6.193092145011416,40.11057052956343,248.4084592785657,0.24840845927856567,19.34182510787315,Risk 5 (calendar),5,calendar
2023-11-20,2023-11-17,ERNS.L,buy,4.2809972698048755,111.71221366912206,478.2396817213704,0.47871840012149186,0.0,Risk 5 (calendar),5,calendar
2023-12-18,2023-12-15,SLXX.L,sell,1.480558871362353,171.64640893837128,254.13261349119588,0.25413261349119587,18.435323341033495,Risk 5 (calendar),5,calendar
2023-12-18,2023-12-15,ERNS.L,buy,3.77692924959709,112.19285822568285,423.74448782848106,0.42416865648496604,0.0,Risk 5 (calendar),5,calendar
2024-01-18,2024-01-17,VUAG.L,sell,6.634229293496379,70.62500000000024,468.54244385318333,0.46854244385318333,68.98489198346408,Risk 5 (calendar),5,calendar
2024-01-18,2024-01-17,VFEM.L,buy,4.962578999967441,54.26918253619005,269.3151055994965,0.2695846902897863,0.0,Risk 5 (calendar),5,calendar
2024-01-18,2024-01-17,ISF.L,buy,23.449011222607712,11.126896045976702,260.91471025489705,0.26117588614103804,0.0,Risk 5 (calendar),5,calendar
2024-02-01,2024-01-31,VUAG.L,sell,3.838762086182747,71.98000335693385,276.31410784990453,0.2763141078499045,45.1130411263905,Risk 5 (calendar),5,calendar
2024-02-15,2024-02-14,VUAG.L,sell,9.753773346239525,74.96499633789091,731.1915831814639,0.7311915831814639,143.71194340534214,Risk 5 (calendar),5,calendar
2024-02-15,2024-02-14,AGBP.L,buy,70.8228717723118,4.9792040543619605,352.6415302702522,0.3529945247950473,0.0,Risk 5 (calendar),5,calendar
2024-02-15,2024-02-14,ERNS.L,buy,2.961824267631354,113.35501632824283,335.73763821873797,0.33607371193066865,0.0,Risk 5 (calendar),5,calendar
2024-02-15,2024-02-14,SLXX.L,buy,1.805780248154202,170.31655904633698,307.5542782594642,0.3078621403998641,0.0,Risk 5 (calendar),5,calendar
2024-03-14,2024-03-13,VERX.L,sell,5.656078764284403,44.02168234165765,248.99010266072352,0.2489901026607235,39.76409800321508,Risk 5 (calendar),5,calendar
2024-03-14,2024-03-13,ERNS.L,buy,2.3647143167966282,113.84110814774597,269.20169827696816,0.2694711694464146,0.0,Risk 5 (calendar),5,calendar
2024-03-28,2024-03-27,VUAG.L,sell,6.75099613151182,78.40000152587926,529.2781070117317,0.5292781070117316,122.6355880789751,Risk 5 (calendar),5,calendar
2024-03-28,2024-03-27,ERNS.L,buy,2.4837743591725006,114.15958797813322,283.54665747378453,0.28383048796174626,0.0,Risk 5 (calendar),5,calendar
2024-04-15,2024-04-12,AGBP.L,buy,49.30077700852323,4.962871529585245,244.67342260203074,0.24491834094297374,0.0,Risk 5 (calendar),5,calendar
2024-04-29,2024-04-26,ISF.L,sell,23.785234392213837,12.287296092655245,292.25621761033824,0.29225621761033826,53.69054737573484,Risk 5 (calendar),5,calendar
2024-04-29,2024-04-26,ERNS.L,sell,2.24577762815444,114.74624699110579,257.6945544073091,0.25769455440730915,17.11808504623974,Risk 5 (calendar),5,calendar
2024-04-29,2024-04-26,SLXX.L,buy,1.62945339753398,170.3406384704707,277.5621320938159,0.27783997206588174,0.0,Risk 5 (calendar),5,calendar
2024-05-14,2024-05-13,ERNS.L,buy,2.359428907812392,114.98091230140152,271.2892883305682,0.27156084917974793,0.0,Risk 5 (calendar),5,calendar
2024-06-12,2024-06-11,VUAG.L,sell,3.7999638424867563,80.08499908447297,304.32010084658225,0.30432010084658223,75.42497710275404,Risk 5 (calendar),5,calendar
2024-06-26,2024-06-25,VUAG.L,sell,5.032062043463403,81.83499908447297,411.7987927198388,0.4117987927198388,108.67803295345868,Risk 5 (calendar),5,calendar
2024-06-26,2024-06-25,AGBP.L,buy,53.273123453712245,5.043703614514529,268.6938453199672,0.26896280812809525,0.0,Risk 5 (calendar),5,calendar
2024-07-10,2024-07-09,VUAG.L,sell,3.7991359467800776,82.44499969482455,313.21976197288046,0.31321976197288043,84.36554150099767,Risk 5 (calendar),5,calendar
2024-07-10,2024-07-09,ERNS.L,buy,2.4934966646722025,115.88674642468581,288.9632156896674,0.2892524681578252,0.0,Risk 5 (calendar),5,calendar
2024-07-24,2024-07-23,VUAG.L,buy,3.2740015208751427,80.0550003051761,262.10019275280655,0.2623625553081147,0.0,Risk 5 (calendar),5,calendar
2024-08-07,2024-08-06,ERNS.L,sell,4.6644008903284435,116.27720394093353,542.3634935869924,0.5423634935869923,41.799857928808024,Risk 5 (calendar),5,calendar
2024-08-07,2024-08-06,AGBP.L,sell,104.19864905997613,5.153354707336038,536.9725986312839,0.5369725986312839,2.780536899210574,Risk 5 (calendar),5,calendar
2024-08-07,2024-08-06,VUAG.L,buy,11.88080615912379,79.02999877929719,938.9400962526196,0.9398799762288484,0.0,Risk 5 (calendar),5,calendar
2024-08-07,2024-08-06,VERX.L,buy,7.956744924268729,43.45522700710767,345.76215692174935,0.34610826518693627,0.0,Risk 5 (calendar),5,calendar
2024-08-21,2024-08-20,VUAG.L,sell,7.164009838416048,81.34500122070342,582.7563890510847,0.5827563890510847,146.44955472387,Risk 5 (calendar),5,calendar
2024-08-21,2024-08-20,ERNS.L,buy,3.2904669841503167,116.5413436667732,383.47544362403283,0.3838593029269598,0.0,Risk 5 (calendar),5,calendar
2024-08-21,2024-08-20,AGBP.L,buy,38.13669872191098,5.194891588545228,198.11601540533889,0.19831432973507393,0.0,Risk 5 (calendar),5,calendar
2024-10-03,2024-10-02,VUAG.L,sell,24.67234573655172,82.48000335693388,2034.975159174219,2.0349751591742193,532.3371224470186,Risk 5 (calendar),5,calendar
2024-10-03,2024-10-02,SLXX.L,sell,6.026669806909547,176.5366234926206,1063.9279386167352,1.0639279386167353,100.43856416979918,Risk 5 (calendar),5,calendar
2024-10-03,2024-10-02,VERX.L,sell,10.367075468648437,44.336673734934195,459.64164263890575,0.4596416426389058,73.02218919819626,Risk 5 (calendar),5,calendar
2024-10-03,2024-10-02,VFEM.L,sell,5.106414485752801,65.53815643758895,334.6649914024374,0.3346649914024374,32.022992885039685,Risk 5 (calendar),5,calendar
2024-10-03,2024-10-02,ISF.L,sell,24.90089169168324,12.692170306727217,316.0463581402125,0.3160463581402125,66.28057428497195,Risk 5 (calendar),5,calendar
2024-10-03,2024-10-02,SGLN.L,buy,75.71590967960604,39.31000000000002,2976.392409505315,2.9793717812866016,0.0,Risk 5 (calendar),5,calendar
2024-10-03,2024-10-02,AGBP.L,buy,210.14367065979604,5.238111999510243,1100.7560829042063,1.1018579408450515,0.0,Risk 5 (calendar),5,calendar
2024-10-17,2024-10-16,VUAG.L,sell,9.933444720546634,85.48000335693389,849.1108880582435,0.8491108880582434,244.09719068395702,Risk 5 (calendar),5,calendar
2024-10-17,2024-10-16,ERNS.L,buy,3.446220740176454,117.58065949518415,405.20890739592915,0.405614521917847,0.0,Risk 5 (calendar),5,calendar
2024-10-17,2024-10-16,AGBP.L,buy,61.56801597143304,5.2033113785386504,320.3575580582069,0.32067823629450143,0.0,Risk 5 (calendar),5,calendar
2024-11-14,2024-11-13,VUAG.L,sell,16.47184075264502,89.34500122070342,1471.6766321523016,1.4716766321523016,468.3669087039848,Risk 5 (calendar),5,calendar
2024-11-14,2024-11-13,VERX.L,buy,10.683845537536529,43.06070205985844,460.05388954540865,0.460514403949358,0.0,Risk 5 (calendar),5,calendar
2024-11-14,2024-11-13,SLXX.L,buy,1.90156235011122,174.2784845382146,331.40140463230927,0.33173313777007934,0.0,Risk 5 (calendar),5,calendar
2024-11-14,2024-11-13,AGBP.L,buy,61.74697010438239,5.16458109399393,318.8972344125017,0.31921645086336503,0.0,Risk 5 (calendar),5,calendar
2024-11-14,2024-11-13,ISF.L,buy,24.113327283071623,12.419101785350067,299.4658659119253,0.29976563154346875,0.0,Risk 5 (calendar),5,calendar
2024-11-28,2024-11-27,ERNS.L,buy,2.4289934201846517,118.17209346120508,287.03923746671285,0.28732656403074364,0.0,Risk 5 (calendar),5,calendar
2025-01-14,2025-01-13,AGBP.L,buy,3.397407200050033,5.12669284197891,17.417463173784114,0.01743489807185597,0.0,Risk 5 (calendar),5,calendar
2025-01-28,2025-01-27,VERX.L,sell,8.558368101046876,45.73184476794979,391.3899614640489,0.39138996146404886,69.12146661227109,Risk 5 (calendar),5,calendar
2025-02-11,2025-02-10,ISF.L,sell,25.89209856442074,13.558518881589148,351.0585072696658,0.3510585072696658,88.20023447435693,Risk 5 (calendar),5,calendar
2025-02-11,2025-02-10,SGLN.L,sell,6.282288659979669,45.459999999999994,285.5928424826757,0.2855928424826757,38.103278445197105,Risk 5 (calendar),5,calendar
2025-02-11,2025-02-10,ERNS.L,buy,4.213605438142897,119.58179173961467,503.8704879769118,0.5043748628397516,0.0,Risk 5 (calendar),5,calendar
2025-02-11,2025-02-10,AGBP.L,buy,78.13851803294271,5.210412614831921,407.13392006311625,0.40754146152464094,0.0,Risk 5 (calendar),5,calendar
2025-02-25,2025-02-24,VUAG.L,buy,1.2903360768452656,89.11000061035189,114.98184859524068,0.11509694554078147,0.0,Risk 5 (calendar),5,calendar
2025-03-11,2025-03-10,ERNS.L,sell,8.683274770864893,119.91780687597434,1041.2792670235965,1.0412792670235966,103.77091861452959,Risk 5 (calendar),5,calendar
2025-03-11,2025-03-10,AGBP.L,sell,116.4068588089948,5.207846670356838,606.2290720551221,0.606229072055122,7.879932932909924,Risk 5 (calendar),5,calendar
2025-03-11,2025-03-10,VERX.L,sell,9.091759865082524,46.84041576323295,425.86181209994015,0.4258618120999401,83.49817556502285,Risk 5 (calendar),5,calendar
2025-03-11,2025-03-10,VUAG.L,buy,25.21293398246402,82.06999969482452,2069.2254842464527,2.07129678102748,0.0,Risk 5 (calendar),5,calendar
2025-03-25,2025-03-24,VUAG.L,sell,3.1191192197490683,84.8399963378909,264.62606318095607,0.26462606318095605,70.22978388489088,Risk 5 (calendar),5,calendar
2025-04-08,2025-04-07,ERNS.L,sell,10.813687906077627,120.34225367624927,1301.3435731689826,1.3013435731689826,133.816020332069,Risk 5 (calendar),5,calendar
2025-04-08,2025-04-07,AGBP.L,sell,180.01348634534082,5.236354808285268,942.6144847806198,0.9426144847806197,17.312375698568985,Risk 5 (calendar),5,calendar
2025-04-08,2025-04-07,SLXX.L,sell,2.396151608907263,174.40579813603716,417.90273380642077,0.41790273380642073,33.60126954804372,Risk 5 (calendar),5,calendar
2025-04-08,2025-04-07,SGLN.L,sell,5.496485914705033,45.749999999999964,251.4642305977551,0.2514642305977551,34.92962191565087,Risk 5 (calendar),5,calendar
2025-04-08,2025-04-07,VUAG.L,buy,29.871327905413803,77.30999755859398,2309.352287439501,2.311663951390892,0.0,Risk 5 (calendar),5,calendar
2025-04-08,2025-04-07,VERX.L,buy,11.807376350780812,43.03021607524909,508.07395565588445,0.5085825381940785,0.0,Risk 5 (calendar),5,calendar
2025-04-24,2025-04-23,VERX.L,sell,9.614496460246418,46.021553672092594,442.4740648753748,0.44247406487537483,76.73002387492875,Risk 5 (calendar),5,calendar
2025-04-24,2025-04-23,VUAG.L,sell,3.381587291231237,78.0999984741213,264.10196228526763,0.26410196228526767,49.82716647595882,Risk 5 (calendar),5,calendar
2025-04-24,2025-04-23,ERNS.L,buy,4.945852494734869,120.65469243267596,596.7403115696187,0.5973376492188376,0.0,Risk 5 (calendar),5,calendar
2025-04-24,2025-04-23,AGBP.L,buy,87.06931250506034,5.276265875136564,459.40084234205113,0.45986070304509624,0.0,Risk 5 (calendar),5,calendar
2025-05-09,2025-05-08,VUAG.L,sell,11.614418050011711,81.30000305175807,944.2522229103461,0.944252222910346,208.26568094444667,Risk 5 (calendar),5,calendar
2025-05-09,2025-05-08,ERNS.L,buy,4.510788726500652,120.84923129906741,545.125350150103,0.5456710211712743,0.0,Risk 5 (calendar),5,calendar
2025-05-09,2025-05-08,AGBP.L,buy,68.7496916494038,5.265718261038724,362.01650675904705,0.3623788856446918,0.0,Risk 5 (calendar),5,calendar
2025-05-23,2025-05-22,VUAG.L,sell,5.105463201634836,82.00000000000026,418.64798253405786,0.4186479825340579,95.11961473870389,Risk 5 (calendar),5,calendar
2025-05-23,2025-05-22,SLXX.L,buy,1.4423960902384816,177.29861319823038,255.73482648183236,0.2559908172991315,0.0,Risk 5 (calendar),5,calendar
2025-05-23,2025-05-22,AGBP.L,buy,38.27627449645017,5.238065437935326,200.49363053278103,0.20069432485763866,0.0,Risk 5 (calendar),5,calendar
2025-06-09,2025-06-06,ISF.L,sell,20.27728961487859,13.937724949337534,282.6192853702362,0.2826192853702362,76.75522984593545,Risk 5 (calendar),5,calendar
2025-06-09,2025-06-06,ERNS.L,buy,2.3264455902686936,121.23830903185024,282.0543294187811,0.28233666608486596,0.0,Risk 5 (calendar),5,calendar
2025-06-23,2025-06-20,VUAG.L,sell,3.529075010815895,84.80000305175811,299.2655716870712,0.29926557168707124,75.62154915424964,Risk 5 (calendar),5,calendar
2025-07-07,2025-07-04,VUAG.L,sell,6.868088663884616,87.50000000000028,600.9577580899058,0.6009577580899058,165.6957096149613,Risk 5 (calendar),5,calendar
2025-07-07,2025-07-04,ERNS.L,buy,3.041963380188169,121.84075559972963,370.63511674883415,0.37100612287170587,0.0,Risk 5 (calendar),5,calendar
2025-07-21,2025-07-18,VUAG.L,sell,5.38869224836942,89.69499969482453,483.33874957299844,0.4833387495729984,141.82095934199623,Risk 5 (calendar),5,calendar
2025-07-21,2025-07-18,AGBP.L,buy,81.99276591717162,5.321627568695676,436.33496353843174,0.43677173527370544,0.0,Risk 5 (calendar),5,calendar
2025-07-21,2025-07-18,SLXX.L,buy,1.6013436719752667,180.73796823409776,289.42360171733924,0.28971331503237163,0.0,Risk 5 (calendar),5,calendar
2025-08-18,2025-08-15,ERNS.L,buy,2.3230492677329178,122.42644213323152,284.4026567487499,0.28468734409284274,0.0,Risk 5 (calendar),5,calendar
2025-09-02,2025-09-01,VUAG.L,sell,3.414309160464423,91.22000122070347,311.4532857854237,0.3114532857854237,95.06026798287786,Risk 5 (calendar),5,calendar
2025-09-16,2025-09-15,ERNS.L,buy,2.530431488695243,122.83703078142263,310.83069066713864,0.3111418324996383,0.0,Risk 5 (calendar),5,calendar
2025-09-30,2025-09-29,SLXX.L,sell,13.775513273896946,182.7525240872005,2517.509821401402,2.517509821401402,293.5607313610326,Risk 5 (calendar),5,calendar
2025-09-30,2025-09-29,VUAG.L,sell,23.293008282754887,94.80000305175818,2208.177256289792,2.2081772562897917,731.8232312231335,Risk 5 (calendar),5,calendar
2025-09-30,2025-09-29,VERX.L,sell,8.140725426641039,51.175244894039,416.60361732348525,0.4166036173234853,106.88118925240826,Risk 5 (calendar),5,calendar
2025-09-30,2025-09-29,AGBP.L,buy,524.4857284126311,5.3881911902015736,2826.0293812193945,2.8288582394588535,0.0,Risk 5 (calendar),5,calendar
2025-09-30,2025-09-29,SGLN.L,buy,35.354872910373075,55.45,1960.427702880187,1.9623900929731604,0.0,Risk 5 (calendar),5,calendar
2025-09-30,2025-09-29,ERNS.L,buy,2.8081415570265187,123.0543990744053,345.5541718157631,0.3459000718876507,0.0,Risk 5 (calendar),5,calendar
2025-10-14,2025-10-13,ISF.L,sell,20.786628700573363,15.007913365347385,311.9639226958485,0.3119639226958485,100.90658481086277,Risk 5 (calendar),5,calendar
2025-10-14,2025-10-13,AGBP.L,buy,57.40487213240677,5.418868659105013,311.0694624782298,0.31138084332155136,0.0,Risk 5 (calendar),5,calendar
2025-10-29,2025-10-28,VUAG.L,sell,6.78967504706962,100.09999847412155,679.6464618514501,0.6796464618514502,249.2682913896072,Risk 5 (calendar),5,calendar
2025-10-29,2025-10-28,ERNS.L,buy,3.7323185150140055,123.64612028903737,461.48670406442307,0.46194865271714014,0.0,Risk 5 (calendar),5,calendar
2025-10-29,2025-10-28,AGBP.L,buy,39.045574567116724,5.441442197806538,212.46423708711066,0.2126769140011118,0.0,Risk 5 (calendar),5,calendar
2025-11-26,2025-11-25,VUAG.L,buy,0.04655234999547015,98.98000335693406,4.607751758824805,0.0046123641229477525,0.0,Risk 5 (calendar),5,calendar
2025-12-24,2025-12-23,SGLN.L,sell,8.33752413743673,64.52999999999999,538.0204325887921,0.5380204325887921,161.44284320861595,Risk 5 (calendar),5,calendar
2025-12-24,2025-12-23,VUAG.L,buy,5.440234976971034,98.23999786377,534.4486725160413,0.5349836561722136,0.0,Risk 5 (calendar),5,calendar
2026-01-12,2026-01-09,VERX.L,sell,6.9114104028008105,55.9422360683085,386.6397523184461,0.38663975231844605,123.65495567698042,Risk 5 (calendar),5,calendar
2026-01-12,2026-01-09,ERNS.L,buy,1.5625775958204675,124.56570799452969,194.6435845197666,0.1948384229427093,0.0,Risk 5 (calendar),5,calendar
2026-01-12,2026-01-09,AGBP.L,buy,35.50350866458998,5.4339173169052,192.9231305434093,0.19311624679019948,0.0,Risk 5 (calendar),5,calendar
2026-01-26,2026-01-23,SGLN.L,sell,8.153023381265804,71.90999999999994,586.2839113468235,0.5862839113468236,217.97942388094344,Risk 5 (calendar),5,calendar
2026-01-26,2026-01-23,ISF.L,sell,18.884148047354003,16.224084801525418,306.378019324832,0.306378019324832,114.61458015690968,Risk 5 (calendar),5,calendar
2026-01-26,2026-01-23,VUAG.L,buy,5.425448620922135,97.52999877929736,529.1439973756763,0.529673671046723,0.0,Risk 5 (calendar),5,calendar
2026-02-23,2026-02-20,ERNS.L,buy,1.5769007326651507,125.17069294036688,197.38175740586914,0.19757933674261177,0.0,Risk 5 (calendar),5,calendar
2026-02-23,2026-02-20,VUAG.L,buy,1.6940009224316792,97.48999786377,165.14814630908882,0.1653134597688577,0.0,Risk 5 (calendar),5,calendar
2026-03-23,2026-03-20,ERNS.L,sell,6.24866570840881,125.36642426878265,783.3728763141721,0.7833728763141721,97.43547928385226,Risk 5 (calendar),5,calendar
2026-03-23,2026-03-20,VERX.L,buy,7.354233671175061,52.18658990492041,383.79237666257023,0.38417655321578603,0.0,Risk 5 (calendar),5,calendar
2026-04-08,2026-04-07,VUAG.L,buy,3.927580838576233,96.91999816894578,380.66112768319505,0.3810421698530481,0.0,Risk 5 (calendar),5,calendar
2026-04-22,2026-04-21,VUAG.L,sell,12.064258496886085,101.63999938964892,1226.2112262600685,1.2262112262600686,443.35353226139273,Risk 5 (calendar),5,calendar
2026-04-22,2026-04-21,VERX.L,sell,7.002558948289201,56.102457094122336,392.8607629454573,0.3928607629454573,121.52106626449614,Risk 5 (calendar),5,calendar
2026-04-22,2026-04-21,ERNS.L,buy,5.893685130288735,125.8030218528632,741.4433992396087,0.7421855848244331,0.0,Risk 5 (calendar),5,calendar
2026-04-22,2026-04-21,AGBP.L,buy,67.30930089038287,5.457640751499717,367.34998349430975,0.36771770119550523,0.0,Risk 5 (calendar),5,calendar
2026-04-22,2026-04-21,SGLN.L,buy,4.001565415684137,67.95999999999994,271.9463856498937,0.2722186042541479,0.0,Risk 5 (calendar),5,calendar
2026-04-22,2026-04-21,SLXX.L,buy,1.3446958253308368,185.74391860713257,249.7690719316019,0.25001909102262454,0.0,Risk 5 (calendar),5,calendar
2026-05-07,2026-05-06,VUAG.L,sell,6.740944293155123,104.44000244140676,704.024238434508,0.704024238434508,266.5810408349373,Risk 5 (calendar),5,calendar
2026-05-07,2026-05-06,ERNS.L,buy,3.2162162854626763,126.11487862965116,405.6127264878329,0.40601874523306597,0.0,Risk 5 (calendar),5,calendar
2026-05-07,2026-05-06,AGBP.L,buy,54.54246145020378,5.44764064624028,297.12772994212366,0.2974251550972209,0.0,Risk 5 (calendar),5,calendar
2026-05-21,2026-05-20,VUAG.L,sell,5.921255054961408,106.51999664306695,630.7320685772324,0.6307320685772324,246.46902544057377,Risk 5 (calendar),5,calendar
2026-05-21,2026-05-20,SGLN.L,buy,6.105920709859148,65.27999999999992,398.59450393960464,0.3989934974370417,0.0,Risk 5 (calendar),5,calendar
2026-06-05,2026-06-04,VUAG.L,sell,4.4602589287745005,108.08000183105524,482.0647931889285,0.48206479318892853,192.6069242925064,Risk 5 (calendar),5,calendar
2026-06-05,2026-06-04,ERNS.L,buy,2.8176204230706037,126.6013744400714,356.7146182111539,0.3570716899010549,0.0,Risk 5 (calendar),5,calendar
2026-06-05,2026-06-04,AGBP.L,buy,63.02206189098676,5.438229013460205,342.7284054636489,0.3430714769405895,0.0,Risk 5 (calendar),5,calendar
2026-06-19,2026-06-18,VFEM.L,sell,3.655718469490572,85.8305744838179,313.7724163874793,0.3137724163874793,97.0346725686797,Risk 5 (calendar),5,calendar
2026-06-19,2026-06-18,SGLN.L,buy,5.387992607952554,60.91999999999991,328.2365096764691,0.3285650747512203,0.0,Risk 5 (calendar),5,calendar
2026-07-31,2026-07-30,ISF.L,sell,21.72417551940525,17.68888407531567,384.27642239457003,0.38427642239457005,163.64144732313483,Risk 5 (calendar),5,calendar
2026-07-31,2026-07-30,ERNS.L,sell,2.9358981098304464,127.28091846392579,373.6838079357229,0.37368380793572287,49.002764161186235,Risk 5 (calendar),5,calendar
2026-07-31,2026-07-30,VERX.L,sell,5.510886679952243,59.50956529399229,327.9504707084104,0.32795047070841044,114.39228254001114,Risk 5 (calendar),5,calendar
2026-07-31,2026-07-30,VUAG.L,buy,6.2432567535684,106.6600036621099,665.905788199098,0.6665723605596576,0.0,Risk 5 (calendar),5,calendar
2026-08-14,2026-08-13,VUAG.L,sell,9.776914643955694,110.98000335693412,1085.0420200066612,1.0850420200066613,443.3239399063642,Risk 5 (calendar),5,calendar
2026-08-14,2026-08-13,ERNS.L,buy,4.483710904223091,127.5329310837049,571.8207937475397,0.5723931869344742,0.0,Risk 5 (calendar),5,calendar
2026-08-28,2026-08-27,VUAG.L,buy,4.110412875913711,110.6600036621099,454.8583039013949,0.4553136175189138,0.0,Risk 5 (calendar),5,calendar
2026-09-14,2026-09-11,ERNS.L,sell,3.0292437694957126,127.86055518035002,387.32079014433805,0.387320790144338,51.35720204632827,Risk 5 (calendar),5,calendar
2026-09-14,2026-09-11,AGBP.L,buy,65.45758475971755,5.388285275357701,352.70414012126474,0.35305719731858337,0.0,Risk 5 (calendar),5,calendar
2021-09-28,2021-09-27,VUSA.L,buy,673.404204316057,69.30389423006338,46669.53375,46.71625,0.0,Risk 7 (bands),7,bands
2021-09-28,2021-09-27,INXG.L,buy,802.9016094320054,23.46451697403835,18839.698443,18.858557,0.0,Risk 7 (bands),7,bands
2021-09-28,2021-09-27,IGLT.L,buy,708.3710260592998,15.712530789010913,11130.301556999999,11.141442999999999,0.0,Risk 7 (bands),7,bands
2021-09-28,2021-09-27,VERX.L,buy,268.18047996737556,37.320808249047694,10008.712269,10.018730999999999,0.0,Risk 7 (bands),7,bands
2021-09-28,2021-09-27,ISF.L,buy,700.8612079667801,9.664562150115543,6773.516703,6.780297,0.0,Risk 7 (bands),7,bands
2021-09-28,2021-09-27,VFEM.L,buy,71.43779654820155,59.959986309345865,4283.409303,4.2876970000000005,0.0,Risk 7 (bands),7,bands
2021-09-28,2021-09-27,SGLN.L,buy,87.61788323353277,25.05000000000005,2194.827975,2.197025,0.0,Risk 7 (bands),7,bands
2022-04-01,2022-03-31,VUSA.L,sell,34.20433634511636,74.77804812997279,2557.7335094688888,2.557733509468889,182.30920111311661,Risk 7 (bands),7,bands
2022-04-01,2022-03-31,ISF.L,sell,35.36158597415689,10.569739729343347,373.76276016363653,0.3737627601636365,31.29265568786394,Risk 7 (bands),7,bands
2022-04-01,2022-03-31,INXG.L,buy,50.65833427284228,22.87847157233078,1158.9852605628523,1.1601454059688212,0.0,Risk 7 (bands),7,bands
2022-04-01,2022-03-31,IGLT.L,buy,62.748429639418205,14.872633913107922,933.2344226494776,0.9341685912407182,0.0,Risk 7 (bands),7,bands
2022-04-01,2022-03-31,VERX.L,buy,15.17924475539017,36.390953238054,552.3871860823801,0.5529401262085887,0.0,Risk 7 (bands),7,bands
2022-04-01,2022-03-31,VFEM.L,buy,4.805772733597133,58.477450947720534,281.0293392948192,0.28131064994476396,0.0,Risk 7 (bands),7,bands
2022-08-26,2022-08-25,VUSA.L,sell,34.9370497594347,75.94776353592346,2653.390793772338,2.653390793772338,227.0401044417049,Risk 7 (bands),7,bands
2022-08-26,2022-08-25,ISF.L,sell,35.57540094401747,10.59406394597779,376.8880725047197,0.3768880725047197,32.34634615520201,Risk 7 (bands),7,bands
2022-08-26,2022-08-25,SGLN.L,sell,12.435678720200043,28.745000000000033,357.46358481215066,0.3574635848121507,45.280543708808295,Risk 7 (bands),7,bands
2022-08-26,2022-08-25,VFEM.L,sell,4.2088372475670806,59.0633991401315,248.58823426890694,0.24858823426890694,-3.8810955000477634,Risk 7 (bands),7,bands
2022-08-26,2022-08-25,INXG.L,buy,144.8980202456383,18.876303410669216,2735.1389937619592,2.7378768706325918,0.0,Risk 7 (bands),7,bands
2022-08-26,2022-08-25,IGLT.L,buy,61.448374034280576,13.281360142583084,816.1179857254314,0.8169349206460774,0.0,Risk 7 (bands),7,bands
2022-09-27,2022-09-26,VUSA.L,sell,31.340541119345268,74.23952739262555,2326.7069609293403,2.3267069609293403,150.18451137776356,Risk 7 (bands),7,bands
2022-09-27,2022-09-26,VERX.L,sell,11.676293692702213,33.04031615755456,385.7884351553413,0.3857884351553413,-50.22008340859645,Risk 7 (bands),7,bands
2022-09-27,2022-09-26,VFEM.L,sell,4.683141125996987,57.83806956475161,270.86384222696296,0.27086384222696297,-10.051118317584326,Risk 7 (bands),7,bands
2022-09-27,2022-09-26,SGLN.L,sell,8.55421444885199,29.58000000000003,253.03366339704212,0.25303366339704214,38.283060220389046,Risk 7 (bands),7,bands
2022-09-27,2022-09-26,INXG.L,buy,222.35220897663157,12.650582726072267,2812.8850139837864,2.815700714698485,0.0,Risk 7 (bands),7,bands
2022-09-27,2022-09-26,IGLT.L,buy,44.630102850757005,11.02935324158252,492.24116954915803,0.4927339034526107,0.0,Risk 7 (bands),7,bands
2022-10-11,2022-10-10,VUSA.L,sell,572.9222770921607,70.62748669981646,40464.06050535514,40.464060505355135,678.1060608235857,Risk 7 (bands),7,bands
2022-10-11,2022-10-10,INXG.L,sell,1220.8101729271175,13.019278730151276,15894.067917942322,15.894067917942323,-9694.106141275517,Risk 7 (bands),7,bands
2022-10-11,2022-10-10,IGLT.L,sell,877.1979325837556,11.231197834623998,9851.983520971324,9.851983520971324,-3543.1488778890525,Risk 7 (bands),7,bands
2022-10-11,2022-10-10,VFEM.L,sell,26.60848331946625,54.64149058181155,1453.9271906969047,1.4539271906969047,-142.07910314292144,Risk 7 (bands),7,bands
2022-10-11,2022-10-10,VERX.L,sell,10.48628457623824,32.285020051806846,338.54990781280446,0.3385499078128045,-53.014148769555675,Risk 7 (bands),7,bands
2022-10-11,2022-10-10,VUAG.L,buy,646.1421021823808,60.005001068115284,38771.75753160801,38.81056809970772,0.0,Risk 7 (bands),7,bands
2022-10-11,2022-10-10,AGBP.L,buy,2762.303220264016,4.7011360405519875,12985.96322371598,12.998962185901883,0.0,Risk 7 (bands),7,bands
2022-10-11,2022-10-10,ERNS.L,buy,122.16463025634845,106.2988787873088,12985.96322371598,12.998962185901883,0.0,Risk 7 (bands),7,bands
2022-10-11,2022-10-10,SGLN.L,buy,81.31165300490385,29.35000000000004,2386.497015693931,2.388885901595527,0.0,Risk 7 (bands),7,bands
2022-10-11,2022-10-10,VJPN.L,buy,27.000031729405627,27.373031615332184,739.0727221439923,0.739812534678671,0.0,Risk 7 (bands),7,bands
2023-10-09,2023-10-06,AGBP.L,sell,297.29100957447486,4.744699481262776,1410.5564989120978,1.4105564989120978,10.14145828640926,Risk 7 (bands),7,bands
2023-10-09,2023-10-06,VERX.L,sell,23.069852253793634,37.97018759193687,875.9666177948119,0.8759666177948118,14.393559535136774,Risk 7 (bands),7,bands
2023-10-09,2023-10-06,VJPN.L,sell,27.000031729405627,30.16126930596939,814.3552282603216,0.8143552282603216,73.72833835339031,Risk 7 (bands),7,bands
2023-10-09,2023-10-06,VUAG.L,sell,8.141761909728043,66.06999969482442,537.9262068910649,0.5379262068910649,48.35281312704518,Risk 7 (bands),7,bands
2023-10-09,2023-10-06,SLXX.L,buy,14.648753672633097,158.8641417296061,2327.161679611272,2.3294911707820543,0.0,Risk 7 (bands),7,bands
2023-10-09,2023-10-06,ERNS.L,buy,3.77318371072723,111.00968499571977,418.8599351588108,0.419279214373184,0.0,Risk 7 (bands),7,bands
2023-10-09,2023-10-06,SGLN.L,buy,11.95397996381271,29.520000000000017,352.8814885317514,0.35323472325500643,0.0,Risk 7 (bands),7,bands
2023-10-09,2023-10-06,ISF.L,buy,30.28738167253751,11.10005357508053,336.1915592140785,0.33652808730137984,0.0,Risk 7 (bands),7,bands
2024-04-15,2024-04-12,VUAG.L,sell,30.493364265047415,77.7300033569339,2370.249306686344,2.370249306686344,536.2931161438235,Risk 7 (bands),7,bands
2024-04-15,2024-04-12,SGLN.L,sell,18.091431553887478,36.70000000000004,663.9555380276712,0.6639555380276712,163.99539854903236,Risk 7 (bands),7,bands
2024-04-15,2024-04-12,ERNS.L,buy,13.003680045294887,114.38307631397672,1487.4009269835012,1.4888898168003015,0.0,Risk 7 (bands),7,bands
2024-04-15,2024-04-12,AGBP.L,buy,192.8723417271526,4.962871529585245,957.2006536021219,0.9581588124145365,0.0,Risk 7 (bands),7,bands
2024-04-15,2024-04-12,ISF.L,buy,31.869777230524527,11.99466807895185,382.26739963027904,0.382650049679959,0.0,Risk 7 (bands),7,bands
2024-04-15,2024-04-12,VFEM.L,buy,5.997467040256161,58.89935723155086,353.2469536884997,0.3536005542427424,0.0,Risk 7 (bands),7,bands
2024-10-03,2024-10-02,SLXX.L,sell,14.648753672633097,176.5366234926206,2586.0415117417724,2.5860415117417723,253.96429944797637,Risk 7 (bands),7,bands
2024-10-03,2024-10-02,AGBP.L,buy,500.1576603289863,5.238111999510243,2619.8818422162317,2.6225043465627946,0.0,Risk 7 (bands),7,bands
2025-09-30,2025-09-29,SGLN.L,sell,28.385046347754873,55.45,1573.9508199830077,1.5739508199830077,788.9924653253969,Risk 7 (bands),7,bands
2025-09-30,2025-09-29,VUAG.L,sell,16.031313606033365,94.80000305175818,1519.7685787756554,1.5197685787756554,555.3268982315913,Risk 7 (bands),7,bands
2025-09-30,2025-09-29,ISF.L,sell,22.703305571546014,14.825129653574754,336.57944866289574,0.33657944866289574,112.7395603972272,Risk 7 (bands),7,bands
2025-09-30,2025-09-29,AGBP.L,buy,325.6473530541905,5.3881911902015736,1754.6501988390507,1.7564066054444953,0.0,Risk 7 (bands),7,bands
2025-09-30,2025-09-29,ERNS.L,buy,13.6003567116827,123.0543990744053,1673.5837223536696,1.6752589813350045,0.0,Risk 7 (bands),7,bands
2026-03-09,2026-03-06,SGLN.L,sell,24.36742006664544,73.92999999999995,1801.483365527096,1.8014833655270963,1127.1778950937467,Risk 7 (bands),7,bands
2026-03-09,2026-03-06,ISF.L,sell,37.80583276373205,16.460406087189334,622.299359755397,0.622299359755397,249.4965121204823,Risk 7 (bands),7,bands
2026-03-09,2026-03-06,VUAG.L,buy,10.164110785091951,96.50000000000048,980.8366907613782,0.9818185092706488,0.0,Risk 7 (bands),7,bands
2026-03-09,2026-03-06,AGBP.L,buy,138.681459968321,5.45528798355076,756.5473021064573,0.7573046067131705,0.0,Risk 7 (bands),7,bands
2026-03-09,2026-03-06,ERNS.L,buy,5.441120958858858,125.38059375076924,682.2109764914784,0.6828938703618401,0.0,Risk 7 (bands),7,bands
2026-07-17,2026-07-16,VUAG.L,sell,27.68725464866506,107.31999969482476,2971.3961604452697,2.97139616044527,1288.300400672417,Risk 7 (bands),7,bands
2026-07-17,2026-07-16,VERX.L,sell,7.753709926824792,58.6224962067867,454.5418307738107,0.4545418307738108,164.80951160679666,Risk 7 (bands),7,bands
2026-07-17,2026-07-16,SGLN.L,buy,29.20779670104489,57.82999999999993,1689.086883221424,1.6907776608823064,0.0,Risk 7 (bands),7,bands
2026-07-17,2026-07-16,AGBP.L,buy,187.41336162830729,5.45406206928899,1022.1641069348915,1.0231872942291207,0.0,Risk 7 (bands),7,bands
2026-07-17,2026-07-16,ERNS.L,buy,5.57281654432466,127.01630232905814,707.838551018318,0.7085470981164345,0.0,Risk 7 (bands),7,bands
2021-09-28,2021-09-27,VUSA.L,buy,673.404204316057,69.30389423006338,46669.53375,46.71625,0.0,Risk 7 (calendar),7,calendar
2021-09-28,2021-09-27,INXG.L,buy,802.9016094320054,23.46451697403835,18839.698443,18.858557,0.0,Risk 7 (calendar),7,calendar
2021-09-28,2021-09-27,IGLT.L,buy,708.3710260592998,15.712530789010913,11130.301556999999,11.141442999999999,0.0,Risk 7 (calendar),7,calendar
2021-09-28,2021-09-27,VERX.L,buy,268.18047996737556,37.320808249047694,10008.712269,10.018730999999999,0.0,Risk 7 (calendar),7,calendar
2021-09-28,2021-09-27,ISF.L,buy,700.8612079667801,9.664562150115543,6773.516703,6.780297,0.0,Risk 7 (calendar),7,calendar
2021-09-28,2021-09-27,VFEM.L,buy,71.43779654820155,59.959986309345865,4283.409303,4.2876970000000005,0.0,Risk 7 (calendar),7,calendar
2021-09-28,2021-09-27,SGLN.L,buy,87.61788323353277,25.05000000000005,2194.827975,2.197025,0.0,Risk 7 (calendar),7,calendar
2021-10-12,2021-10-11,VUSA.L,sell,5.299767070734783,69.00299327623128,365.69979154750416,0.36569979154750415,-2.3280669168923964,Risk 7 (calendar),7,calendar
2021-10-12,2021-10-11,INXG.L,buy,14.031678847309662,23.416152476239205,328.5679313862234,0.32889682821443783,0.0,Risk 7 (calendar),7,calendar
2021-10-26,2021-10-25,INXG.L,sell,20.86952260753772,24.181424122427572,504.6547774054602,0.5046547774054602,13.984025598970788,Risk 7 (calendar),7,calendar
2021-10-26,2021-10-25,IGLT.L,buy,23.37705151643867,15.655352510301661,365.9759821413294,0.3663423244657952,0.0,Risk 7 (calendar),7,calendar
2021-11-09,2021-11-08,VUSA.L,sell,3.755151903878436,74.4845165383871,279.70067408858915,0.2797006740885891,18.913815892766593,Risk 7 (calendar),7,calendar
2021-11-23,2021-11-22,VUSA.L,sell,9.407792317615444,75.24811746472808,707.9186613996934,0.7079186613996934,54.561449726858655,Risk 7 (calendar),7,calendar
2021-11-23,2021-11-22,INXG.L,buy,18.103450394789345,24.724795988649415,447.6041177018013,0.44805216987167296,0.0,Risk 7 (calendar),7,calendar
2021-12-07,2021-12-06,INXG.L,sell,33.21373623328002,25.706276452490883,853.8014856328093,0.8538014856328092,71.91860680072523,Risk 7 (calendar),7,calendar
2021-12-07,2021-12-06,VUSA.L,buy,11.316866157240847,76.44321420524022,865.0976237899959,0.8659635873773732,0.0,Risk 7 (calendar),7,calendar
2021-12-07,2021-12-06,VERX.L,buy,10.095700617455316,39.213588828282504,395.8886529463305,0.39628493788421476,0.0,Risk 7 (calendar),7,calendar
2021-12-07,2021-12-06,VFEM.L,buy,4.471392630238167,61.243311748311314,273.8428928027778,0.27411700981259035,0.0,Risk 7 (calendar),7,calendar
2021-12-21,2021-12-20,VUSA.L,sell,4.115849933983718,75.0048895888349,308.70886986266214,0.30870886986266216,22.370588773249324,Risk 7 (calendar),7,calendar
2021-12-21,2021-12-20,INXG.L,buy,13.664177635959154,24.409014864707476,333.52911503013047,0.33386297800813863,0.0,Risk 7 (calendar),7,calendar
2022-01-07,2022-01-06,VUSA.L,sell,9.941264848505458,74.41002031477605,739.7297193318602,0.7397297193318602,48.12521622487054,Risk 7 (calendar),7,calendar
2022-01-07,2022-01-06,VERX.L,sell,8.742837590062921,38.7780641187143,339.03031664696556,0.33903031664696553,11.47394185091781,Risk 7 (calendar),7,calendar
2022-01-07,2022-01-06,INXG.L,buy,42.06735480867523,23.41899795739591,985.1752963374144,0.9861614577952096,0.0,Risk 7 (calendar),7,calendar
2022-01-21,2022-01-20,ISF.L,sell,34.74886764783541,10.3676712140794,360.2648348343181,0.3602648348343181,23.735810211050705,Risk 7 (calendar),7,calendar
2022-01-21,2022-01-20,VUSA.L,buy,6.372210603231654,71.39013259084399,454.91295986148975,0.4553683281896794,0.0,Risk 7 (calendar),7,calendar
2022-02-04,2022-02-03,INXG.L,sell,12.490520228639802,23.020715243639174,287.54070942843174,0.28754070942843174,-6.606030547514308,Risk 7 (calendar),7,calendar
2022-02-04,2022-02-03,VUSA.L,buy,3.6013030226082687,71.40151575772218,257.13849451709683,0.2573958904075043,0.0,Risk 7 (calendar),7,calendar
2022-02-18,2022-02-17,VFEM.L,sell,4.926091254396976,59.89255569740237,295.0361948244576,0.2950361948244576,-1.2956234929986863,Risk 7 (calendar),7,calendar
2022-02-18,2022-02-17,VUSA.L,buy,4.678058089582029,69.31804443094548,324.273838504191,0.32459843694113216,0.0,Risk 7 (calendar),7,calendar
2022-03-04,2022-03-03,INXG.L,sell,28.108858100819962,24.232631930917243,681.1516123555516,0.6811516123555517,19.165216237569325,Risk 7 (calendar),7,calendar
2022-03-04,2022-03-03,VUSA.L,sell,4.165933048975978,70.29716181884734,292.8532696703484,0.2928532696703484,2.930660303203865,Risk 7 (calendar),7,calendar
2022-03-04,2022-03-03,SGLN.L,sell,9.39575014316202,28.95500000000004,272.0539453952567,0.2720539453952567,36.182751223425896,Risk 7 (calendar),7,calendar
2022-03-04,2022-03-03,VERX.L,buy,27.833371096721876,32.55725807212934,906.1782458133199,0.9070853311444643,0.0,Risk 7 (calendar),7,calendar
2022-03-18,2022-03-17,VUSA.L,sell,8.792723927052606,72.73093858595969,639.5030639417614,0.6395030639417614,27.56365363359339,Risk 7 (calendar),7,calendar
2022-03-18,2022-03-17,VERX.L,sell,16.642781151772304,36.03946812632064,599.7969808526279,0.5997969808526279,-16.155639003734905,Risk 7 (calendar),7,calendar
2022-03-18,2022-03-17,INXG.L,buy,40.955235683952715,22.665674727506282,928.2780504008305,0.9292072576584889,0.0,Risk 7 (calendar),7,calendar
2022-03-18,2022-03-17,IGLT.L,buy,22.67087477905008,14.94151575647707,338.7372327242954,0.3390763090333287,0.0,Risk 7 (calendar),7,calendar
2022-03-18,2022-03-17,VFEM.L,buy,5.227604876532952,57.34486292973852,299.7762850956148,0.3000763614570719,0.0,Risk 7 (calendar),7,calendar
2022-04-01,2022-03-31,VUSA.L,sell,14.166212669577552,74.77804812997279,1059.3217328251005,1.0593217328251006,73.37939159122084,Risk 7 (calendar),7,calendar
2022-04-01,2022-03-31,INXG.L,buy,22.4023212292085,22.87847157233078,512.530869396669,0.513043913309979,0.0,Risk 7 (calendar),7,calendar
2022-04-01,2022-03-31,IGLT.L,buy,23.603093107122362,14.872633913107922,351.0401629992319,0.3513915545537857,0.0,Risk 7 (calendar),7,calendar
2022-04-19,2022-04-14,ISF.L,sell,27.78995371883548,10.670919307060682,296.54435368064435,0.2965443536806443,27.40122788099768,Risk 7 (calendar),7,calendar
2022-04-19,2022-04-14,INXG.L,buy,23.59054640064203,21.06799457537446,497.00550359884573,0.49750300660545116,0.0,Risk 7 (calendar),7,calendar
2022-05-18,2022-05-17,INXG.L,sell,20.301004315309353,21.033855312892623,427.0083874746257,0.42700838747462566,-48.59858038192243,Risk 7 (calendar),7,calendar
2022-05-18,2022-05-17,VUSA.L,buy,6.129297496707562,69.52751076888973,426.1547977080639,0.42658137908715105,0.0,Risk 7 (calendar),7,calendar
2022-06-01,2022-05-31,VUSA.L,sell,6.522525725257667,71.11494828263751,463.8490796238717,0.4638490796238717,9.912617228626459,Risk 7 (calendar),7,calendar
2022-06-01,2022-05-31,VERX.L,sell,8.918269984297792,35.536477981355425,316.9239049287815,0.3169239049287815,-13.138544075428513,Risk 7 (calendar),7,calendar
2022-06-01,2022-05-31,ISF.L,sell,24.531210776494117,10.626742504348789,260.6868602417091,0.2606868602417091,23.1054414825569,Risk 7 (calendar),7,calendar
2022-06-01,2022-05-31,INXG.L,buy,52.586681335428004,19.76504202527765,1039.3779665646184,1.0404183849495678,0.0,Risk 7 (calendar),7,calendar
2022-06-17,2022-06-16,IGLT.L,sell,33.28060113340076,13.540873676523939,450.64841582615907,0.4506484158261591,-71.59361529374195,Risk 7 (calendar),7,calendar
2022-06-17,2022-06-16,VFEM.L,sell,5.65894748720277,55.81801957669054,315.87124162414796,0.3158712416241479,-23.477399894516054,Risk 7 (calendar),7,calendar
2022-06-17,2022-06-16,SGLN.L,sell,9.941918798789363,29.420000000000055,292.4912510603836,0.2924912510603836,42.904399539379284,Risk 7 (calendar),7,calendar
2022-06-17,2022-06-16,VUSA.L,buy,12.794640587650024,65.32201088925157,835.771651790535,0.8366082600505855,0.0,Risk 7 (calendar),7,calendar
2022-06-17,2022-06-16,VERX.L,buy,6.561805083592815,32.72403283602066,214.72872501905857,0.2149436686877463,0.0,Risk 7 (calendar),7,calendar
2022-07-01,2022-06-30,VUSA.L,sell,11.446685149236634,68.17904329558449,780.4240423807286,0.7804240423807286,-15.24763567067123,Risk 7 (calendar),7,calendar
2022-07-01,2022-06-30,INXG.L,buy,24.533428052588867,19.24386100523893,472.1178794260498,0.4725904698959457,0.0,Risk 7 (calendar),7,calendar
2022-07-15,2022-07-14,VUSA.L,sell,8.740568553447636,70.54605122865856,616.6125969391189,0.6166125969391189,9.025371660906785,Risk 7 (calendar),7,calendar
2022-07-29,2022-07-28,VUSA.L,sell,5.93747449291833,73.1451787791307,434.2976332810397,0.43429763328103965,21.54776272950079,Risk 7 (calendar),7,calendar
2022-07-29,2022-07-28,IGLT.L,buy,23.638650380307997,14.10603765706845,333.44769242690006,0.3337814739008009,0.0,Risk 7 (calendar),7,calendar
2022-07-29,2022-07-28,INXG.L,buy,14.820348758864775,19.561350286061355,289.9060334337485,0.29019622966341196,0.0,Risk 7 (calendar),7,calendar
2022-08-12,2022-08-11,VUSA.L,sell,9.609567133162837,76.12257144897498,731.5049606879097,0.7315049606879097,63.45704321341486,Risk 7 (calendar),7,calendar
2022-08-12,2022-08-11,IGLT.L,buy,26.479602479405532,13.846524123127585,366.6504545019177,0.36701747197389156,0.0,Risk 7 (calendar),7,calendar
2022-08-12,2022-08-11,INXG.L,buy,18.620717664505452,18.908165854132466,352.0836179234432,0.35243605397742067,0.0,Risk 7 (calendar),7,calendar
2022-08-26,2022-08-25,VUSA.L,sell,12.526407457004783,75.94776353592346,951.3526314992275,0.9513526314992276,80.53095379894717,Risk 7 (calendar),7,calendar
2022-08-26,2022-08-25,IGLT.L,buy,37.220839253603295,13.281360142583084,494.3433709362987,0.49483820914544413,0.0,Risk 7 (calendar),7,calendar
2022-08-26,2022-08-25,INXG.L,buy,25.78490129537901,18.876303410669216,486.72362026573194,0.4872108310968288,0.0,Risk 7 (calendar),7,calendar
2022-08-26,2022-08-25,VERX.L,buy,8.10242504353013,34.231224123129884,277.35592760594034,0.27763356116710747,0.0,Risk 7 (calendar),7,calendar
2022-09-12,2022-09-09,VUSA.L,sell,10.90555530694969,76.54095082604721,834.7215724799744,0.8347215724799744,76.57323385705422,Risk 7 (calendar),7,calendar
2022-09-12,2022-09-09,VERX.L,sell,6.980957819394054,35.291841879049876,246.3708595263718,0.2463708595263718,-10.781356748561905,Risk 7 (calendar),7,calendar
2022-09-12,2022-09-09,INXG.L,buy,53.21744131234765,17.1386553210145,912.0753837186439,0.9129883720907346,0.0,Risk 7 (calendar),7,calendar
2022-09-12,2022-09-09,IGLT.L,buy,24.23891281067642,12.661409128233803,306.8987919195617,0.30720599791747916,0.0,Risk 7 (calendar),7,calendar
2022-09-27,2022-09-26,VUSA.L,sell,21.05131285954534,74.23952739262555,1562.8395176869467,1.5628395176869467,99.41201959811656,Risk 7 (calendar),7,calendar
2022-09-27,2022-09-26,VERX.L,sell,8.28468472309469,33.04031615755456,273.7286025167109,0.2737286025167109,-31.429353701937544,Risk 7 (calendar),7,calendar
2022-09-27,2022-09-26,INXG.L,buy,152.45204017732058,12.650582726072267,1928.607146021687,1.9305376837053922,0.0,Risk 7 (calendar),7,calendar
2022-09-27,2022-09-26,IGLT.L,buy,18.326039135325367,11.02935324158252,202.12435914256895,0.20232668582839736,0.0,Risk 7 (calendar),7,calendar
2022-10-11,2022-10-10,VUSA.L,sell,571.9117878752305,70.62748669981646,40392.6921916261,40.3926921916261,637.0743211653389,Risk 7 (calendar),7,calendar
2022-10-11,2022-10-10,INXG.L,sell,1204.7482915433895,13.019278730151276,15684.953807276941,15.68495380727694,-10010.854205756263,Risk 7 (calendar),7,calendar
2022-10-11,2022-10-10,IGLT.L,sell,874.6454883878289,11.231197834623998,9823.316515245033,9.823316515245033,-3568.1384453850587,Risk 7 (calendar),7,calendar
2022-10-11,2022-10-10,VFEM.L,sell,29.928645572185193,54.64149058181155,1635.3458051589332,1.6353458051589331,-159.34233746466543,Risk 7 (calendar),7,calendar
2022-10-11,2022-10-10,VERX.L,sell,10.776389916976118,32.285020051806846,347.9159645556631,0.3479159645556631,-49.01328505561668,Risk 7 (calendar),7,calendar
2022-10-11,2022-10-10,VUAG.L,buy,645.5357874953016,60.005001068115284,38735.375618162216,38.77414976793015,0.0,Risk 7 (calendar),7,calendar
2022-10-11,2022-10-10,AGBP.L,buy,2759.7111820622717,4.7011360405519875,12973.777699507273,12.986764463971245,0.0,Risk 7 (calendar),7,calendar
2022-10-11,2022-10-10,ERNS.L,buy,122.04999570565775,106.2988787873088,12973.777699507273,12.986764463971245,0.0,Risk 7 (calendar),7,calendar
2022-10-11,2022-10-10,SGLN.L,buy,79.39584098684247,29.35000000000004,2330.26793296383,2.3326005334973274,0.0,Risk 7 (calendar),7,calendar
2022-10-11,2022-10-10,VJPN.L,buy,26.97469594686824,27.373031615332184,738.3792049675973,0.7391183232908881,0.0,Risk 7 (calendar),7,calendar
2022-10-25,2022-10-24,VUAG.L,sell,10.253656814471906,61.88499832153326,634.547534753172,0.634547534753172,18.02641253926538,Risk 7 (calendar),7,calendar
2022-10-25,2022-10-24,AGBP.L,buy,67.21371226772953,4.715602440809119,316.95314562554717,0.3172704160415888,0.0,Risk 7 (calendar),7,calendar
2022-11-08,2022-11-07,VERX.L,sell,13.719815291820675,35.10727659478681,481.6653502793342,0.48166535027933416,-23.718484325760585,Risk 7 (calendar),7,calendar
2022-11-08,2022-11-07,ISF.L,sell,22.028290455602743,10.444558464824201,230.0757675436718,0.2300757675436718,16.738802718100345,Risk 7 (calendar),7,calendar
2022-11-08,2022-11-07,VUAG.L,buy,9.789298289752466,61.604999542236406,603.0697166590163,0.6036733900490654,0.0,Risk 7 (calendar),7,calendar
2022-11-22,2022-11-21,ERNS.L,buy,2.398261857857351,106.9237263263164,256.43109454838253,0.2566877823307132,0.0,Risk 7 (calendar),7,calendar
2022-11-22,2022-11-21,SGLN.L,buy,5.8482667853997246,28.580000000000027,167.1434647267243,0.1673107755022265,0.0,Risk 7 (calendar),7,calendar
2022-12-06,2022-12-05,AGBP.L,sell,64.78321713886797,4.857322678346301,314.67298978485616,0.31467298978485614,9.476435361424251,Risk 7 (calendar),7,calendar
2022-12-06,2022-12-05,VERX.L,sell,7.783212729239762,36.0366342991216,280.48079079588143,0.2804807907958814,-6.2292742989865815,Risk 7 (calendar),7,calendar
2022-12-06,2022-12-05,VUAG.L,buy,8.298489467186954,59.94499969482433,497.45294857802486,0.4979508994775024,0.0,Risk 7 (calendar),7,calendar
2022-12-20,2022-12-19,AGBP.L,sell,59.881745795096236,4.803206660345109,287.62440023609895,0.287624400236099,5.522131120005383,Risk 7 (calendar),7,calendar
2022-12-20,2022-12-19,ERNS.L,sell,2.677380592513411,107.16398166108759,286.918764715859,0.28691876471585903,1.7121313940285745,Risk 7 (calendar),7,calendar
2022-12-20,2022-12-19,VUAG.L,buy,11.494608558545877,58.27999877929702,669.9057727605508,0.6705763491096605,0.0,Risk 7 (calendar),7,calendar
2023-01-06,2023-01-05,VERX.L,sell,8.171689073933036,37.67056229290834,307.83212229787296,0.30783212229787293,6.798409240108015,Risk 7 (calendar),7,calendar
2023-01-06,2023-01-05,ISF.L,sell,24.290263741640853,11.05220951518254,268.4610840516565,0.26846108405165653,33.2028696404916,Risk 7 (calendar),7,calendar
2023-01-06,2023-01-05,AGBP.L,buy,71.21362833700739,4.827049573078605,343.75171426152997,0.3440958100716016,0.0,Risk 7 (calendar),7,calendar
2023-01-06,2023-01-05,VUAG.L,buy,3.8064777905015057,59.5849990844728,226.80897566209825,0.22703601167377202,0.0,Risk 7 (calendar),7,calendar
2023-01-20,2023-01-19,AGBP.L,sell,55.65001823676463,4.866339090093743,270.8118591099974,0.2708118591099974,8.462093272597883,Risk 7 (calendar),7,calendar
2023-01-20,2023-01-19,VUAG.L,buy,4.656518515963761,59.02500152587904,274.851012510045,0.27512613864869373,0.0,Risk 7 (calendar),7,calendar
2023-02-03,2023-02-02,VUAG.L,sell,18.537732467946537,64.12500000000014,1188.7320945070744,1.1887320945070743,74.37157380338454,Risk 7 (calendar),7,calendar
2023-02-03,2023-02-02,ERNS.L,buy,6.355332812606694,107.84764277615969,685.4076628976129,0.6860937566542672,0.0,Risk 7 (calendar),7,calendar
2023-02-03,2023-02-02,AGBP.L,buy,99.33222672870967,4.875532703588408,484.29751993608255,0.48478230223832086,0.0,Risk 7 (calendar),7,calendar
2023-02-17,2023-02-16,VUAG.L,sell,4.450536148663162,62.78499984741227,279.4269114147194,0.2794269114147194,11.897361358875457,Risk 7 (calendar),7,calendar
2023-02-17,2023-02-16,AGBP.L,buy,61.56874503580882,4.799821290224202,295.5189732352608,0.29581478802328404,0.0,Risk 7 (calendar),7,calendar
2023-03-03,2023-03-02,VERX.L,sell,6.5679620034626565,39.80303356846162,261.4248121002046,0.2614248121002046,19.456178218861254,Risk 7 (calendar),7,calendar
2023-03-03,2023-03-02,VUAG.L,buy,4.145447164497225,62.38000106811539,258.5929985491528,0.2588518503995524,0.0,Risk 7 (calendar),7,calendar
2023-03-17,2023-03-16,AGBP.L,sell,107.59138583729839,4.8825627801925675,525.3216959585309,0.5253216959585308,17.25010477606179,Risk 7 (calendar),7,calendar
2023-03-17,2023-03-16,ERNS.L,sell,3.559217385141749,108.12538265099626,384.84174170652994,0.38484174170652996,5.422889816142458,Risk 7 (calendar),7,calendar
2023-03-17,2023-03-16,SGLN.L,sell,8.22777204518086,31.330000000000037,257.77609817551667,0.25777609817551667,31.7838742254867,Risk 7 (calendar),7,calendar
2023-03-17,2023-03-16,VUAG.L,buy,9.195889236264033,60.014999389648594,551.891286901662,0.5524437306322943,0.0,Risk 7 (calendar),7,calendar
2023-03-17,2023-03-16,VERX.L,buy,8.043646713593855,37.220289880854445,299.38686237914544,0.29968654892807356,0.0,Risk 7 (calendar),7,calendar
2023-03-31,2023-03-30,VERX.L,sell,6.615461745762803,39.366288537165346,260.4261758902781,0.2604261758902781,16.605880314933728,Risk 7 (calendar),7,calendar
2023-04-18,2023-04-17,AGBP.L,buy,64.95019970446025,4.856875227890944,315.45501599116267,0.3157707867779406,0.0,Risk 7 (calendar),7,calendar
2023-04-18,2023-04-17,ERNS.L,buy,2.4061064029847383,108.50994304695972,261.0864687527991,0.26134781656936845,0.0,Risk 7 (calendar),7,calendar
2023-06-02,2023-06-01,VUAG.L,sell,8.484581723772,64.02500152587902,543.2253578109475,0.5432253578109475,33.06180434517836,Risk 7 (calendar),7,calendar
2023-06-16,2023-06-15,VUAG.L,sell,8.725708842686457,64.47499847412121,562.5900643178352,0.5625900643178352,37.92401834296879,Risk 7 (calendar),7,calendar
2023-06-16,2023-06-15,SGLN.L,buy,10.685359712665097,29.780000000000044,318.21001224316706,0.31852854078395104,0.0,Risk 7 (calendar),7,calendar
2023-06-30,2023-06-29,VUAG.L,sell,4.976358033672528,65.31999969482435,325.0557052408262,0.3250557052408262,25.829266242006668,Risk 7 (calendar),7,calendar
2023-06-30,2023-06-29,ISF.L,buy,29.456946059508073,11.023814184928668,324.72789981548374,0.325052952768252,0.0,Risk 7 (calendar),7,calendar
2023-07-14,2023-07-13,VUAG.L,buy,5.126049391829784,64.41999816894544,330.2200924355986,0.33055064307867726,0.0,Risk 7 (calendar),7,calendar
2023-07-28,2023-07-27,VUAG.L,sell,10.103297278594647,66.69000244140639,673.7889201757316,0.6737889201757317,65.91378322764683,Risk 7 (calendar),7,calendar
2023-07-28,2023-07-27,AGBP.L,buy,88.82162802814311,4.853769934170965,431.11974762711816,0.43155129892604416,0.0,Risk 7 (calendar),7,calendar
2023-07-28,2023-07-27,ERNS.L,buy,2.4941533113737924,109.92050046873719,274.15858023196535,0.2744330132452105,0.0,Risk 7 (calendar),7,calendar
2023-08-25,2023-08-24,ERNS.L,sell,2.716540519755043,110.45420687002793,300.05332853983674,0.30005332853983674,10.166613994114925,Risk 7 (calendar),7,calendar
2023-08-25,2023-08-24,VERX.L,buy,9.391797835660794,38.69814750868456,363.44517801614586,0.363808987003149,0.0,Risk 7 (calendar),7,calendar
2023-09-11,2023-09-08,VUAG.L,sell,4.7711917734845555,66.90000152587906,319.1927369263784,0.31919273692637845,32.128138538825624,Risk 7 (calendar),7,calendar
2023-09-25,2023-09-22,VUAG.L,buy,4.788666835617241,66.41000366210956,318.01538208996357,0.3183337158057693,0.0,Risk 7 (calendar),7,calendar
2023-10-09,2023-10-06,AGBP.L,sell,463.3598389159181,4.744699481262776,2198.50318734236,2.19850318734236,7.00038467507693,Risk 7 (calendar),7,calendar
2023-10-09,2023-10-06,VJPN.L,sell,26.97469594686824,30.16126930596939,813.591068900134,0.813591068900134,73.65915454034575,Risk 7 (calendar),7,calendar
2023-10-09,2023-10-06,SLXX.L,buy,14.628149875082672,158.8641417296061,2323.8884749970534,2.32621468968674,0.0,Risk 7 (calendar),7,calendar
2023-10-09,2023-10-06,ISF.L,buy,62.32571313708927,11.10005357508053,691.8187549267913,0.6925112661929843,0.0,Risk 7 (calendar),7,calendar
2023-10-23,2023-10-20,SGLN.L,sell,10.13867210653174,31.460000000000036,318.9626244714889,0.3189626244714889,38.83345891429832,Risk 7 (calendar),7,calendar
2023-10-23,2023-10-20,VERX.L,buy,7.439574228346483,37.349507979200155,277.8644370034788,0.2781425795830619,0.0,Risk 7 (calendar),7,calendar
2023-10-23,2023-10-20,VFEM.L,buy,4.453339678827711,53.26652465872919,237.2139278159734,0.23745137919516857,0.0,Risk 7 (calendar),7,calendar
2023-11-20,2023-11-17,VERX.L,sell,8.53556115782042,40.11057052956343,342.36622783015804,0.3423662278301581,26.987934843774497,Risk 7 (calendar),7,calendar
2023-11-20,2023-11-17,VUAG.L,sell,4.371701057034188,68.1200027465823,297.80028801240564,0.29780028801240566,34.556469807721385,Risk 7 (calendar),7,calendar
2023-11-20,2023-11-17,SGLN.L,buy,9.05650428170201,30.73000000000003,278.30637657670303,0.27858496153824125,0.0,Risk 7 (calendar),7,calendar
2023-11-20,2023-11-17,ERNS.L,buy,2.2199089597960264,111.71221366912206,247.99094404273222,0.2482391832259582,0.0,Risk 7 (calendar),7,calendar
2023-12-18,2023-12-15,ISF.L,buy,11.863039222338774,11.348821758035385,134.63151764290544,0.1347662839268323,0.0,Risk 7 (calendar),7,calendar
2023-12-18,2023-12-15,ERNS.L,buy,1.1599189313068552,112.19285822568285,130.13462021339558,0.13026488509849404,0.0,Risk 7 (calendar),7,calendar
2024-01-18,2024-01-17,VUAG.L,sell,8.90832957651107,70.62500000000024,629.1507763410965,0.6291507763410965,92.70964805913536,Risk 7 (calendar),7,calendar
2024-01-18,2024-01-17,ISF.L,buy,23.077444333856228,11.126896045976702,256.7803241096323,0.2570373614711034,0.0,Risk 7 (calendar),7,calendar
2024-02-01,2024-01-31,VUAG.L,sell,3.499255677071158,71.98000335693385,251.8764353823518,0.25187643538235177,41.15377561706234,Risk 7 (calendar),7,calendar
2024-02-01,2024-01-31,ERNS.L,buy,2.515063969832986,113.18181158913411,284.6594963682567,0.2849444408090658,0.0,Risk 7 (calendar),7,calendar
2024-02-15,2024-02-14,VUAG.L,sell,11.571498853887217,74.96499633789091,867.4573692055641,0.8674573692055642,170.59549106936208,Risk 7 (calendar),7,calendar
2024-02-15,2024-02-14,AGBP.L,buy,88.3434475613644,4.9792040543619605,439.88005227385884,0.44032037264650536,0.0,Risk 7 (calendar),7,calendar
2024-02-15,2024-02-14,SGLN.L,buy,9.226954071329521,30.920000000000027,285.29741988550904,0.28558300288839744,0.0,Risk 7 (calendar),7,calendar
2024-02-29,2024-02-28,ERNS.L,buy,2.5739741340076403,113.56732768963413,292.3193639414879,0.2926119759174053,0.0,Risk 7 (calendar),7,calendar
2024-03-28,2024-03-27,SGLN.L,sell,8.371504599093587,34.16000000000001,285.97059710503703,0.285970597105037,51.60653215549212,Risk 7 (calendar),7,calendar
2024-03-28,2024-03-27,VUAG.L,sell,3.6177624558743506,78.40000152587926,283.6325820608178,0.2836325820608178,65.75030329274435,Risk 7 (calendar),7,calendar
2024-03-28,2024-03-27,ERNS.L,buy,3.2230402558259375,114.15958797813322,367.9409476420261,0.368309256898925,0.0,Risk 7 (calendar),7,calendar
2024-03-28,2024-03-27,AGBP.L,buy,64.8598976646057,5.0331843344212075,326.45182085765606,0.3267785994571132,0.0,Risk 7 (calendar),7,calendar
2024-04-15,2024-04-12,SGLN.L,sell,14.28643853504969,36.70000000000004,524.3122942363242,0.5243122942363242,124.32068573708113,Risk 7 (calendar),7,calendar
2024-04-29,2024-04-26,VUAG.L,buy,5.90301037690133,76.83000183105499,453.52829806606576,0.45398228034641214,0.0,Risk 7 (calendar),7,calendar
2024-05-14,2024-05-13,ISF.L,sell,31.95130076720568,12.724698341782352,406.5706638902513,0.4065706638902513,88.61758435716757,Risk 7 (calendar),7,calendar
2024-05-14,2024-05-13,AGBP.L,buy,62.665671598675104,4.993045490272536,312.89254897066445,0.31320575472538986,0.0,Risk 7 (calendar),7,calendar
2024-06-12,2024-06-11,VUAG.L,sell,7.8068608506559025,80.08499908447297,625.2124440773858,0.6252124440773859,153.7604500856902,Risk 7 (calendar),7,calendar
2024-06-12,2024-06-11,SGLN.L,buy,10.024286955520019,35.32000000000003,354.0578152689674,0.35441222749646384,0.0,Risk 7 (calendar),7,calendar
2024-06-26,2024-06-25,VUAG.L,sell,6.041557052898986,81.83499908447297,494.4108158927797,0.49441081589277963,129.55396578558629,Risk 7 (calendar),7,calendar
2024-06-26,2024-06-25,ERNS.L,buy,2.438455032172465,115.63409332041964,281.9685367478777,0.2822507875354131,0.0,Risk 7 (calendar),7,calendar
2024-07-10,2024-07-09,VUAG.L,sell,4.7476822863929105,82.44499969482455,391.4226646527874,0.39142266465278736,104.70156179084927,Risk 7 (calendar),7,calendar
2024-07-10,2024-07-09,ISF.L,buy,31.973345563707287,12.45140722748834,398.1131460389272,0.39851165769662383,0.0,Risk 7 (calendar),7,calendar
2024-07-24,2024-07-23,VUAG.L,buy,3.961383429112004,80.0550003051761,317.128551626481,0.3174459976241051,0.0,Risk 7 (calendar),7,calendar
2024-08-07,2024-08-06,AGBP.L,sell,102.51038594004824,5.153354707336038,528.2723799349816,0.5282723799349816,41.08734702205976,Risk 7 (calendar),7,calendar
2024-08-07,2024-08-06,ERNS.L,sell,3.64125759398821,116.27720394093353,423.39525185764006,0.42339525185764004,32.21663954389851,Risk 7 (calendar),7,calendar
2024-08-07,2024-08-06,VUAG.L,buy,12.827855472330791,79.02999877929719,1013.7854023193032,1.014800202521825,0.0,Risk 7 (calendar),7,calendar
2024-08-07,2024-08-06,VERX.L,buy,7.2594924795515645,43.45522700710767,315.4628936553042,0.3157786723276318,0.0,Risk 7 (calendar),7,calendar
2024-08-21,2024-08-20,VUAG.L,sell,6.190213606768562,81.34500122070342,503.5429333990036,0.5035429333990036,126.46017661602644,Risk 7 (calendar),7,calendar
2024-08-21,2024-08-20,ERNS.L,buy,2.4599804801475234,116.5413436667732,286.68943055042627,0.28697640695738363,0.0,Risk 7 (calendar),7,calendar
2024-08-21,2024-08-20,AGBP.L,buy,41.549841194117825,5.194891588545228,215.8469205247127,0.2160629835082209,0.0,Risk 7 (calendar),7,calendar
2024-09-19,2024-09-18,SGLN.L,sell,7.272519317493885,37.86000000000002,275.33758136031867,0.27533758136031866,68.15501187623582,Risk 7 (calendar),7,calendar
2024-10-03,2024-10-02,SLXX.L,sell,14.628149875082672,176.5366234926206,2582.404186891095,2.582404186891095,253.60709301746374,Risk 7 (calendar),7,calendar
2024-10-03,2024-10-02,AGBP.L,buy,537.452688113487,5.238111999510243,2815.2373747762927,2.8180554302064995,0.0,Risk 7 (calendar),7,calendar
2024-10-17,2024-10-16,VUAG.L,sell,10.424065523376488,85.48000335693389,891.049155931121,0.8910491559311211,256.0141742269873,Risk 7 (calendar),7,calendar
2024-10-17,2024-10-16,ERNS.L,buy,3.688953154490515,117.58065949518415,433.7495447518347,0.43418372848031506,0.0,Risk 7 (calendar),7,calendar
2024-10-17,2024-10-16,AGBP.L,buy,78.4479648632223,5.2033113785386504,408.1891881960048,0.4085977859819868,0.0,Risk 7 (calendar),7,calendar
2024-10-31,2024-10-30,SGLN.L,sell,9.397415320704761,41.38999999999999,388.95902012397,0.38895902012397,121.20835243570087,Risk 7 (calendar),7,calendar
2024-10-31,2024-10-30,VERX.L,buy,9.515811568477028,43.63291222995534,415.20257096415185,0.4156181891533051,0.0,Risk 7 (calendar),7,calendar
2024-11-14,2024-11-13,VUAG.L,sell,21.28764961008424,89.34500122070342,1901.9450803988832,1.901945080398883,605.0173310222738,Risk 7 (calendar),7,calendar
2024-11-14,2024-11-13,VERX.L,buy,10.650368017591767,43.06070205985844,458.61232403336425,0.45907139542879305,0.0,Risk 7 (calendar),7,calendar
2024-11-14,2024-11-13,AGBP.L,buy,82.8925079011477,5.16458109399393,428.1050791400098,0.4285336127527626,0.0,Risk 7 (calendar),7,calendar
2024-11-14,2024-11-13,ISF.L,buy,32.297838047675846,12.419101785350067,401.1101381608384,0.401511649810649,0.0,Risk 7 (calendar),7,calendar
2024-11-14,2024-11-13,SGLN.L,buy,9.353845530745676,39.37999999999999,368.3544370007646,0.36872316016092554,0.0,Risk 7 (calendar),7,calendar
2024-11-28,2024-11-27,ERNS.L,buy,2.5307245439120525,118.17209346120508,299.0610173277407,0.2993603777054461,0.0,Risk 7 (calendar),7,calendar
2025-01-14,2025-01-13,SGLN.L,sell,8.381065053991932,42.57999999999999,356.8657499989764,0.3568657499989764,112.09866752400717,Risk 7 (calendar),7,calendar
2025-01-14,2025-01-13,AGBP.L,buy,69.47019966720947,5.12669284197891,356.15237536472847,0.3565088842489774,0.0,Risk 7 (calendar),7,calendar
2025-01-28,2025-01-27,VERX.L,sell,11.749806938443076,45.73184476794979,537.3403469622581,0.5373403469622581,95.12056373800675,Risk 7 (calendar),7,calendar
2025-01-28,2025-01-27,ISF.L,sell,24.23574131194857,13.177349327289994,319.3628294733798,0.3193628294733798,72.79799460908924,Risk 7 (calendar),7,calendar
2025-01-28,2025-01-27,VUAG.L,buy,4.844853380639382,92.4100036621097,447.7129186472698,0.4481610797269968,0.0,Risk 7 (calendar),7,calendar
2025-02-11,2025-02-10,ERNS.L,buy,3.405850524681104,119.58179173961467,407.2777081386731,0.40768539353220534,0.0,Risk 7 (calendar),7,calendar
2025-03-11,2025-03-10,ERNS.L,sell,7.1533002340475225,119.91780687597434,857.8080759923728,0.8578080759923727,83.01790775980362,Risk 7 (calendar),7,calendar
2025-03-11,2025-03-10,VERX.L,sell,16.146659466652125,46.84041576323295,756.3162426053267,0.7563162426053267,148.59710264132923,Risk 7 (calendar),7,calendar
2025-03-11,2025-03-10,AGBP.L,sell,122.32924240899027,5.207846670356838,637.0719377669344,0.6370719377669344,41.83862949427112,Risk 7 (calendar),7,calendar
2025-03-11,2025-03-10,ISF.L,sell,32.978747450884235,13.204349031259046,435.46289195521996,0.4354628919552199,99.9492844076974,Risk 7 (calendar),7,calendar
2025-03-11,2025-03-10,VUAG.L,buy,32.67075090352961,82.06999969482452,2681.2885166823626,2.683972489171534,0.0,Risk 7 (calendar),7,calendar
2025-03-25,2025-03-24,SGLN.L,sell,8.946932434195025,45.33999999999996,405.6539165664021,0.4056539165664021,144.33611351626843,Risk 7 (calendar),7,calendar
2025-04-08,2025-04-07,AGBP.L,sell,238.46645129979171,5.236354808285268,1248.694948878389,1.2486949488783887,88.35091709307108,Risk 7 (calendar),7,calendar
2025-04-08,2025-04-07,ERNS.L,sell,9.41984386149231,120.34225367624927,1133.605239570367,1.133605239570367,113.3165935104098,Risk 7 (calendar),7,calendar
2025-04-08,2025-04-07,SGLN.L,sell,10.005947313939284,45.749999999999964,457.7720896127219,0.4577720896127219,165.5189745942642,Risk 7 (calendar),7,calendar
2025-04-08,2025-04-07,VUAG.L,buy,28.59006400258285,77.30999755859398,2210.2977782397256,2.212510288528254,0.0,Risk 7 (calendar),7,calendar
2025-04-08,2025-04-07,VERX.L,buy,13.406077285873344,43.03021607524909,576.8664023326189,0.5774438461787977,0.0,Risk 7 (calendar),7,calendar
2025-04-08,2025-04-07,ISF.L,buy,25.8409255728793,12.348447306362736,319.09530778434134,0.3194147225068482,0.0,Risk 7 (calendar),7,calendar
2025-04-24,2025-04-23,VERX.L,sell,12.238480819334793,46.021553672092594,563.233901891892,0.5632339018918919,98.97450578375032,Risk 7 (calendar),7,calendar
2025-04-24,2025-04-23,ISF.L,sell,36.721859224312766,13.19180345862924,484.4275495225852,0.4844275495225852,107.82966075754848,Risk 7 (calendar),7,calendar
2025-04-24,2025-04-23,AGBP.L,buy,118.99699324693104,5.276265875136564,627.8597747126383,0.6284882629756139,0.0,Risk 7 (calendar),7,calendar
2025-04-24,2025-04-23,ERNS.L,buy,4.506313271560904,120.65469243267596,543.7078417854666,0.5442520938793459,0.0,Risk 7 (calendar),7,calendar
2025-05-09,2025-05-08,VUAG.L,sell,12.730901527861667,81.30000305175807,1035.022333066785,1.035022333066785,233.05860049368277,Risk 7 (calendar),7,calendar
2025-05-09,2025-05-08,AGBP.L,buy,89.24870292656783,5.265718261038724,469.9585247744484,0.47042895372817656,0.0,Risk 7 (calendar),7,calendar
2025-05-09,2025-05-08,ERNS.L,buy,3.7907110024318222,120.84923129906741,458.104510720803,0.4585630737945976,0.0,Risk 7 (calendar),7,calendar
2025-05-23,2025-05-22,VUAG.L,sell,5.348919025152523,82.00000000000026,438.61136006250825,0.4386113600625083,101.66061665759338,Risk 7 (calendar),7,calendar
2025-05-23,2025-05-22,AGBP.L,buy,68.30211087724038,5.238065437935326,357.7709263240993,0.3581290553794788,0.0,Risk 7 (calendar),7,calendar
2025-06-09,2025-06-06,VUAG.L,sell,3.71249850101419,84.57499694824244,313.9845493936298,0.3139845493936298,80.10920788314806,Risk 7 (calendar),7,calendar
2025-06-09,2025-06-06,ERNS.L,buy,2.7684477371475746,121.23830903185024,335.64192229482416,0.33597790019501916,0.0,Risk 7 (calendar),7,calendar
2025-07-07,2025-07-04,VUAG.L,sell,9.49697445893915,87.50000000000028,830.9852651571783,0.8309852651571784,232.67895672389875,Risk 7 (calendar),7,calendar
2025-07-07,2025-07-04,SGLN.L,buy,7.836159225864434,47.3,370.6503313833877,0.37102135273612386,0.0,Risk 7 (calendar),7,calendar
2025-07-21,2025-07-18,VUAG.L,sell,5.274251859207025,89.69499969482453,473.07401890200185,0.4730740189020018,140.78628668070291,Risk 7 (calendar),7,calendar
2025-07-21,2025-07-18,AGBP.L,buy,96.80106266291455,5.321627568695676,515.1392037460037,0.5156548586046084,0.0,Risk 7 (calendar),7,calendar
2025-07-21,2025-07-18,ERNS.L,buy,3.840580044244548,122.04001063606826,468.7044294482762,0.4691736030513275,0.0,Risk 7 (calendar),7,calendar
2025-08-04,2025-08-01,VERX.L,buy,2.3723757748905556,49.10919890131035,116.50547379775055,0.1166220958936442,0.0,Risk 7 (calendar),7,calendar
2025-09-16,2025-09-15,VUAG.L,sell,4.786854492928799,92.73999786376987,443.93287544839404,0.44393287544839405,142.33751297955814,Risk 7 (calendar),7,calendar
2025-09-16,2025-09-15,SGLN.L,sell,6.415699685694505,52.37999999999999,336.0543495366781,0.33605434953667807,141.28962781692147,Risk 7 (calendar),7,calendar
2025-09-16,2025-09-15,ERNS.L,buy,3.6249502391952344,122.83703078142263,445.27812411315034,0.4457238479611115,0.0,Risk 7 (calendar),7,calendar
2025-09-30,2025-09-29,VUAG.L,sell,3.974698494568346,94.80000305175818,376.8014294148978,0.37680142941489786,126.36769903346541,Risk 7 (calendar),7,calendar
2025-09-30,2025-09-29,AGBP.L,buy,99.06249359075895,5.3881911902015736,533.7676552451272,0.5343019572023295,0.0,Risk 7 (calendar),7,calendar
2025-10-14,2025-10-13,SGLN.L,sell,11.934031070279987,60.44,721.2928378877224,0.7212928378877224,358.90908093495426,Risk 7 (calendar),7,calendar
2025-10-14,2025-10-13,ERNS.L,buy,3.1264076101451876,123.27176736738804,385.39779161344916,0.38578357518863776,0.0,Risk 7 (calendar),7,calendar
2025-10-29,2025-10-28,VUAG.L,sell,6.782862052910419,100.09999847412155,678.9644811465099,0.67896448114651,251.5609093086603,Risk 7 (calendar),7,calendar
2025-10-29,2025-10-28,AGBP.L,buy,86.93269786786584,5.441442197806538,473.03925054737164,0.4735127633106823,0.0,Risk 7 (calendar),7,calendar
2025-10-29,2025-10-28,ERNS.L,buy,3.0745852927063635,123.64612028903737,380.1605429408762,0.3805410840249011,0.0,Risk 7 (calendar),7,calendar
2025-10-29,2025-10-28,SGLN.L,buy,5.620319568557312,58.65999999999998,329.6879458915718,0.33001796385542725,0.0,Risk 7 (calendar),7,calendar
2025-11-12,2025-11-11,VUAG.L,buy,0.04603128181760967,100.00000000000047,4.603128181760988,0.004607735917678667,0.0,Risk 7 (calendar),7,calendar
2025-11-26,2025-11-25,SGLN.L,sell,6.202075978002037,61.06999999999998,378.7607799765843,0.37876077997658425,181.5801484168206,Risk 7 (calendar),7,calendar
2025-11-26,2025-11-25,VUAG.L,buy,3.811485785200344,98.98000335693406,377.2608758140365,0.37763851432836487,0.0,Risk 7 (calendar),7,calendar
2025-12-24,2025-12-23,VUAG.L,buy,0.0075606817948488374,98.23999786377,0.7427613633745945,0.0007435048682428373,0.0,Risk 7 (calendar),7,calendar
2026-01-12,2026-01-09,VERX.L,sell,6.387865444894707,55.9422360683085,357.35147669089025,0.35735147669089024,114.2475790620932,Risk 7 (calendar),7,calendar
2026-01-12,2026-01-09,VUAG.L,buy,2.0791883615759286,99.44000244140672,206.75449575125475,0.2069614572084632,0.0,Risk 7 (calendar),7,calendar
2026-01-12,2026-01-09,AGBP.L,buy,27.447337361116936,5.4339173169052,149.1465617895124,0.14929585764715955,0.0,Risk 7 (calendar),7,calendar
2026-01-26,2026-01-23,SGLN.L,sell,13.348289455397818,71.90999999999994,959.8754947376564,0.9598754947376563,535.3528725352174,Risk 7 (calendar),7,calendar
2026-01-26,2026-01-23,VUAG.L,buy,9.734109142797118,97.52999877929736,949.3676528145502,0.9503179707853356,0.0,Risk 7 (calendar),7,calendar
2026-02-09,2026-02-06,ISF.L,sell,33.11837925083335,16.611389075160254,550.1422832743071,0.5501422832743071,210.3863242650658,Risk 7 (calendar),7,calendar
2026-02-09,2026-02-06,VUAG.L,buy,5.504892174078059,98.01000213623095,539.5344937411116,0.540074568309421,0.0,Risk 7 (calendar),7,calendar
2026-02-23,2026-02-20,VERX.L,sell,6.02043469435861,57.73521244503969,347.59107609028194,0.34759107609028195,118.45974794316876,Risk 7 (calendar),7,calendar
2026-03-09,2026-03-06,VUAG.L,sell,3.460925938666429,96.50000000000048,333.97935308131207,0.3339793530813121,111.64062630851114,Risk 7 (calendar),7,calendar
2026-03-09,2026-03-06,VERX.L,buy,10.907720354423107,53.64667913299959,585.1629739262249,0.5857487226488738,0.0,Risk 7 (calendar),7,calendar
2026-03-23,2026-03-20,ERNS.L,sell,4.008698696153973,125.36642426878265,502.55622150775474,0.5025562215077547,59.58159275847089,Risk 7 (calendar),7,calendar
2026-04-08,2026-04-07,VUAG.L,buy,6.349874109282432,96.91999816894578,615.4297870446895,0.6160458328775671,0.0,Risk 7 (calendar),7,calendar
2026-04-22,2026-04-21,VUAG.L,sell,13.654963755969925,101.63999938964892,1387.8905078224614,1.3878905078224615,505.90919263441754,Risk 7 (calendar),7,calendar
2026-04-22,2026-04-21,ERNS.L,buy,5.304413148651509,125.8030218528632,667.3112032564206,0.6679791824388596,0.0,Risk 7 (calendar),7,calendar
2026-04-22,2026-04-21,AGBP.L,buy,69.61517947334136,5.457640751499717,379.9346404166744,0.38031495537204646,0.0,Risk 7 (calendar),7,calendar
2026-04-22,2026-04-21,SGLN.L,buy,4.883373514727064,67.95999999999994,331.87406406085097,0.33220627033118216,0.0,Risk 7 (calendar),7,calendar
2026-05-07,2026-05-06,VUAG.L,sell,8.404725480557268,104.44000244140676,877.7895497087546,0.8777895497087546,334.90036220236686,Risk 7 (calendar),7,calendar
2026-05-07,2026-05-06,ERNS.L,buy,3.49969194197331,126.11487862965116,441.36322450313213,0.44180502953266476,0.0,Risk 7 (calendar),7,calendar
2026-05-07,2026-05-06,AGBP.L,buy,73.98547320730735,5.44764064624028,403.0462710754487,0.40344972079624497,0.0,Risk 7 (calendar),7,calendar
2026-05-21,2026-05-20,VUAG.L,sell,8.102047171115366,106.51999664306695,863.0300374691789,0.863030037469179,339.67499699236,Risk 7 (calendar),7,calendar
2026-05-21,2026-05-20,SGLN.L,buy,7.768131330221254,65.27999999999992,507.1036132368428,0.5076112244613041,0.0,Risk 7 (calendar),7,calendar
2026-06-05,2026-06-04,VUAG.L,sell,5.720424828099011,108.08000183105524,618.263525895355,0.618263525895355,248.74142783535865,Risk 7 (calendar),7,calendar
2026-06-05,2026-06-04,ISF.L,buy,24.504719167714445,16.819870763207394,412.166209489648,0.41257878827792593,0.0,Risk 7 (calendar),7,calendar
2026-06-05,2026-06-04,AGBP.L,buy,74.42591499129844,5.438229013460205,404.745170259002,0.4051503205795816,0.0,Risk 7 (calendar),7,calendar
2026-06-19,2026-06-18,VERX.L,sell,7.596329898876392,59.627377298314265,452.9492289627681,0.452949228962768,158.30249287959634,Risk 7 (calendar),7,calendar
2026-06-19,2026-06-18,SGLN.L,buy,5.8545334048922815,60.91999999999991,356.65817502603727,0.35701519021625355,0.0,Risk 7 (calendar),7,calendar
2026-06-19,2026-06-18,ERNS.L,buy,2.2659299471270375,126.80208102721413,287.32463275759363,0.28761224500259625,0.0,Risk 7 (calendar),7,calendar
2026-07-31,2026-07-30,ISF.L,sell,38.04046898414919,17.68888407531567,672.8934460312563,0.6728934460312562,273.1415697454706,Risk 7 (calendar),7,calendar
2026-07-31,2026-07-30,VUAG.L,buy,6.296158906576166,106.6600036621099,671.5483320326398,0.6722205525852251,0.0,Risk 7 (calendar),7,calendar
2026-08-14,2026-08-13,VUAG.L,sell,9.371421965123796,110.98000335693412,1040.040441148685,1.040040441148685,430.3412365539417,Risk 7 (calendar),7,calendar
2026-08-14,2026-08-13,AGBP.L,buy,71.18488817659279,5.443298293232556,387.4805803155979,0.3878684487643623,0.0,Risk 7 (calendar),7,calendar
2026-08-14,2026-08-13,ISF.L,buy,21.94045779518473,17.55859686143229,385.2436533809182,0.38562928266358176,0.0,Risk 7 (calendar),7,calendar
2026-08-28,2026-08-27,VUAG.L,buy,2.3968656952171252,110.6600036621099,265.23716661031267,0.26550266927959226,0.0,Risk 7 (calendar),7,calendar
2021-09-28,2021-09-27,VUSA.L,buy,943.5146929448922,69.30389423006338,65389.24248436353,65.45469718154507,0.0,Risk 10 (bands),10,bands
2021-09-28,2021-09-27,VERX.L,buy,319.575815832295,37.320808249047694,11926.827743710062,11.938766510220283,0.0,Risk 10 (bands),10,bands
2021-09-28,2021-09-27,ISF.L,buy,981.9721702850879,9.664562150115543,9490.331069404076,9.49983090030438,0.0,Risk 10 (bands),10,bands
2021-09-28,2021-09-27,VFEM.L,buy,135.0665537306503,59.959986309345865,8098.588712540319,8.106695407948266,0.0,Risk 10 (bands),10,bands
2021-09-28,2021-09-27,SGLN.L,buy,199.4015964064674,25.05000000000005,4995.009989982019,5.000009999982001,0.0,Risk 10 (bands),10,bands
2022-10-11,2022-10-10,VUSA.L,sell,943.5146929448922,70.62748669981646,66638.07142704679,66.63807142704678,1116.7361740746637,Risk 10 (bands),10,bands
2022-10-11,2022-10-10,VERX.L,sell,172.50080346610588,32.285020051806846,5569.19189885602,5.56919189885602,-880.6910157307238,Risk 10 (bands),10,bands
2022-10-11,2022-10-10,SGLN.L,sell,27.734046985259905,29.35000000000004,813.9942790173793,0.8139942790173793,117.74697444730884,Risk 10 (bands),10,bands
2022-10-11,2022-10-10,VUAG.L,buy,1084.6083314717719,60.005001068115284,65081.92408845041,65.14707115961002,0.0,Risk 10 (bands),10,bands
2022-10-11,2022-10-10,VJPN.L,buy,230.9308692421659,27.373031615332184,6321.27798472195,6.327605590312262,0.0,Risk 10 (bands),10,bands
2022-10-11,2022-10-10,VFEM.L,buy,26.9408104010546,54.64149058181155,1472.0860377955955,1.4735595973929885,0.0,Risk 10 (bands),10,bands
2023-10-09,2023-10-06,VFEM.L,sell,86.92776643934286,54.42156017352848,4730.744672029127,4.730744672029127,-414.43245912091425,Risk 10 (bands),10,bands
2023-10-09,2023-10-06,VJPN.L,sell,146.34076015186753,30.16126930596939,4413.823077380751,4.413823077380751,399.60920000025317,Risk 10 (bands),10,bands
2023-10-09,2023-10-06,ISF.L,sell,55.38817917812767,11.10005357508053,614.811756303377,0.614811756303377,78.3586061599359,Risk 10 (bands),10,bands
2023-10-09,2023-10-06,VERX.L,buy,245.66209648393814,37.97018759193687,9327.835887723626,9.33717306078441,0.0,Risk 10 (bands),10,bands
2023-10-09,2023-10-06,SGLN.L,buy,13.957812274989832,29.520000000000017,412.0346183577001,0.41244706542312326,0.0,Risk 10 (bands),10,bands
2024-10-03,2024-10-02,VJPN.L,sell,84.59010909029837,34.23083107168463,2895.5897346053775,2.8955897346053776,574.8886088616273,Risk 10 (bands),10,bands
2024-10-03,2024-10-02,VUAG.L,sell,21.078588179005013,82.48000335693388,1738.5620237637602,1.7385620237637602,470.73666875144977,Risk 10 (bands),10,bands
2024-10-03,2024-10-02,SGLN.L,sell,14.450761764389192,39.31000000000002,568.0594449581394,0.5680594449581394,200.27547331644632,Risk 10 (bands),10,bands
2024-10-03,2024-10-02,ISF.L,buy,275.42031312370864,12.692170306727217,3495.6815200982473,3.4991807007990463,0.0,Risk 10 (bands),10,bands
2024-10-03,2024-10-02,VERX.L,buy,34.2421126934616,44.336673734934195,1518.1813784848557,1.5197010795644201,0.0,Risk 10 (bands),10,bands
2025-04-08,2025-04-07,SGLN.L,sell,34.799056752421855,45.749999999999964,1592.0568464232986,1.5920568464232985,706.1676447428174,Risk 10 (bands),10,bands
2025-04-08,2025-04-07,VUAG.L,buy,19.11330427820129,77.30999755859398,1477.6495070844057,1.4791286357201259,0.0,Risk 10 (bands),10,bands
2025-04-08,2025-04-07,VFEM.L,buy,4.769004195642683,58.8883574652955,280.83882382650035,0.2811199437702706,0.0,Risk 10 (bands),10,bands
2025-09-30,2025-09-29,VUAG.L,sell,78.76154919155013,94.80000305175818,7466.595103720155,7.466595103720155,2704.224510526744,Risk 10 (bands),10,bands
2025-09-30,2025-09-29,ISF.L,buy,460.0381575296888,14.825129653574754,6820.125330969284,6.826952283252537,0.0,Risk 10 (bands),10,bands
2025-09-30,2025-09-29,VERX.L,buy,8.271105251478332,51.175244894039,423.2758367887757,0.42369953632510077,0.0,Risk 10 (bands),10,bands
2021-09-28,2021-09-27,VUSA.L,buy,943.5146929448922,69.30389423006338,65389.24248436353,65.45469718154507,0.0,Risk 10 (calendar),10,calendar
2021-09-28,2021-09-27,VERX.L,buy,319.575815832295,37.320808249047694,11926.827743710062,11.938766510220283,0.0,Risk 10 (calendar),10,calendar
2021-09-28,2021-09-27,ISF.L,buy,981.9721702850879,9.664562150115543,9490.331069404076,9.49983090030438,0.0,Risk 10 (calendar),10,calendar
2021-09-28,2021-09-27,VFEM.L,buy,135.0665537306503,59.959986309345865,8098.588712540319,8.106695407948266,0.0,Risk 10 (calendar),10,calendar
2021-09-28,2021-09-27,SGLN.L,buy,199.4015964064674,25.05000000000005,4995.009989982019,5.000009999982001,0.0,Risk 10 (calendar),10,calendar
2021-11-09,2021-11-08,VUSA.L,sell,9.364717199974233,74.4845165383871,697.5264331587989,0.6975264331587988,47.167875372817775,Risk 10 (calendar),10,calendar
2021-11-09,2021-11-08,VFEM.L,buy,5.734067977297996,61.41844387123998,352.1775322175515,0.3525300622798313,0.0,Risk 10 (calendar),10,calendar
2021-11-23,2021-11-22,VUSA.L,sell,7.593419652407434,75.24811746472808,571.3905339633293,0.5713905339633293,44.03881066166889,Risk 10 (calendar),10,calendar
2021-11-23,2021-11-22,ISF.L,buy,39.029300125105706,10.033245392411951,391.59054564928,0.39198252817745743,0.0,Risk 10 (calendar),10,calendar
2021-11-23,2021-11-22,VERX.L,buy,8.01628289521778,38.699832331376385,310.2288039658085,0.3105393433091176,0.0,Risk 10 (calendar),10,calendar
2021-12-21,2021-12-20,VFEM.L,buy,3.5665121543077922,59.549361135832086,212.3835202722092,0.2125961163885978,0.0,Risk 10 (calendar),10,calendar
2022-01-07,2022-01-06,ISF.L,sell,39.13852141309383,10.337920111598162,404.61090765463797,0.404610907654638,25.018839230957326,Risk 10 (calendar),10,calendar
2022-01-21,2022-01-20,VFEM.L,sell,5.8946482972798115,60.57287849576949,357.0558150864245,0.3570558150864245,2.619981212083758,Risk 10 (calendar),10,calendar
2022-01-21,2022-01-20,ISF.L,sell,33.90910211760321,10.3676712140794,351.5584219199536,0.3515584219199536,22.683818825129038,Risk 10 (calendar),10,calendar
2022-01-21,2022-01-20,VUSA.L,buy,15.562372099296647,71.39013259084399,1110.9998075968388,1.1121119195163551,0.0,Risk 10 (calendar),10,calendar
2022-02-18,2022-02-17,SGLN.L,sell,11.809657086030146,27.17000000000004,320.86838302743956,0.32086838302743953,24.41947660131325,Risk 10 (calendar),10,calendar
2022-02-18,2022-02-17,VUSA.L,buy,4.614576020836531,69.31804443094548,319.87338564232226,0.3201935792215438,0.0,Risk 10 (calendar),10,calendar
2022-03-04,2022-03-03,VUSA.L,sell,13.458520939112558,70.29716181884734,946.0958242991409,0.9460958242991409,11.025224103465575,Risk 10 (calendar),10,calendar
2022-03-04,2022-03-03,VERX.L,buy,28.390110533567224,32.55725807212934,924.3041553376258,0.9252293847223482,0.0,Risk 10 (calendar),10,calendar
2022-03-18,2022-03-17,VERX.L,sell,13.978712460854373,36.03946812632064,503.78536217996236,0.5037853621799624,-14.056186446246954,Risk 10 (calendar),10,calendar
2022-03-18,2022-03-17,VFEM.L,buy,9.104604899811923,57.34486292973852,522.1023200091404,0.5226249449540945,0.0,Risk 10 (calendar),10,calendar
2022-04-01,2022-03-31,VUSA.L,sell,7.542262895104855,74.77804812997279,563.9956977790588,0.5639956977790588,39.940850404304,Risk 10 (calendar),10,calendar
2022-04-01,2022-03-31,VERX.L,buy,8.846831317530828,36.390953238054,321.9446247812161,0.32226689167288897,0.0,Risk 10 (calendar),10,calendar
2022-04-19,2022-04-14,VUSA.L,buy,3.265078479199023,74.07283692161775,241.85362572599294,0.24209572144744038,0.0,Risk 10 (calendar),10,calendar
2022-05-04,2022-05-03,SGLN.L,sell,9.643075492717825,29.12000000000004,280.80635834794344,0.28080635834794343,38.72471005507896,Risk 10 (calendar),10,calendar
2022-05-04,2022-05-03,VUSA.L,buy,3.8933711110267972,71.98004465690326,280.24502643760593,0.2805255519895955,0.0,Risk 10 (calendar),10,calendar
2022-05-18,2022-05-17,ISF.L,sell,36.50787247826134,10.479960532668429,382.6010627038708,0.38260106270387084,28.517635842471293,Risk 10 (calendar),10,calendar
2022-05-18,2022-05-17,VUSA.L,buy,5.491872770316112,69.52751076888973,381.83624317952575,0.3822184616411669,0.0,Risk 10 (calendar),10,calendar
2022-06-01,2022-05-31,VERX.L,sell,9.250748065556982,35.536477981355425,328.739004942732,0.328739004942732,-13.814737886497369,Risk 10 (calendar),10,calendar
2022-06-01,2022-05-31,VUSA.L,buy,4.613402155168994,71.11494828263751,328.08185567185143,0.32841026593778927,0.0,Risk 10 (calendar),10,calendar
2022-06-17,2022-06-16,VFEM.L,sell,8.3672593009389,55.81801957669054,467.04384346305346,0.46704384346305344,-34.65038324683724,Risk 10 (calendar),10,calendar
2022-06-17,2022-06-16,SGLN.L,sell,15.77791239372055,29.420000000000055,464.18618262325947,0.46418618262325945,68.0896586401351,Risk 10 (calendar),10,calendar
2022-06-17,2022-06-16,VUSA.L,buy,12.51285745094384,65.32201088925157,817.3650106662062,0.8181831938600662,0.0,Risk 10 (calendar),10,calendar
2022-07-01,2022-06-30,VUSA.L,sell,8.386651758183088,68.17904329558449,571.7938933261546,0.5717938933261546,-10.741610026288754,Risk 10 (calendar),10,calendar
2022-07-01,2022-06-30,VERX.L,buy,10.694842760936538,33.372188262751784,356.9103060585022,0.35726757363213435,0.0,Risk 10 (calendar),10,calendar
2022-07-15,2022-07-14,VUSA.L,sell,11.336208528948012,70.54605122865856,799.7247476219225,0.7997247476219225,12.286665049136786,Risk 10 (calendar),10,calendar
2022-07-15,2022-07-14,SGLN.L,buy,13.023030169693996,28.040000000000045,365.1657659582202,0.3655312972554757,0.0,Risk 10 (calendar),10,calendar
2022-07-15,2022-07-14,ISF.L,buy,29.544492730418792,10.123281179499527,299.08720721570916,0.29938659380951865,0.0,Risk 10 (calendar),10,calendar
2022-07-29,2022-07-28,VUSA.L,sell,5.590936014511369,73.1451787791307,408.9500143241146,0.4089500143241146,20.576718564915325,Risk 10 (calendar),10,calendar
2022-07-29,2022-07-28,VFEM.L,buy,8.752542758731703,55.97813436517046,489.95101458518303,0.49044145604122424,0.0,Risk 10 (calendar),10,calendar
2022-08-12,2022-08-11,VUSA.L,sell,5.3107107497274315,76.12257144897498,404.2649584909659,0.4042649584909659,35.34164482389332,Risk 10 (calendar),10,calendar
2022-08-12,2022-08-11,SGLN.L,buy,11.164757689191047,28.85500000000004,322.1590831216081,0.3224815646862944,0.0,Risk 10 (calendar),10,calendar
2022-08-26,2022-08-25,VUSA.L,sell,4.877437795931528,75.94776353592346,370.4304923865834,0.37043049238658343,31.606543825222786,Risk 10 (calendar),10,calendar
2022-08-26,2022-08-25,VERX.L,buy,18.996748804793622,34.231224123129884,650.2819659476902,0.6509328988465368,0.0,Risk 10 (calendar),10,calendar
2022-09-12,2022-09-09,ISF.L,buy,16.7150489343568,10.679267378373606,178.50447681259507,0.17868315997256765,0.0,Risk 10 (calendar),10,calendar
2022-09-27,2022-09-26,SGLN.L,sell,12.173568543806534,29.58000000000003,360.09415752579764,0.3600941575257976,49.15692095187478,Risk 10 (calendar),10,calendar
2022-09-27,2022-09-26,ISF.L,buy,28.483687590974267,9.978178763486333,284.21532662603863,0.2844998264524911,0.0,Risk 10 (calendar),10,calendar
2022-10-11,2022-10-10,VUSA.L,sell,920.0073574977797,70.62748669981646,64977.80740540772,64.97780740540773,1071.9894228188423,Risk 10 (calendar),10,calendar
2022-10-11,2022-10-10,VERX.L,sell,224.06647059419998,32.285020051806846,7233.990496071336,7.233990496071335,-1007.9815580347749,Risk 10 (calendar),10,calendar
2022-10-11,2022-10-10,VUAG.L,buy,1084.1141065605716,60.005001068115284,65052.26812212594,65.11738550763357,0.0,Risk 10 (calendar),10,calendar
2022-10-11,2022-10-10,VJPN.L,buy,230.82564066791204,27.373031615332184,6318.397559632062,6.324722281913976,0.0,Risk 10 (calendar),10,calendar
2022-10-11,2022-10-10,VFEM.L,buy,14.127356888975743,54.64149058181155,771.9398383948586,0.7727125509458045,0.0,Risk 10 (calendar),10,calendar
2022-10-25,2022-10-24,VUAG.L,sell,10.390125546804647,61.88499832153326,642.9929020245254,0.6429929020245254,18.266331010524254,Risk 10 (calendar),10,calendar
2022-10-25,2022-10-24,ISF.L,sell,25.49226257646643,10.029348910991388,255.6707959099901,0.2556707959099901,7.443891940042391,Risk 10 (calendar),10,calendar
2022-10-25,2022-10-24,VFEM.L,buy,11.456161891604031,51.97559718252333,595.4408557357856,0.596036892628414,0.0,Risk 10 (calendar),10,calendar
2022-10-25,2022-10-24,VJPN.L,buy,11.249966674594393,26.780415743534967,301.2787846465514,0.30158036501156293,0.0,Risk 10 (calendar),10,calendar
2022-11-08,2022-11-07,VFEM.L,sell,7.134405400285002,54.41049097616067,388.1865006524791,0.38818650065247906,-31.451199518733404,Risk 10 (calendar),10,calendar
2022-11-08,2022-11-07,ISF.L,sell,33.227357041376294,10.444558464824201,347.0450732502428,0.3470450732502428,23.48510519892477,Risk 10 (calendar),10,calendar
2022-11-08,2022-11-07,VERX.L,sell,8.166717882170971,35.10727659478681,286.7112235609678,0.28671122356096784,-13.713131731945793,Risk 10 (calendar),10,calendar
2022-11-08,2022-11-07,VUAG.L,buy,16.546220589535015,61.604999542236406,1019.3299118440473,1.0203502621061533,0.0,Risk 10 (calendar),10,calendar
2022-12-06,2022-12-05,ISF.L,sell,28.08502972705928,10.77204687345464,302.5332566622495,0.30253325666224956,29.038830992805686,Risk 10 (calendar),10,calendar
2022-12-06,2022-12-05,VUAG.L,buy,5.048730419725671,59.94499969482433,302.6461434697057,0.30294909256226793,0.0,Risk 10 (calendar),10,calendar
2022-12-20,2022-12-19,VJPN.L,sell,13.296291119033473,28.03966794455961,372.8235878718955,0.3728235878718955,8.493197457861584,Risk 10 (calendar),10,calendar
2022-12-20,2022-12-19,VUAG.L,buy,6.271525081737525,58.27999877929702,365.5044741079936,0.36587034445244604,0.0,Risk 10 (calendar),10,calendar
2023-01-06,2023-01-05,VFEM.L,sell,9.208358872059058,57.81349682848479,532.3674264453362,0.5323674264453362,-9.289220050045401,Risk 10 (calendar),10,calendar
2023-01-06,2023-01-05,VERX.L,sell,10.170643625849374,37.67056229290834,383.13386426653005,0.38313386426653007,8.966174528768079,Risk 10 (calendar),10,calendar
2023-01-06,2023-01-05,VUAG.L,buy,15.400245680709364,59.5849990844728,917.6236247857237,0.9185421669526764,0.0,Risk 10 (calendar),10,calendar
2023-01-20,2023-01-19,ISF.L,sell,37.43265528263823,11.158197853911606,417.6809738409468,0.4176809738409468,53.14411499611208,Risk 10 (calendar),10,calendar
2023-01-20,2023-01-19,VUAG.L,buy,7.091699523230121,59.02500152587904,418.58757517973356,0.4190065817614951,0.0,Risk 10 (calendar),10,calendar
2023-02-03,2023-02-02,VUAG.L,sell,14.42088942933002,64.12500000000014,924.7395346557895,0.9247395346557894,57.59827386954953,Risk 10 (calendar),10,calendar
2023-02-03,2023-02-02,ISF.L,buy,44.623741367983065,11.34809366490422,506.394396722333,0.5069012980203533,0.0,Risk 10 (calendar),10,calendar
2023-02-03,2023-02-02,VFEM.L,buy,5.340554661132388,58.99246648213156,315.0524918428439,0.31536785970254644,0.0,Risk 10 (calendar),10,calendar
2023-03-03,2023-03-02,ISF.L,sell,38.00904607670625,11.46732998442895,435.86227375495514,0.4358622737549551,62.646941557518346,Risk 10 (calendar),10,calendar
2023-03-03,2023-03-02,VUAG.L,buy,8.271682196519334,62.38000106811539,515.9875442539872,0.5165040483022895,0.0,Risk 10 (calendar),10,calendar
2023-03-17,2023-03-16,VUAG.L,sell,8.25072990226161,60.014999389648594,495.16755004838586,0.49516755004838586,-1.0674974981494643,Risk 10 (calendar),10,calendar
2023-03-17,2023-03-16,ISF.L,buy,28.081887159822955,10.630298723026394,298.51884921523725,0.29881766688211936,0.0,Risk 10 (calendar),10,calendar
2023-03-17,2023-03-16,VFEM.L,buy,3.997025301142565,54.286938355732644,216.98626612943013,0.21720346959902917,0.0,Risk 10 (calendar),10,calendar
2023-06-02,2023-06-01,VUAG.L,sell,8.105689148182643,64.02500152587902,518.9667600806947,0.5189667600806948,31.422595161184574,Risk 10 (calendar),10,calendar
2023-06-02,2023-06-01,VFEM.L,buy,8.395531388191094,55.08916285988344,462.5027959393224,0.46296576170102344,0.0,Risk 10 (calendar),10,calendar
2023-06-16,2023-06-15,ISF.L,buy,4.961664691068498,11.170958345440873,55.42654958797095,0.05548203161959055,0.0,Risk 10 (calendar),10,calendar
2023-06-30,2023-06-29,VUAG.L,sell,13.191834897269196,65.31999969482435,861.690651463797,0.8616906514637971,68.2059169876776,Risk 10 (calendar),10,calendar
2023-06-30,2023-06-29,ISF.L,buy,37.310966944590064,11.023814184928668,411.3091666571766,0.41172088754472136,0.0,Risk 10 (calendar),10,calendar
2023-06-30,2023-06-29,SGLN.L,buy,9.262784920224915,29.380000000000038,272.14062095620835,0.2724130339901985,0.0,Risk 10 (calendar),10,calendar
2023-08-25,2023-08-24,VUAG.L,sell,5.175929388679765,65.30500030517594,338.01407030730115,0.33801407030730113,26.683617457601372,Risk 10 (calendar),10,calendar
2023-09-25,2023-09-22,VUAG.L,buy,7.037372416207938,66.41000366210956,467.351927931998,0.46781974767967766,0.0,Risk 10 (calendar),10,calendar
2023-10-09,2023-10-06,VFEM.L,sell,99.69695889357335,54.42156017352848,5425.664047544398,5.425664047544399,-411.876840602421,Risk 10 (calendar),10,calendar
2023-10-09,2023-10-06,VJPN.L,sell,144.00929648728018,30.16126930596939,4343.5031739160495,4.343503173916049,397.2128014509731,Risk 10 (calendar),10,calendar
2023-10-09,2023-10-06,VUAG.L,sell,4.568038254287054,66.06999969482442,301.81028606669196,0.30181028606669197,26.852313008370913,Risk 10 (calendar),10,calendar
2023-10-09,2023-10-06,VERX.L,buy,265.92837856088715,37.97018759193687,10097.350419976488,10.107457877854342,0.0,Risk 10 (calendar),10,calendar
2023-10-23,2023-10-20,SGLN.L,sell,13.568943118480934,31.460000000000036,426.8789505074107,0.4268789505074107,77.6055948625987,Risk 10 (calendar),10,calendar
2023-10-23,2023-10-20,VERX.L,buy,7.7320288636694485,37.349507979200155,288.787473739028,0.28907655028931734,0.0,Risk 10 (calendar),10,calendar
2023-11-20,2023-11-17,VERX.L,sell,11.370616307635025,40.11057052956343,456.0819073719988,0.4560819073719988,28.160740232329715,Risk 10 (calendar),10,calendar
2023-11-20,2023-11-17,SGLN.L,buy,11.85842509029865,30.73000000000003,364.40940302487786,0.36477417720207994,0.0,Risk 10 (calendar),10,calendar
2023-12-18,2023-12-15,VUAG.L,sell,5.531721548644875,70.434997558594,389.62679377362366,0.38962679377362364,56.63894220589441,Risk 10 (calendar),10,calendar
2023-12-18,2023-12-15,ISF.L,buy,31.13116064726932,11.348821758035385,353.301993306625,0.35365564895558055,0.0,Risk 10 (calendar),10,calendar
2024-01-18,2024-01-17,VUAG.L,sell,8.74760017091006,70.62500000000024,617.7992620705251,0.617799262070525,91.22652051932732,Risk 10 (calendar),10,calendar
2024-01-18,2024-01-17,VFEM.L,buy,6.203372234150029,54.26918253619005,336.65194011502103,0.33698892904406513,0.0,Risk 10 (calendar),10,calendar
2024-02-15,2024-02-14,VUAG.L,sell,10.83619638512596,74.96499633789091,812.3354223276343,0.8123354223276343,159.98998833895564,Risk 10 (calendar),10,calendar
2024-02-15,2024-02-14,ISF.L,buy,47.77492773374951,11.344230378410316,541.9697865235587,0.5425122988223812,0.0,Risk 10 (calendar),10,calendar
2024-02-15,2024-02-14,SGLN.L,buy,14.088545229204405,30.920000000000027,435.6178184870006,0.43605387235935994,0.0,Risk 10 (calendar),10,calendar
2024-02-15,2024-02-14,VERX.L,buy,8.808039921121951,42.33811642367932,372.91581964487636,0.37328910875363,0.0,Risk 10 (calendar),10,calendar
2024-03-14,2024-03-13,VERX.L,sell,8.67528866111712,44.02168234165765,381.9008016618824,0.38190080166188234,54.46708808188362,Risk 10 (calendar),10,calendar
2024-03-14,2024-03-13,VUAG.L,buy,5.051561874678754,76.17500305175813,384.8027412197991,0.38518792914894806,0.0,Risk 10 (calendar),10,calendar
2024-04-15,2024-04-12,SGLN.L,sell,24.963719380215718,36.70000000000004,916.1685012539178,0.9161685012539179,256.40478119550664,Risk 10 (calendar),10,calendar
2024-04-15,2024-04-12,VERX.L,buy,13.901056815392966,43.75463019289479,608.2356002479389,0.6088444446926315,0.0,Risk 10 (calendar),10,calendar
2024-04-15,2024-04-12,VUAG.L,buy,3.938009352274992,77.7300033569339,306.10148017197224,0.3064078880600323,0.0,Risk 10 (calendar),10,calendar
2024-04-29,2024-04-26,ISF.L,sell,34.87678890168765,12.287296092655245,428.5414319960684,0.4285414319960684,79.25882956052726,Risk 10 (calendar),10,calendar
2024-04-29,2024-04-26,VUAG.L,buy,5.558962545382421,76.83000183105499,427.0951025404975,0.42752262516566314,0.0,Risk 10 (calendar),10,calendar
2024-05-14,2024-05-13,VERX.L,sell,10.524363553797588,45.681902764240476,480.77295252009776,0.4807729525200977,81.32955714446314,Risk 10 (calendar),10,calendar
2024-06-12,2024-06-11,VUAG.L,sell,8.428516379772887,80.08499908447297,674.997726557577,0.6749977265575771,165.63705127031176,Risk 10 (calendar),10,calendar
2024-06-12,2024-06-11,SGLN.L,buy,12.60563047583045,35.32000000000003,445.23086840633187,0.44567654495128317,0.0,Risk 10 (calendar),10,calendar
2024-06-26,2024-06-25,VUAG.L,sell,6.9022036268366715,81.83499908447297,564.841827483025,0.564841827483025,147.70875817895313,Risk 10 (calendar),10,calendar
2024-06-26,2024-06-25,VERX.L,buy,14.85602190042698,44.662496439427784,663.5070252318811,0.6641711964283095,0.0,Risk 10 (calendar),10,calendar
2024-07-10,2024-07-09,VUAG.L,sell,5.667645134887083,82.44499969482455,467.26900141613936,0.4672690014161393,124.74272989174648,Risk 10 (calendar),10,calendar
2024-07-10,2024-07-09,ISF.L,buy,38.95309439829234,12.45140722748834,485.0208411239329,0.4855063474714043,0.0,Risk 10 (calendar),10,calendar
2024-08-07,2024-08-06,ISF.L,sell,32.153034335634956,12.413917675014266,399.14512124447936,0.3991451212444794,74.11946153162216,Risk 10 (calendar),10,calendar
2024-08-07,2024-08-06,SGLN.L,sell,9.465674877734983,36.65500000000002,346.96431264337605,0.34696431264337607,90.96802864056625,Risk 10 (calendar),10,calendar
2024-08-07,2024-08-06,VUAG.L,buy,10.659342552886596,79.02999877929719,842.4078289427382,0.8432510800227611,0.0,Risk 10 (calendar),10,calendar
2024-08-07,2024-08-06,VJPN.L,buy,10.427192623271017,32.46334317727162,338.5015325047621,0.33884037287763974,0.0,Risk 10 (calendar),10,calendar
2024-09-05,2024-09-04,VUAG.L,buy,1.9472566263021085,79.11000061035185,154.04747289527148,0.15420167456984132,0.0,Risk 10 (calendar),10,calendar
2024-10-03,2024-10-02,VJPN.L,sell,95.19721235946379,34.23083107168463,3258.6796947720927,3.2586796947720926,596.1824313914635,Risk 10 (calendar),10,calendar
2024-10-03,2024-10-02,ISF.L,buy,195.38112453529976,12.692170306727217,2479.810507321904,2.482292800122026,0.0,Risk 10 (calendar),10,calendar
2024-10-03,2024-10-02,VERX.L,buy,16.985724465889348,44.336673734934195,753.0905237956255,0.7538443681637892,0.0,Risk 10 (calendar),10,calendar
2024-10-17,2024-10-16,VUAG.L,sell,11.864340401813527,85.48000335693389,1014.1638573748266,1.0141638573748266,294.47034955781385,Risk 10 (calendar),10,calendar
2024-10-17,2024-10-16,VERX.L,buy,11.568036896204825,44.481367156559216,514.5620964607106,0.5150771736343449,0.0,Risk 10 (calendar),10,calendar
2024-10-17,2024-10-16,ISF.L,buy,39.76799077150219,12.857905653409107,511.3330733656192,0.5118449182839031,0.0,Risk 10 (calendar),10,calendar
2024-10-31,2024-10-30,SGLN.L,sell,9.629726010716649,41.38999999999999,398.574359583562,0.398574359583562,138.09576607678616,Risk 10 (calendar),10,calendar
2024-10-31,2024-10-30,VUAG.L,sell,4.3192818696133335,84.50000000000031,364.97931798232804,0.364979317982328,102.9749592045336,Risk 10 (calendar),10,calendar
2024-10-31,2024-10-30,ISF.L,buy,31.904310343176647,12.442778263447474,396.9782592483608,0.397375634883244,0.0,Risk 10 (calendar),10,calendar
2024-10-31,2024-10-30,VERX.L,buy,8.492557395790694,43.63291222995534,370.55501145839344,0.3709259373957892,0.0,Risk 10 (calendar),10,calendar
2024-11-14,2024-11-13,VUAG.L,sell,25.11271800385892,89.34500122070342,2243.695820709956,2.243695820709956,720.255742383398,Risk 10 (calendar),10,calendar
2024-11-14,2024-11-13,VERX.L,buy,22.8704877144289,43.06070205985844,984.8192574346757,0.9858050624971729,0.0,Risk 10 (calendar),10,calendar
2024-11-14,2024-11-13,ISF.L,buy,48.50840311105876,12.419101785350067,602.4307956810306,0.6030338295105412,0.0,Risk 10 (calendar),10,calendar
2024-11-14,2024-11-13,SGLN.L,buy,12.898339925298252,39.37999999999999,507.93662625824504,0.5084450713295746,0.0,Risk 10 (calendar),10,calendar
2024-11-28,2024-11-27,ISF.L,sell,29.985586024581433,12.763199741019465,382.7120237832546,0.3827120237832546,61.01219921041519,Risk 10 (calendar),10,calendar
2024-12-12,2024-12-11,VUAG.L,buy,5.782442624583331,90.95999908447297,525.9709758381173,0.5264974733114287,0.0,Risk 10 (calendar),10,calendar
2025-01-14,2025-01-13,SGLN.L,sell,9.552260079179758,42.57999999999999,406.735234171474,0.40673523417147406,139.7144187061391,Risk 10 (calendar),10,calendar
2025-01-28,2025-01-27,VERX.L,sell,18.064200641230208,45.73184476794979,826.1092195818389,0.826109219581839,122.9773813962023,Risk 10 (calendar),10,calendar
2025-01-28,2025-01-27,VUAG.L,buy,9.815240109998964,92.4100036621097,907.0263745094903,0.9079343088183086,0.0,Risk 10 (calendar),10,calendar
2025-02-25,2025-02-24,VERX.L,sell,11.157098594702374,47.45738658813355,529.4867412107121,0.5294867412107122,95.18803227573324,Risk 10 (calendar),10,calendar
2025-02-25,2025-02-24,VUAG.L,buy,9.541041865182962,89.11000061035189,850.2022464298467,0.8510532997295762,0.0,Risk 10 (calendar),10,calendar
2025-03-11,2025-03-10,VERX.L,sell,25.65756303735075,46.84041576323295,1201.8109201408672,1.201810920140867,203.0862256832703,Risk 10 (calendar),10,calendar
2025-03-11,2025-03-10,ISF.L,sell,86.66440610646018,13.204349031259046,1144.347066816478,1.1443470668164781,214.5313004858026,Risk 10 (calendar),10,calendar
2025-03-11,2025-03-10,SGLN.L,sell,9.64740658317667,43.77999999999997,422.3634602114743,0.4223634602114743,152.67137299280068,Risk 10 (calendar),10,calendar
2025-03-11,2025-03-10,VUAG.L,buy,33.57619651447012,82.06999969482452,2755.5984376959304,2.7583567944904206,0.0,Risk 10 (calendar),10,calendar
2025-04-08,2025-04-07,SGLN.L,sell,21.186558445882117,45.749999999999964,969.2850488991061,0.969285048899106,376.9756258629161,Risk 10 (calendar),10,calendar
2025-04-08,2025-04-07,VUAG.L,buy,7.595724895662579,77.30999755859398,587.2254731394255,0.5878132864258514,0.0,Risk 10 (calendar),10,calendar
2025-04-08,2025-04-07,VERX.L,buy,8.372535879552046,43.03021607524909,360.27202799490027,0.3606326606555558,0.0,Risk 10 (calendar),10,calendar
2025-04-24,2025-04-23,VERX.L,sell,14.675298460845971,46.021553672092594,675.3800357698007,0.6753800357698007,102.93508679137585,Risk 10 (calendar),10,calendar
2025-04-24,2025-04-23,ISF.L,sell,42.832552633715544,13.19180345862924,565.0386159753676,0.5650386159753676,105.4919811988729,Risk 10 (calendar),10,calendar
2025-04-24,2025-04-23,VUAG.L,buy,16.184654493245407,78.0999984741213,1264.0214912266467,1.2652867780046513,0.0,Risk 10 (calendar),10,calendar
2025-05-09,2025-05-08,VUAG.L,sell,8.570010146815013,81.30000305175807,696.7418510896582,0.6967418510896582,162.22348615048588,Risk 10 (calendar),10,calendar
2025-05-09,2025-05-08,ISF.L,buy,28.906792996654396,13.437781523963173,388.4431688474705,0.38883200084831876,0.0,Risk 10 (calendar),10,calendar
2025-05-23,2025-05-22,SGLN.L,buy,6.408150143491879,48.319999999999965,309.64181493352737,0.3099517667002276,0.0,Risk 10 (calendar),10,calendar
2025-06-09,2025-06-06,VUAG.L,sell,4.456205862803821,84.57499694824244,376.88359724737325,0.37688359724737325,98.93189101346451,Risk 10 (calendar),10,calendar
2025-06-23,2025-06-20,VERX.L,buy,7.845785768672111,47.94041260192798,376.1302069364757,0.37650671365012583,0.0,Risk 10 (calendar),10,calendar
2025-07-07,2025-07-04,VUAG.L,sell,11.245195426757112,87.50000000000028,983.9545998412505,0.9839545998412504,282.513076135133,Risk 10 (calendar),10,calendar
2025-07-07,2025-07-04,SGLN.L,buy,9.390454080675047,47.3,444.16847801592974,0.4446130911070368,0.0,Risk 10 (calendar),10,calendar
2025-07-21,2025-07-18,VERX.L,buy,7.528434062019303,49.784796607348355,374.8015585494644,0.37517673528474915,0.0,Risk 10 (calendar),10,calendar
2025-08-04,2025-08-01,VUAG.L,sell,6.332692860689879,90.87999725341831,575.515109786238,0.575515109786238,180.47934042947924,Risk 10 (calendar),10,calendar
2025-08-04,2025-08-01,VERX.L,buy,11.7218536405357,49.10919890131035,575.6508419251165,0.5762270689941106,0.0,Risk 10 (calendar),10,calendar
2025-08-18,2025-08-15,VERX.L,sell,9.366768188877252,50.14623869978993,469.7081934450377,0.4697081934450377,98.44004397821993,Risk 10 (calendar),10,calendar
2025-09-30,2025-09-29,VUAG.L,sell,69.02089264518241,94.80000305175818,6543.180833398366,6.543180833398366,2237.360953046389,Risk 10 (calendar),10,calendar
2025-09-30,2025-09-29,SGLN.L,sell,11.157258688253266,55.45,618.6699942636436,0.6186699942636437,283.72316891971474,Risk 10 (calendar),10,calendar
2025-09-30,2025-09-29,ISF.L,buy,486.77106478420865,14.825129653574754,7216.444147034529,7.223667814849378,0.0,Risk 10 (calendar),10,calendar
2025-09-30,2025-09-29,VERX.L,buy,10.97387691919326,51.175244894039,561.5908387767573,0.5621529917685257,0.0,Risk 10 (calendar),10,calendar
2025-10-14,2025-10-13,SGLN.L,sell,8.652287177021183,60.44,522.9442369791602,0.5229442369791603,263.15481051078956,Risk 10 (calendar),10,calendar
2025-10-14,2025-10-13,VUAG.L,buy,5.3932537308978965,95.51999664306679,515.1635782705745,0.5156792575281025,0.0,Risk 10 (calendar),10,calendar
2025-10-29,2025-10-28,VUAG.L,sell,6.2183477473838735,100.09999847412155,622.4566000246829,0.6224566000246828,233.39381732335625,Risk 10 (calendar),10,calendar
2025-10-29,2025-10-28,SGLN.L,buy,8.342350944715491,58.65999999999998,489.3623064170106,0.48985215857558617,0.0,Risk 10 (calendar),10,calendar
2025-11-12,2025-11-11,VUAG.L,buy,1.3858529604308674,100.00000000000047,138.5852960430874,0.13872402006315054,0.0,Risk 10 (calendar),10,calendar
2025-11-26,2025-11-25,SGLN.L,sell,8.442582160573998,61.06999999999998,515.5884925462539,0.5155884925462538,247.74947538710933,Risk 10 (calendar),10,calendar
2025-12-24,2025-12-23,VUAG.L,buy,5.237763053122155,98.23999786377,514.5578311496539,0.5150729040537075,0.0,Risk 10 (calendar),10,calendar
2026-01-12,2026-01-09,VERX.L,sell,9.932462413599215,55.9422360683085,555.6441570811685,0.5556441570811684,158.99279084875326,Risk 10 (calendar),10,calendar
2026-01-12,2026-01-09,ISF.L,sell,31.051933824710854,16.19126245638646,502.7700103342377,0.5027700103342377,130.52619152140608,Risk 10 (calendar),10,calendar
2026-01-12,2026-01-09,VUAG.L,buy,10.6012426686066,99.44000244140672,1054.1875968481854,1.0552428396878732,0.0,Risk 10 (calendar),10,calendar
2026-01-26,2026-01-23,SGLN.L,sell,15.958605925372215,71.90999999999994,1147.583352093515,1.147583352093515,641.127182864474,Risk 10 (calendar),10,calendar
2026-01-26,2026-01-23,VUAG.L,buy,11.65027637209342,97.52999877929736,1136.2514403487482,1.1373888291779262,0.0,Risk 10 (calendar),10,calendar
2026-02-09,2026-02-06,ISF.L,sell,46.66271350614929,16.611389075160254,775.1324893533811,0.7751324893533811,215.73043988463326,Risk 10 (calendar),10,calendar
2026-02-09,2026-02-06,VUAG.L,buy,7.991053541953814,98.01000213623095,783.2031747176293,0.7839871618795088,0.0,Risk 10 (calendar),10,calendar
2026-02-23,2026-02-20,VERX.L,sell,10.181847577883522,57.73521244503969,587.851132992118,0.587851132992118,181.22235258252198,Risk 10 (calendar),10,calendar
2026-02-23,2026-02-20,ISF.L,sell,26.03156007979003,17.143110465416342,446.26191003496274,0.4462619100349628,134.1764600262626,Risk 10 (calendar),10,calendar
2026-02-23,2026-02-20,VUAG.L,buy,10.601850361699496,97.48999786377,1033.574369114093,1.0346089780921852,0.0,Risk 10 (calendar),10,calendar
2026-03-09,2026-03-06,VUAG.L,sell,14.310245220437015,96.50000000000048,1380.9386637721789,1.380938663772179,462.5839166224707,Risk 10 (calendar),10,calendar
2026-03-09,2026-03-06,VERX.L,buy,15.27333048674877,53.64667913299959,819.3634599148717,0.8201836435584301,0.0,Risk 10 (calendar),10,calendar
2026-03-09,2026-03-06,ISF.L,buy,33.94902315947942,16.460406087189334,558.8147074684266,0.5593740815499767,0.0,Risk 10 (calendar),10,calendar
2026-03-23,2026-03-20,VUAG.L,sell,4.925327345997728,94.58000183105516,465.8374694030111,0.4658374694030111,149.76584706212145,Risk 10 (calendar),10,calendar
2026-03-23,2026-03-20,VERX.L,buy,8.14139901811501,52.18658990492041,424.8718518106897,0.4252971489596494,0.0,Risk 10 (calendar),10,calendar
2026-04-08,2026-04-07,ISF.L,sell,53.04877542065464,17.133244537407972,908.8976416921134,0.9088976416921134,267.81295583219764,Risk 10 (calendar),10,calendar
2026-04-08,2026-04-07,VERX.L,sell,8.411935500611687,55.93220199893965,470.49807562226437,0.4704980756222643,128.6130038113642,Risk 10 (calendar),10,calendar
2026-04-08,2026-04-07,VUAG.L,buy,12.128046372518877,96.91999816894578,1175.4502322174192,1.1766268590764957,0.0,Risk 10 (calendar),10,calendar
2026-04-22,2026-04-21,VUAG.L,sell,11.45451760831148,101.63999938964892,1164.2371627175016,1.1642371627175017,424.7217840194887,Risk 10 (calendar),10,calendar
2026-04-22,2026-04-21,ISF.L,buy,48.52309629923284,16.948518329595643,822.3945870362824,0.8232178048411235,0.0,Risk 10 (calendar),10,calendar
2026-04-22,2026-04-21,SGLN.L,buy,8.471274373463823,67.95999999999994,575.7078064206008,0.576284090511112,0.0,Risk 10 (calendar),10,calendar
2026-05-07,2026-05-06,VUAG.L,sell,9.43916465643267,104.44000244140676,985.8263797626685,0.9858263797626685,376.3978203463249,Risk 10 (calendar),10,calendar
2026-05-07,2026-05-06,ISF.L,buy,41.24990362120939,16.64834101024685,686.7424621257103,0.687429892017728,0.0,Risk 10 (calendar),10,calendar
2026-05-21,2026-05-20,VUAG.L,sell,10.21018991664744,106.51999664306695,1087.5893956463613,1.0875893956463614,428.35926039800586,Risk 10 (calendar),10,calendar
2026-05-21,2026-05-20,SGLN.L,buy,9.821809403021895,65.27999999999992,641.1677178292684,0.641809527356625,0.0,Risk 10 (calendar),10,calendar
2026-05-21,2026-05-20,VERX.L,buy,7.789813922658565,57.24657154158095,445.94014001907686,0.4463865265456225,0.0,Risk 10 (calendar),10,calendar
2026-06-05,2026-06-04,VUAG.L,sell,6.929618496636156,108.08000183105524,748.95317980495,0.74895317980495,301.52529152247064,Risk 10 (calendar),10,calendar
2026-06-05,2026-06-04,ISF.L,buy,49.825205492586655,16.819870763207394,838.0535171355588,0.8388924095451039,0.0,Risk 10 (calendar),10,calendar
2026-06-19,2026-06-18,VERX.L,sell,9.597654431578867,59.627377298314265,572.282961970591,0.572282961970591,179.32870949927724,Risk 10 (calendar),10,calendar
2026-06-19,2026-06-18,SGLN.L,buy,10.539008170485689,60.91999999999991,642.0363777459872,0.64267905680279,0.0,Risk 10 (calendar),10,calendar
2026-07-03,2026-07-02,ISF.L,sell,45.49464734960383,17.361498148952435,789.8552357473907,0.7898552357473907,222.02579389929303,Risk 10 (calendar),10,calendar
2026-07-03,2026-07-02,VUAG.L,buy,7.090115373282183,108.4599990844732,768.9939068949949,0.7697636705655605,0.0,Risk 10 (calendar),10,calendar
2026-07-17,2026-07-16,VUAG.L,sell,6.782856168064255,107.31999969482476,727.936121886696,0.727936121886696,287.9034188678419,Risk 10 (calendar),10,calendar
2026-07-17,2026-07-16,SGLN.L,buy,9.177983114147992,57.82999999999993,530.7627634911777,0.5312940575487264,0.0,Risk 10 (calendar),10,calendar
2026-07-31,2026-07-30,ISF.L,sell,51.86745168754119,17.68888407531567,917.4773401829523,0.9174773401829524,270.0904411208859,Risk 10 (calendar),10,calendar
2026-07-31,2026-07-30,VUAG.L,buy,11.903240348592268,106.6600036621099,1269.5996591718256,1.2708705297015273,0.0,Risk 10 (calendar),10,calendar
2026-08-14,2026-08-13,VUAG.L,sell,9.100406699874563,110.98000335693412,1009.9631661015447,1.009963166101545,415.0961624605152,Risk 10 (calendar),10,calendar
2026-08-14,2026-08-13,SGLN.L,sell,7.647603227780478,62.82999999999993,480.49891080144687,0.4804989108014469,179.1594653436755,Risk 10 (calendar),10,calendar
2026-08-14,2026-08-13,ISF.L,buy,69.69909864224738,17.55859686143229,1223.8183746644243,1.225043418082507,0.0,Risk 10 (calendar),10,calendar
2026-08-28,2026-08-27,SGLN.L,sell,7.598687062622333,65.1899999999999,495.35840961234913,0.49535840961234917,195.92848089238134,Risk 10 (calendar),10,calendar
2026-08-28,2026-08-27,VUAG.L,buy,6.850103303926814,110.6600036621099,758.0324566983724,0.7587912479463186,0.0,Risk 10 (calendar),10,calendar
2026-09-14,2026-09-11,VUAG.L,sell,6.4522166470019835,109.31999969482473,705.3563218811998,0.7053563218811998,281.63177580899963,Risk 10 (calendar),10,calendar
2026-09-14,2026-09-11,VERX.L,buy,9.086634684838884,58.41459360280391,530.7920723320057,0.5313233957277335,0.0,Risk 10 (calendar),10,calendar
2021-09-28,2021-09-27,VWRL.L,buy,987.0661235685526,101.20902502339992,99900.0,100.0,0.0,VWRL 100%,,bands
2021-09-28,2021-09-27,VWRL.L,buy,592.2396741411316,101.20902502339992,59940.0,60.0,0.0,VWRL/AGBP 60/40,,bands
2021-09-28,2021-09-27,AGBP.L,buy,7346.045961132794,5.439661038254378,39960.0,40.0,0.0,VWRL/AGBP 60/40,,bands
2022-08-26,2022-08-25,VWRL.L,sell,30.20775824683116,104.60186589582115,3159.7878771484184,3.159787877148418,96.269970848497,VWRL/AGBP 60/40,,bands
2022-08-26,2022-08-25,AGBP.L,buy,637.5113367457707,4.946533935034245,3153.4714611819986,3.15662808927127,0.0,VWRL/AGBP 60/40,,bands
2022-10-11,2022-10-10,AGBP.L,sell,70.17411629509171,4.7011360405519875,329.89806722874215,0.32989806722874215,-49.77128134199677,VWRL/AGBP 60/40,,bands
2022-10-11,2022-10-10,VWRL.L,buy,3.373658613981031,97.40187650826196,328.6006797000146,0.32892960930932397,0.0,VWRL/AGBP 60/40,,bands
2023-10-09,2023-10-06,VWRL.L,sell,14.644316893869291,106.47898263087937,1559.3119641834016,1.5593119641834017,74.46499680281863,VWRL/AGBP 60/40,,bands
2023-10-09,2023-10-06,AGBP.L,buy,326.92462664815207,4.744699481262776,1551.1591064695137,1.5527118182878017,0.0,VWRL/AGBP 60/40,,bands
2024-10-03,2024-10-02,VWRL.L,sell,18.96779530611085,129.63385847416313,2458.86849227927,2.45886849227927,535.2072329948546,VWRL/AGBP 60/40,,bands
2024-10-03,2024-10-02,AGBP.L,buy,466.4000401670798,5.238111999510243,2443.05564697124,2.4455011481193596,0.0,VWRL/AGBP 60/40,,bands
2025-09-30,2025-09-29,VWRL.L,sell,24.472468300945437,149.27689708029652,3653.174131861051,3.6531741318610513,1170.7634717068786,VWRL/AGBP 60/40,,bands
2025-09-30,2025-09-29,AGBP.L,buy,679.7165484798312,5.3881911902015736,3662.442718353247,3.666108827180427,0.0,VWRL/AGBP 60/40,,bands
2026-06-05,2026-06-04,VWRL.L,sell,26.26064450007908,171.8214094384849,4512.140950766584,4.512140950766584,1847.751255093357,VWRL/AGBP 60/40,,bands
2026-06-05,2026-06-04,AGBP.L,buy,828.0491994471525,5.438229013460205,4503.121181006001,4.5076288098158175,0.0,VWRL/AGBP 60/40,,bands
2021-09-28,2021-09-27,AGBP.L,buy,12855.580431982391,5.439661038254378,69930.0,70.0,0.0,Two-fund 30%/70% (risk 3),3,bands
2021-09-28,2021-09-27,VWRL.L,buy,296.1198370705658,101.20902502339992,29970.0,30.0,0.0,Two-fund 30%/70% (risk 3),3,bands
2022-09-12,2022-09-09,VWRL.L,sell,27.673707111982207,105.25363147472903,2912.758169904163,2.912758169904163,106.21286359927626,Two-fund 30%/70% (risk 3),3,bands
2022-09-12,2022-09-09,AGBP.L,buy,591.7015814420812,4.8851844614136795,2890.5713714547555,2.8934648362910464,0.0,Two-fund 30%/70% (risk 3),3,bands
2022-10-11,2022-10-10,AGBP.L,sell,86.50868110622659,4.7011360405519875,406.6890785691006,0.40668907856910064,-62.653823638294284,Two-fund 30%/70% (risk 3),3,bands
2022-10-11,2022-10-10,VWRL.L,buy,4.326958633772964,97.40187650826196,421.4538905031122,0.4218757662693816,0.0,Two-fund 30%/70% (risk 3),3,bands
2023-10-09,2023-10-06,VWRL.L,sell,12.381006085506751,106.47898263087937,1318.3169319314852,1.3183169319314854,63.42320138630157,Two-fund 30%/70% (risk 3),3,bands
2023-10-09,2023-10-06,AGBP.L,buy,276.4497948615647,4.744699481262776,1311.671198274867,1.3129841824573243,0.0,Two-fund 30%/70% (risk 3),3,bands
2024-10-03,2024-10-02,VWRL.L,sell,15.684984721509633,129.63385847416313,2033.3050895575907,2.0333050895575906,443.1689215835097,Two-fund 30%/70% (risk 3),3,bands
2024-10-03,2024-10-02,AGBP.L,buy,385.6989121206223,5.238111999510243,2020.3340997770786,2.022356456233312,0.0,Two-fund 30%/70% (risk 3),3,bands
2025-09-30,2025-09-29,VWRL.L,sell,19.72851529826448,149.27689708029652,2945.011547726082,2.945011547726082,944.5566767859375,Two-fund 30%/70% (risk 3),3,bands
2025-09-30,2025-09-29,AGBP.L,buy,548.018362357625,5.3881911902015736,2952.827712124049,2.9557834956196682,0.0,Two-fund 30%/70% (risk 3),3,bands
2026-06-19,2026-06-18,VWRL.L,sell,21.37022944831619,175.86807144298265,3758.341039369404,3.758341039369404,1590.8494738514041,Two-fund 30%/70% (risk 3),3,bands
2026-06-19,2026-06-18,AGBP.L,buy,686.5218570717072,5.463523232356359,3750.8281156317043,3.7545826983300343,0.0,Two-fund 30%/70% (risk 3),3,bands
2021-09-28,2021-09-27,VWRL.L,buy,493.5330617842763,101.20902502339992,49950.0,50.0,0.0,Two-fund 50%/50% (risk 5),5,bands
2021-09-28,2021-09-27,AGBP.L,buy,9182.557451415993,5.439661038254378,49950.0,50.0,0.0,Two-fund 50%/50% (risk 5),5,bands
2022-08-26,2022-08-25,VWRL.L,sell,31.46641484044912,104.60186589582115,3291.4457053629353,3.2914457053629356,100.28121963385138,Two-fund 50%/50% (risk 5),5,bands
2022-08-26,2022-08-25,AGBP.L,buy,664.0743091101776,4.946533935034245,3284.866105397915,3.2881542596575724,0.0,Two-fund 50%/50% (risk 5),5,bands
2022-10-11,2022-10-10,AGBP.L,sell,72.75457205918102,4.7011360405519875,342.0291408223525,0.3420291408223525,-52.04720816246089,Two-fund 50%/50% (risk 5),5,bands
2022-10-11,2022-10-10,VWRL.L,buy,3.497715421193376,97.40187650826196,340.6840455161207,0.3410250705867074,0.0,Two-fund 50%/50% (risk 5),5,bands
2023-10-09,2023-10-06,VWRL.L,sell,15.076682745442353,106.47898263087937,1605.349840183235,1.6053498401832351,76.75236834934663,Two-fund 50%/50% (risk 5),5,bands
2023-10-09,2023-10-06,AGBP.L,buy,336.5778809284172,4.744699481262776,1596.9608970455854,1.5985594565020873,0.0,Two-fund 50%/50% (risk 5),5,bands
2024-07-10,2024-07-09,VWRL.L,sell,26.57368290151435,128.55718911251188,3416.2379781859036,3.416237978185904,721.393849331801,Two-fund 50%/50% (risk 5),5,bands
2024-07-10,2024-07-09,AGBP.L,buy,674.28384789588,5.0592056003369335,3411.340619491573,3.4147553748664388,0.0,Two-fund 50%/50% (risk 5),5,bands
2024-10-03,2024-10-02,AGBP.L,sell,186.32694146001785,5.238111999510243,976.0013878937622,0.9760013878937621,-25.44121630571533,Two-fund 50%/50% (risk 5),5,bands
2024-10-03,2024-10-02,VWRL.L,buy,7.544015888033331,129.63385847416313,977.959887956151,0.978938826782934,0.0,Two-fund 50%/50% (risk 5),5,bands
2025-09-30,2025-09-29,VWRL.L,sell,24.842489129930655,149.27689708029652,3708.4096930670435,3.7084096930670434,1176.2399760503754,Two-fund 50%/50% (risk 5),5,bands
2025-09-30,2025-09-29,AGBP.L,buy,686.8718000988653,5.3881911902015736,3700.9965820906023,3.7047012833739763,0.0,Two-fund 50%/50% (risk 5),5,bands
2026-06-05,2026-06-04,VWRL.L,sell,26.30161936321596,171.8214094384849,4519.181309502312,4.5191813095023114,1837.6909707526615,Two-fund 50%/50% (risk 5),5,bands
2026-06-05,2026-06-04,AGBP.L,buy,829.3412165801611,5.438229013460205,4510.147466064616,4.514662128192809,0.0,Two-fund 50%/50% (risk 5),5,bands
2021-09-28,2021-09-27,VWRL.L,buy,690.9462864979869,101.20902502339992,69930.0,70.0,0.0,Two-fund 70%/30% (risk 7),7,bands
2021-09-28,2021-09-27,AGBP.L,buy,5509.534470849596,5.439661038254378,29970.0,30.0,0.0,Two-fund 70%/30% (risk 7),7,bands
2022-10-11,2022-10-10,VWRL.L,sell,23.589631801653056,97.40187650826196,2297.6744036199802,2.2976744036199803,-94.49677959874953,Two-fund 70%/30% (risk 7),7,bands
2022-10-11,2022-10-10,AGBP.L,buy,487.7717497870791,4.7011360405519875,2293.0813524871437,2.2953767292163603,0.0,Two-fund 70%/30% (risk 7),7,bands
2023-10-09,2023-10-06,VWRL.L,sell,13.190224742084874,106.47898263087937,1404.4817112098506,1.4044817112098507,66.77113742062579,Two-fund 70%/30% (risk 7),7,bands
2023-10-09,2023-10-06,AGBP.L,buy,294.34188802458584,4.744699481262776,1396.5638034241586,1.397961765189348,0.0,Two-fund 70%/30% (risk 7),7,bands
2024-10-03,2024-10-02,VWRL.L,sell,16.900086618343938,129.63385847416313,2190.8234368834965,2.1908234368834965,476.47917055011885,Two-fund 70%/30% (risk 7),7,bands
2024-10-03,2024-10-02,AGBP.L,buy,415.56757650884674,5.238111999510243,2176.7895091183814,2.1789684775959772,0.0,Two-fund 70%/30% (risk 7),7,bands
2025-09-30,2025-09-29,VWRL.L,sell,21.986902068944254,149.27689708029652,3282.13651726035,3.28213651726035,1051.353958638162,Two-fund 70%/30% (risk 7),7,bands
2025-09-30,2025-09-29,AGBP.L,buy,610.657682842732,5.3881911902015736,3290.3403469221153,3.2936339809030186,0.0,Two-fund 70%/30% (risk 7),7,bands
2026-08-14,2026-08-13,VWRL.L,sell,27.285537243416826,177.01985692391966,4830.081898921928,4.830081898921928,2060.9448884485473,Two-fund 70%/30% (risk 7),7,bands
2026-08-14,2026-08-13,AGBP.L,buy,885.57089939367,5.443298293232556,4820.426565205983,4.825251817023006,0.0,Two-fund 70%/30% (risk 7),7,bands
2021-09-28,2021-09-27,VWRL.L,buy,987.0661235685526,101.20902502339992,99900.0,100.0,0.0,Two-fund 100%/0% (risk 10),10,bands
